ISO-10303-21;
HEADER;
FILE_DESCRIPTION((''),'2;1');
FILE_NAME('C692484_ASM','2021-12-15T21:20:51',('\X2\83638000\X0\'),(''),
'CREO PARAMETRIC BY PTC INC, 2019080','CREO PARAMETRIC BY PTC INC, 2019080','');
FILE_SCHEMA(('CONFIG_CONTROL_DESIGN'));
ENDSEC;
DATA;
#1=DIRECTION('',(1.E0,0.E0,0.E0));
#2=VECTOR('',#1,7.999549129790E-1);
#3=CARTESIAN_POINT('',(4.399752021389E0,3.472938206496E0,2.642644273447E0));
#4=LINE('',#3,#2);
#5=DIRECTION('',(-1.E0,0.E0,0.E0));
#6=VECTOR('',#5,7.999549129790E-1);
#7=CARTESIAN_POINT('',(5.199706934368E0,3.975663817589E0,2.139918662356E0));
#8=LINE('',#7,#6);
#9=DIRECTION('',(0.E0,-1.E0,1.128444436765E-13));
#10=VECTOR('',#9,2.247119402275E0);
#11=CARTESIAN_POINT('',(4.399752021389E0,3.472938206496E0,2.642644273447E0));
#12=LINE('',#11,#10);
#13=DIRECTION('',(-1.E0,-1.523866984576E-13,0.E0));
#14=VECTOR('',#13,7.999549129790E-1);
#15=CARTESIAN_POINT('',(5.199706934368E0,1.225818804221E0,2.642644273447E0));
#16=LINE('',#15,#14);
#17=CARTESIAN_POINT('',(4.399752021389E0,4.625627184385E0,-2.557062660922E0));
#18=DIRECTION('',(1.E0,0.E0,0.E0));
#19=DIRECTION('',(0.E0,-1.E0,0.E0));
#20=AXIS2_PLACEMENT_3D('',#17,#18,#19);
#22=DIRECTION('',(0.E0,0.E0,1.E0));
#23=VECTOR('',#22,4.696981323278E0);
#24=CARTESIAN_POINT('',(4.399752021389E0,5.275590551181E0,-2.557062660922E0));
#25=LINE('',#24,#23);
#26=CARTESIAN_POINT('',(4.399752021389E0,3.472938206499E0,2.139918662356E0));
#27=DIRECTION('',(1.E0,0.E0,0.E0));
#28=DIRECTION('',(0.E0,1.E0,0.E0));
#29=AXIS2_PLACEMENT_3D('',#26,#27,#28);
#31=DIRECTION('',(0.E0,-1.E0,1.381405711557E-13));
#32=VECTOR('',#31,2.247119402275E0);
#33=CARTESIAN_POINT('',(4.399752021389E0,3.472938206496E0,3.942571007039E0));
#34=LINE('',#33,#32);
#35=DIRECTION('',(0.E0,-5.547001962251E-1,8.320502943379E-1));
#36=VECTOR('',#35,9.013370177518E-1);
#37=CARTESIAN_POINT('',(4.399752021389E0,1.225818804221E0,3.942571007039E0));
#38=LINE('',#37,#36);
#39=DIRECTION('',(0.E0,-1.E0,-3.997028156261E-14));
#40=VECTOR('',#39,5.999661847350E-1);
#41=CARTESIAN_POINT('',(4.399752021389E0,7.258469836090E-1,4.692528737957E0));
#42=LINE('',#41,#40);
#43=DIRECTION('',(0.E0,5.547001962249E-1,8.320502943381E-1));
#44=VECTOR('',#43,9.013370177527E-1);
#45=CARTESIAN_POINT('',(4.399752021389E0,7.258469836089E-1,1.892686542528E0));
#46=LINE('',#45,#44);
#47=CARTESIAN_POINT('',(4.399752021389E0,3.472938206499E0,2.139918662356E0));
#48=DIRECTION('',(-1.E0,0.E0,0.E0));
#49=DIRECTION('',(0.E0,-1.506840625286E-11,1.E0));
#50=AXIS2_PLACEMENT_3D('',#47,#48,#49);
#52=DIRECTION('',(-1.E0,0.E0,0.E0));
#53=VECTOR('',#52,7.999549129790E-1);
#54=CARTESIAN_POINT('',(5.199706934368E0,3.975663817589E0,-2.557062660922E0));
#55=LINE('',#54,#53);
#56=DIRECTION('',(1.E0,0.E0,0.E0));
#57=VECTOR('',#56,7.999549129790E-1);
#58=CARTESIAN_POINT('',(4.399752021389E0,5.275590551181E0,-2.557062660922E0));
#59=LINE('',#58,#57);
#60=DIRECTION('',(0.E0,0.E0,1.E0));
#61=VECTOR('',#60,4.696981323278E0);
#62=CARTESIAN_POINT('',(4.399752021389E0,3.975663817589E0,-2.557062660922E0));
#63=LINE('',#62,#61);
#64=CARTESIAN_POINT('',(5.199706934368E0,4.625627184385E0,-2.557062660922E0));
#65=DIRECTION('',(-1.E0,0.E0,0.E0));
#66=DIRECTION('',(0.E0,1.E0,-1.024879014426E-14));
#67=AXIS2_PLACEMENT_3D('',#64,#65,#66);
#69=DIRECTION('',(0.E0,0.E0,1.E0));
#70=VECTOR('',#69,4.696981323278E0);
#71=CARTESIAN_POINT('',(5.199706934368E0,3.975663817589E0,-2.557062660922E0));
#72=LINE('',#71,#70);
#73=CARTESIAN_POINT('',(5.199706934368E0,3.472938206499E0,2.139918662356E0));
#74=DIRECTION('',(1.E0,0.E0,0.E0));
#75=DIRECTION('',(0.E0,1.E0,0.E0));
#76=AXIS2_PLACEMENT_3D('',#73,#74,#75);
#78=DIRECTION('',(0.E0,-1.E0,1.130420696724E-13));
#79=VECTOR('',#78,2.247119402275E0);
#80=CARTESIAN_POINT('',(5.199706934368E0,3.472938206496E0,2.642644273447E0));
#81=LINE('',#80,#79);
#82=DIRECTION('',(0.E0,-5.547001962249E-1,-8.320502943381E-1));
#83=VECTOR('',#82,9.013370177527E-1);
#84=CARTESIAN_POINT('',(5.199706934368E0,1.225818804221E0,2.642644273447E0));
#85=LINE('',#84,#83);
#86=DIRECTION('',(0.E0,-1.E0,3.885999596365E-14));
#87=VECTOR('',#86,5.999661847350E-1);
#88=CARTESIAN_POINT('',(5.199706934368E0,7.258469836090E-1,1.892686542528E0));
#89=LINE('',#88,#87);
#90=DIRECTION('',(0.E0,5.547001962251E-1,-8.320502943379E-1));
#91=VECTOR('',#90,9.013370177518E-1);
#92=CARTESIAN_POINT('',(5.199706934368E0,7.258469836091E-1,4.692528737957E0));
#93=LINE('',#92,#91);
#94=CARTESIAN_POINT('',(5.199706934368E0,3.472938206499E0,2.139918662356E0));
#95=DIRECTION('',(-1.E0,0.E0,0.E0));
#96=DIRECTION('',(0.E0,-5.621780482895E-12,1.E0));
#97=AXIS2_PLACEMENT_3D('',#94,#95,#96);
#99=DIRECTION('',(-1.E0,-1.526642698574E-13,0.E0));
#100=VECTOR('',#99,7.999549129790E-1);
#101=CARTESIAN_POINT('',(5.199706934368E0,7.258469836090E-1,1.892686542528E0));
#102=LINE('',#101,#100);
#103=DIRECTION('',(0.E0,-1.E0,3.848990076400E-14));
#104=VECTOR('',#103,5.999661847349E-1);
#105=CARTESIAN_POINT('',(4.399752021389E0,7.258469836089E-1,1.892686542528E0));
#106=LINE('',#105,#104);
#107=DIRECTION('',(1.E0,0.E0,0.E0));
#108=VECTOR('',#107,7.999549129790E-1);
#109=CARTESIAN_POINT('',(4.399752021389E0,1.258807988740E-1,1.892686542528E0));
#110=LINE('',#109,#108);
#111=DIRECTION('',(1.E0,0.E0,0.E0));
#112=VECTOR('',#111,1.299926733592E1);
#113=CARTESIAN_POINT('',(-6.499633667960E0,1.258807988740E-1,
2.427795345070E-1));
#114=LINE('',#113,#112);
#115=DIRECTION('',(0.E0,0.E0,-1.E0));
#116=VECTOR('',#115,6.099656211471E0);
#117=CARTESIAN_POINT('',(-6.499633667960E0,1.258807988740E-1,6.342435745978E0));
#118=LINE('',#117,#116);
#119=DIRECTION('',(0.E0,0.E0,1.E0));
#120=VECTOR('',#119,2.799842195429E0);
#121=CARTESIAN_POINT('',(4.399752021389E0,1.258807988740E-1,1.892686542528E0));
#122=LINE('',#121,#120);
#123=DIRECTION('',(0.E0,0.E0,-1.E0));
#124=VECTOR('',#123,2.799842195429E0);
#125=CARTESIAN_POINT('',(5.199706934368E0,1.258807988740E-1,4.692528737957E0));
#126=LINE('',#125,#124);
#127=DIRECTION('',(0.E0,0.E0,1.E0));
#128=VECTOR('',#127,2.799842195429E0);
#129=CARTESIAN_POINT('',(-3.999774564900E-1,1.258807988740E-1,
1.892686542528E0));
#130=LINE('',#129,#128);
#131=DIRECTION('',(0.E0,0.E0,-1.E0));
#132=VECTOR('',#131,2.799842195429E0);
#133=CARTESIAN_POINT('',(3.999774564900E-1,1.258807988740E-1,4.692528737957E0));
#134=LINE('',#133,#132);
#135=DIRECTION('',(0.E0,0.E0,1.E0));
#136=VECTOR('',#135,2.799842195429E0);
#137=CARTESIAN_POINT('',(-5.199706934368E0,1.258807988740E-1,1.892686542528E0));
#138=LINE('',#137,#136);
#139=DIRECTION('',(0.E0,0.E0,-1.E0));
#140=VECTOR('',#139,2.799842195429E0);
#141=CARTESIAN_POINT('',(-4.399752021389E0,1.258807988740E-1,4.692528737957E0));
#142=LINE('',#141,#140);
#143=CARTESIAN_POINT('',(0.E0,-2.836227250935E0,2.427795345070E-1));
#144=DIRECTION('',(0.E0,0.E0,-1.E0));
#145=DIRECTION('',(1.E0,0.E0,0.E0));
#146=AXIS2_PLACEMENT_3D('',#143,#144,#145);
#148=DIRECTION('',(0.E0,1.E0,0.E0));
#149=VECTOR('',#148,6.049659029409E0);
#150=CARTESIAN_POINT('',(-6.499633667960E0,-5.923778230535E0,
2.427795345070E-1));
#151=LINE('',#150,#149);
#152=DIRECTION('',(0.E0,0.E0,-1.E0));
#153=VECTOR('',#152,6.099656211471E0);
#154=CARTESIAN_POINT('',(-6.499633667960E0,-5.923778230535E0,6.342435745978E0));
#155=LINE('',#154,#153);
#156=DIRECTION('',(0.E0,1.E0,0.E0));
#157=VECTOR('',#156,6.049659029409E0);
#158=CARTESIAN_POINT('',(-6.499633667960E0,-5.923778230535E0,6.342435745978E0));
#159=LINE('',#158,#157);
#160=DIRECTION('',(1.E0,0.E0,0.E0));
#161=VECTOR('',#160,1.299926733592E1);
#162=CARTESIAN_POINT('',(-6.499633667960E0,1.258807988740E-1,6.342435745978E0));
#163=LINE('',#162,#161);
#164=DIRECTION('',(0.E0,-1.E0,0.E0));
#165=VECTOR('',#164,6.049659029409E0);
#166=CARTESIAN_POINT('',(6.499633667960E0,1.258807988740E-1,6.342435745978E0));
#167=LINE('',#166,#165);
#168=DIRECTION('',(-1.E0,0.E0,0.E0));
#169=VECTOR('',#168,1.299926733592E1);
#170=CARTESIAN_POINT('',(6.499633667960E0,-5.923778230535E0,6.342435745978E0));
#171=LINE('',#170,#169);
#172=CARTESIAN_POINT('',(0.E0,-2.836227250935E0,6.342435745978E0));
#173=DIRECTION('',(0.E0,0.E0,1.E0));
#174=DIRECTION('',(-1.E0,0.E0,0.E0));
#175=AXIS2_PLACEMENT_3D('',#172,#173,#174);
#177=DIRECTION('',(0.E0,1.E0,0.E0));
#178=VECTOR('',#177,1.032341815201E0);
#179=CARTESIAN_POINT('',(6.470635302360E-1,-2.836227250935E0,6.342435745978E0));
#180=LINE('',#179,#178);
#181=DIRECTION('',(-1.E0,0.E0,0.E0));
#182=VECTOR('',#181,1.294127060472E0);
#183=CARTESIAN_POINT('',(6.470635302360E-1,-1.803885435734E0,6.342435745978E0));
#184=LINE('',#183,#182);
#185=DIRECTION('',(0.E0,-1.E0,0.E0));
#186=VECTOR('',#185,1.032341815201E0);
#187=CARTESIAN_POINT('',(-6.470635302360E-1,-1.803885435734E0,
6.342435745978E0));
#188=LINE('',#187,#186);
#189=DIRECTION('',(0.E0,1.E0,3.871588682933E-14));
#190=VECTOR('',#189,1.032341815201E0);
#191=CARTESIAN_POINT('',(-2.271071997949E0,-3.222480480949E0,6.342435745978E0));
#192=LINE('',#191,#190);
#193=DIRECTION('',(-1.E0,0.E0,0.E0));
#194=VECTOR('',#193,2.791242680115E0);
#195=CARTESIAN_POINT('',(-2.271071997949E0,-2.190138665748E0,6.342435745978E0));
#196=LINE('',#195,#194);
#197=DIRECTION('',(0.E0,-1.E0,-3.785553378868E-14));
#198=VECTOR('',#197,1.032341815201E0);
#199=CARTESIAN_POINT('',(-5.062314678064E0,-2.190138665748E0,6.342435745978E0));
#200=LINE('',#199,#198);
#201=DIRECTION('',(0.E0,1.E0,3.871588682933E-14));
#202=VECTOR('',#201,1.032341815201E0);
#203=CARTESIAN_POINT('',(5.062314678064E0,-3.222480480949E0,6.342435745978E0));
#204=LINE('',#203,#202);
#205=DIRECTION('',(-1.E0,0.E0,0.E0));
#206=VECTOR('',#205,2.791242680115E0);
#207=CARTESIAN_POINT('',(5.062314678064E0,-2.190138665748E0,6.342435745978E0));
#208=LINE('',#207,#206);
#209=DIRECTION('',(0.E0,-1.E0,-3.785553378868E-14));
#210=VECTOR('',#209,1.032341815201E0);
#211=CARTESIAN_POINT('',(2.271071997949E0,-2.190138665748E0,6.342435745978E0));
#212=LINE('',#211,#210);
#213=DIRECTION('',(0.E0,-1.E0,0.E0));
#214=VECTOR('',#213,6.049659029409E0);
#215=CARTESIAN_POINT('',(6.499633667960E0,1.258807988740E-1,2.427795345070E-1));
#216=LINE('',#215,#214);
#217=DIRECTION('',(0.E0,0.E0,-1.E0));
#218=VECTOR('',#217,6.099656211471E0);
#219=CARTESIAN_POINT('',(6.499633667960E0,1.258807988740E-1,6.342435745978E0));
#220=LINE('',#219,#218);
#221=DIRECTION('',(-1.E0,0.E0,0.E0));
#222=VECTOR('',#221,1.299926733592E1);
#223=CARTESIAN_POINT('',(6.499633667960E0,-5.923778230535E0,2.427795345070E-1));
#224=LINE('',#223,#222);
#225=DIRECTION('',(0.E0,0.E0,-1.E0));
#226=VECTOR('',#225,6.099656211471E0);
#227=CARTESIAN_POINT('',(6.499633667960E0,-5.923778230535E0,6.342435745978E0));
#228=LINE('',#227,#226);
#229=DIRECTION('',(1.E0,0.E0,0.E0));
#230=VECTOR('',#229,9.525381766302E0);
#231=CARTESIAN_POINT('',(-4.762690883151E0,-5.923778230535E0,5.555166391756E0));
#232=LINE('',#231,#230);
#233=DIRECTION('',(0.E0,1.E0,0.E0));
#234=VECTOR('',#233,1.999887282500E-2);
#235=CARTESIAN_POINT('',(-4.762690883151E0,-5.943777103360E0,5.555166391756E0));
#236=LINE('',#235,#234);
#237=DIRECTION('',(0.E0,0.E0,-1.E0));
#238=VECTOR('',#237,4.493104606745E0);
#239=CARTESIAN_POINT('',(4.762690883151E0,-5.923778230535E0,5.555166391756E0));
#240=LINE('',#239,#238);
#241=DIRECTION('',(0.E0,1.E0,0.E0));
#242=VECTOR('',#241,1.999887282500E-2);
#243=CARTESIAN_POINT('',(4.762690883151E0,-5.943777103360E0,5.555166391756E0));
#244=LINE('',#243,#242);
#245=DIRECTION('',(-1.E0,0.E0,0.E0));
#246=VECTOR('',#245,9.525381766302E0);
#247=CARTESIAN_POINT('',(4.762690883151E0,-5.923778230535E0,1.062061785011E0));
#248=LINE('',#247,#246);
#249=DIRECTION('',(0.E0,1.E0,0.E0));
#250=VECTOR('',#249,1.999887282500E-2);
#251=CARTESIAN_POINT('',(4.762690883151E0,-5.943777103360E0,1.062061785011E0));
#252=LINE('',#251,#250);
#253=DIRECTION('',(0.E0,0.E0,1.E0));
#254=VECTOR('',#253,4.493104606745E0);
#255=CARTESIAN_POINT('',(-4.762690883151E0,-5.923778230535E0,1.062061785011E0));
#256=LINE('',#255,#254);
#257=DIRECTION('',(0.E0,1.E0,0.E0));
#258=VECTOR('',#257,1.999887282500E-2);
#259=CARTESIAN_POINT('',(-4.762690883151E0,-5.943777103360E0,1.062061785011E0));
#260=LINE('',#259,#258);
#261=DIRECTION('',(1.E0,0.E0,0.E0));
#262=VECTOR('',#261,9.525381766302E0);
#263=CARTESIAN_POINT('',(-4.762690883151E0,-5.943777103360E0,5.555166391756E0));
#264=LINE('',#263,#262);
#265=DIRECTION('',(0.E0,0.E0,-1.E0));
#266=VECTOR('',#265,4.493104606745E0);
#267=CARTESIAN_POINT('',(4.762690883151E0,-5.943777103360E0,5.555166391756E0));
#268=LINE('',#267,#266);
#269=DIRECTION('',(-1.E0,0.E0,0.E0));
#270=VECTOR('',#269,9.525381766302E0);
#271=CARTESIAN_POINT('',(4.762690883151E0,-5.943777103360E0,1.062061785011E0));
#272=LINE('',#271,#270);
#273=DIRECTION('',(0.E0,0.E0,1.E0));
#274=VECTOR('',#273,4.493104606745E0);
#275=CARTESIAN_POINT('',(-4.762690883151E0,-5.943777103360E0,1.062061785011E0));
#276=LINE('',#275,#274);
#277=DIRECTION('',(0.E0,1.E0,0.E0));
#278=VECTOR('',#277,4.510842555230E0);
#279=CARTESIAN_POINT('',(-7.999549129800E-1,-1.045461965859E1,
1.292720357793E0));
#280=LINE('',#279,#278);
#281=DIRECTION('',(0.E0,0.E0,1.E0));
#282=VECTOR('',#281,3.999774564899E0);
#283=CARTESIAN_POINT('',(-7.999549129800E-1,-5.943777103360E0,
1.292720357793E0));
#284=LINE('',#283,#282);
#285=DIRECTION('',(0.E0,0.E0,1.E0));
#286=VECTOR('',#285,3.999774564899E0);
#287=CARTESIAN_POINT('',(-7.999549129800E-1,-1.045461965859E1,
1.292720357793E0));
#288=LINE('',#287,#286);
#289=DIRECTION('',(0.E0,0.E0,-1.E0));
#290=VECTOR('',#289,3.999774564899E0);
#291=CARTESIAN_POINT('',(-5.795673344501E-1,-1.062291337811E1,
5.292494922692E0));
#292=LINE('',#291,#290);
#293=DIRECTION('',(-7.947717269705E-1,6.069084791040E-1,0.E0));
#294=VECTOR('',#293,2.772967017461E-1);
#295=CARTESIAN_POINT('',(-5.795673344501E-1,-1.062291337811E1,
5.292494922692E0));
#296=LINE('',#295,#294);
#297=DIRECTION('',(0.E0,1.E0,0.E0));
#298=VECTOR('',#297,4.510842555230E0);
#299=CARTESIAN_POINT('',(-7.999549129800E-1,-1.045461965859E1,
5.292494922692E0));
#300=LINE('',#299,#298);
#301=DIRECTION('',(1.E0,0.E0,0.E0));
#302=VECTOR('',#301,3.999774564899E0);
#303=CARTESIAN_POINT('',(-7.999549129800E-1,-5.943777103360E0,
5.292494922692E0));
#304=LINE('',#303,#302);
#305=DIRECTION('',(-9.423609269697E-1,-3.345980922252E-1,0.E0));
#306=VECTOR('',#305,4.800437818938E-1);
#307=CARTESIAN_POINT('',(3.199819651920E0,-1.055402952348E1,5.292494922692E0));
#308=LINE('',#307,#306);
#309=DIRECTION('',(-3.900385802808E-1,-9.207985153618E-1,0.E0));
#310=VECTOR('',#309,4.982969479356E-1);
#311=CARTESIAN_POINT('',(2.747445148628E0,-1.071465125709E1,5.292494922692E0));
#312=LINE('',#311,#310);
#313=DIRECTION('',(-6.626906326848E-1,7.488932669959E-1,0.E0));
#314=VECTOR('',#313,7.454580772735E-1);
#315=CARTESIAN_POINT('',(2.553090114497E0,-1.117348234696E1,5.292494922692E0));
#316=LINE('',#315,#314);
#317=DIRECTION('',(-4.377796552247E-1,-8.990822951607E-1,0.E0));
#318=VECTOR('',#317,6.209315186221E-1);
#319=CARTESIAN_POINT('',(2.059082029629E0,-1.061521381206E1,5.292494922692E0));
#320=LINE('',#319,#318);
#321=DIRECTION('',(-4.741727266218E-1,8.804318402511E-1,0.E0));
#322=VECTOR('',#321,6.519160528065E-1);
#323=CARTESIAN_POINT('',(1.787250843488E0,-1.117348234696E1,5.292494922692E0));
#324=LINE('',#323,#322);
#325=DIRECTION('',(-6.640293134982E-1,-7.477065405726E-1,0.E0));
#326=VECTOR('',#325,7.676375943170E-1);
#327=CARTESIAN_POINT('',(1.478130031200E0,-1.059951469690E1,5.292494922692E0));
#328=LINE('',#327,#326);
#329=DIRECTION('',(-4.741727266202E-1,8.804318402520E-1,0.E0));
#330=VECTOR('',#329,5.385689760310E-1);
#331=CARTESIAN_POINT('',(9.683961664306E-1,-1.117348234696E1,5.292494922692E0));
#332=LINE('',#331,#330);
#333=DIRECTION('',(-4.377796552253E-1,-8.990822951603E-1,0.E0));
#334=VECTOR('',#333,5.273969660210E-1);
#335=CARTESIAN_POINT('',(7.130214465929E-1,-1.069930907229E1,5.292494922692E0));
#336=LINE('',#335,#334);
#337=DIRECTION('',(-4.741727266217E-1,8.804318402512E-1,0.E0));
#338=VECTOR('',#337,7.081352942931E-1);
#339=CARTESIAN_POINT('',(4.821377846414E-1,-1.117348234696E1,5.292494922692E0));
#340=LINE('',#339,#338);
#341=DIRECTION('',(-3.900385802814E-1,-9.207985153616E-1,0.E0));
#342=VECTOR('',#341,6.770915133976E-1);
#343=CARTESIAN_POINT('',(1.463593413293E-1,-1.055001748666E1,5.292494922692E0));
#344=LINE('',#343,#342);
#345=DIRECTION('',(-6.426672717784E-1,7.661454025085E-1,0.E0));
#346=VECTOR('',#345,7.186220357779E-1);
#347=CARTESIAN_POINT('',(-1.177324712768E-1,-1.117348234696E1,
5.292494922692E0));
#348=LINE('',#347,#346);
#349=DIRECTION('',(-1.379394641667E-13,1.E0,0.E0));
#350=VECTOR('',#349,4.610252420124E0);
#351=CARTESIAN_POINT('',(3.199819651920E0,-1.055402952348E1,5.292494922692E0));
#352=LINE('',#351,#350);
#353=DIRECTION('',(0.E0,0.E0,-1.E0));
#354=VECTOR('',#353,3.999774564899E0);
#355=CARTESIAN_POINT('',(3.199819651919E0,-5.943777103360E0,5.292494922692E0));
#356=LINE('',#355,#354);
#357=DIRECTION('',(0.E0,0.E0,-1.E0));
#358=VECTOR('',#357,3.999774564899E0);
#359=CARTESIAN_POINT('',(3.199819651920E0,-1.055402952348E1,5.292494922692E0));
#360=LINE('',#359,#358);
#361=DIRECTION('',(7.947717269705E-1,-6.069084791040E-1,0.E0));
#362=VECTOR('',#361,2.772967017461E-1);
#363=CARTESIAN_POINT('',(-7.999549129800E-1,-1.045461965859E1,
1.292720357793E0));
#364=LINE('',#363,#362);
#365=DIRECTION('',(6.426672717784E-1,-7.661454025085E-1,0.E0));
#366=VECTOR('',#365,7.186220357779E-1);
#367=CARTESIAN_POINT('',(-5.795673344501E-1,-1.062291337811E1,
1.292720357793E0));
#368=LINE('',#367,#366);
#369=DIRECTION('',(3.900385802814E-1,9.207985153616E-1,0.E0));
#370=VECTOR('',#369,6.770915133976E-1);
#371=CARTESIAN_POINT('',(-1.177324712768E-1,-1.117348234696E1,
1.292720357793E0));
#372=LINE('',#371,#370);
#373=DIRECTION('',(4.741727266217E-1,-8.804318402512E-1,0.E0));
#374=VECTOR('',#373,7.081352942931E-1);
#375=CARTESIAN_POINT('',(1.463593413293E-1,-1.055001748666E1,1.292720357793E0));
#376=LINE('',#375,#374);
#377=DIRECTION('',(4.377796552253E-1,8.990822951603E-1,0.E0));
#378=VECTOR('',#377,5.273969660210E-1);
#379=CARTESIAN_POINT('',(4.821377846414E-1,-1.117348234696E1,1.292720357793E0));
#380=LINE('',#379,#378);
#381=DIRECTION('',(4.741727266202E-1,-8.804318402520E-1,0.E0));
#382=VECTOR('',#381,5.385689760310E-1);
#383=CARTESIAN_POINT('',(7.130214465929E-1,-1.069930907229E1,1.292720357793E0));
#384=LINE('',#383,#382);
#385=DIRECTION('',(6.640293134982E-1,7.477065405726E-1,0.E0));
#386=VECTOR('',#385,7.676375943170E-1);
#387=CARTESIAN_POINT('',(9.683961664306E-1,-1.117348234696E1,1.292720357793E0));
#388=LINE('',#387,#386);
#389=DIRECTION('',(4.741727266218E-1,-8.804318402511E-1,0.E0));
#390=VECTOR('',#389,6.519160528065E-1);
#391=CARTESIAN_POINT('',(1.478130031200E0,-1.059951469690E1,1.292720357793E0));
#392=LINE('',#391,#390);
#393=DIRECTION('',(4.377796552247E-1,8.990822951607E-1,0.E0));
#394=VECTOR('',#393,6.209315186221E-1);
#395=CARTESIAN_POINT('',(1.787250843488E0,-1.117348234696E1,1.292720357793E0));
#396=LINE('',#395,#394);
#397=DIRECTION('',(6.626906326848E-1,-7.488932669959E-1,0.E0));
#398=VECTOR('',#397,7.454580772735E-1);
#399=CARTESIAN_POINT('',(2.059082029629E0,-1.061521381206E1,1.292720357793E0));
#400=LINE('',#399,#398);
#401=DIRECTION('',(3.900385802808E-1,9.207985153618E-1,0.E0));
#402=VECTOR('',#401,4.982969479356E-1);
#403=CARTESIAN_POINT('',(2.553090114497E0,-1.117348234696E1,1.292720357793E0));
#404=LINE('',#403,#402);
#405=DIRECTION('',(9.423609269697E-1,3.345980922252E-1,0.E0));
#406=VECTOR('',#405,4.800437818938E-1);
#407=CARTESIAN_POINT('',(2.747445148628E0,-1.071465125709E1,1.292720357793E0));
#408=LINE('',#407,#406);
#409=DIRECTION('',(-1.379394641667E-13,1.E0,0.E0));
#410=VECTOR('',#409,4.610252420124E0);
#411=CARTESIAN_POINT('',(3.199819651920E0,-1.055402952348E1,1.292720357793E0));
#412=LINE('',#411,#410);
#413=DIRECTION('',(-1.E0,0.E0,0.E0));
#414=VECTOR('',#413,3.999774564899E0);
#415=CARTESIAN_POINT('',(3.199819651919E0,-5.943777103360E0,1.292720357793E0));
#416=LINE('',#415,#414);
#417=DIRECTION('',(0.E0,0.E0,-1.E0));
#418=VECTOR('',#417,3.999774564899E0);
#419=CARTESIAN_POINT('',(-1.177324712768E-1,-1.117348234696E1,
5.292494922692E0));
#420=LINE('',#419,#418);
#421=DIRECTION('',(0.E0,0.E0,-1.E0));
#422=VECTOR('',#421,3.999774564899E0);
#423=CARTESIAN_POINT('',(1.463593413293E-1,-1.055001748666E1,5.292494922692E0));
#424=LINE('',#423,#422);
#425=DIRECTION('',(0.E0,0.E0,-1.E0));
#426=VECTOR('',#425,3.999774564899E0);
#427=CARTESIAN_POINT('',(4.821377846414E-1,-1.117348234696E1,5.292494922692E0));
#428=LINE('',#427,#426);
#429=DIRECTION('',(0.E0,0.E0,-1.E0));
#430=VECTOR('',#429,3.999774564899E0);
#431=CARTESIAN_POINT('',(7.130214465929E-1,-1.069930907229E1,5.292494922692E0));
#432=LINE('',#431,#430);
#433=DIRECTION('',(0.E0,0.E0,-1.E0));
#434=VECTOR('',#433,3.999774564899E0);
#435=CARTESIAN_POINT('',(9.683961664306E-1,-1.117348234696E1,5.292494922692E0));
#436=LINE('',#435,#434);
#437=DIRECTION('',(0.E0,0.E0,-1.E0));
#438=VECTOR('',#437,3.999774564899E0);
#439=CARTESIAN_POINT('',(1.478130031200E0,-1.059951469690E1,5.292494922692E0));
#440=LINE('',#439,#438);
#441=DIRECTION('',(0.E0,0.E0,-1.E0));
#442=VECTOR('',#441,3.999774564899E0);
#443=CARTESIAN_POINT('',(1.787250843488E0,-1.117348234696E1,5.292494922692E0));
#444=LINE('',#443,#442);
#445=DIRECTION('',(0.E0,0.E0,-1.E0));
#446=VECTOR('',#445,3.999774564899E0);
#447=CARTESIAN_POINT('',(2.059082029629E0,-1.061521381206E1,5.292494922692E0));
#448=LINE('',#447,#446);
#449=DIRECTION('',(0.E0,0.E0,-1.E0));
#450=VECTOR('',#449,3.999774564899E0);
#451=CARTESIAN_POINT('',(2.553090114497E0,-1.117348234696E1,5.292494922692E0));
#452=LINE('',#451,#450);
#453=DIRECTION('',(0.E0,0.E0,-1.E0));
#454=VECTOR('',#453,3.999774564899E0);
#455=CARTESIAN_POINT('',(2.747445148628E0,-1.071465125709E1,5.292494922692E0));
#456=LINE('',#455,#454);
#457=DIRECTION('',(0.E0,0.E0,1.E0));
#458=VECTOR('',#457,2.499859103060E-1);
#459=CARTESIAN_POINT('',(6.470635302360E-1,-2.836227250935E0,6.342435745978E0));
#460=LINE('',#459,#458);
#461=DIRECTION('',(0.E0,0.E0,-1.E0));
#462=VECTOR('',#461,2.499859103060E-1);
#463=CARTESIAN_POINT('',(-6.470635302360E-1,-2.836227250935E0,
6.592421656284E0));
#464=LINE('',#463,#462);
#465=CARTESIAN_POINT('',(0.E0,-2.836227250935E0,6.592421656284E0));
#466=DIRECTION('',(0.E0,0.E0,-1.E0));
#467=DIRECTION('',(1.E0,0.E0,0.E0));
#468=AXIS2_PLACEMENT_3D('',#465,#466,#467);
#470=DIRECTION('',(0.E0,-1.E0,0.E0));
#471=VECTOR('',#470,1.032341815201E0);
#472=CARTESIAN_POINT('',(-6.470635302360E-1,-1.803885435734E0,
6.592421656284E0));
#473=LINE('',#472,#471);
#474=DIRECTION('',(0.E0,0.E0,-1.E0));
#475=VECTOR('',#474,2.499859103060E-1);
#476=CARTESIAN_POINT('',(-6.470635302360E-1,-1.803885435734E0,
6.592421656284E0));
#477=LINE('',#476,#475);
#478=DIRECTION('',(-1.E0,0.E0,0.E0));
#479=VECTOR('',#478,1.294127060472E0);
#480=CARTESIAN_POINT('',(6.470635302360E-1,-1.803885435734E0,6.592421656284E0));
#481=LINE('',#480,#479);
#482=DIRECTION('',(0.E0,1.E0,0.E0));
#483=VECTOR('',#482,1.032341815201E0);
#484=CARTESIAN_POINT('',(6.470635302360E-1,-2.836227250935E0,6.592421656284E0));
#485=LINE('',#484,#483);
#486=DIRECTION('',(0.E0,0.E0,-1.E0));
#487=VECTOR('',#486,2.499859103060E-1);
#488=CARTESIAN_POINT('',(6.470635302360E-1,-1.803885435734E0,6.592421656284E0));
#489=LINE('',#488,#487);
#490=DIRECTION('',(-1.E0,2.959276655540E-14,0.E0));
#491=VECTOR('',#490,2.791242680115E0);
#492=CARTESIAN_POINT('',(-2.271071997949E0,-3.222480480949E0,6.342435745978E0));
#493=LINE('',#492,#491);
#494=DIRECTION('',(0.E0,9.417419115949E-1,3.363363969980E-1));
#495=VECTOR('',#494,7.432615456943E-1);
#496=CARTESIAN_POINT('',(-2.271071997949E0,-3.222480480949E0,6.342435745978E0));
#497=LINE('',#496,#495);
#498=DIRECTION('',(0.E0,1.E0,1.950682279759E-13));
#499=VECTOR('',#498,3.323812663440E-1);
#500=CARTESIAN_POINT('',(-2.271071997949E0,-2.522519932092E0,6.592421656284E0));
#501=LINE('',#500,#499);
#502=DIRECTION('',(0.E0,0.E0,-1.E0));
#503=VECTOR('',#502,2.499859103060E-1);
#504=CARTESIAN_POINT('',(-2.271071997949E0,-2.190138665748E0,6.592421656284E0));
#505=LINE('',#504,#503);
#506=DIRECTION('',(-1.E0,2.943366565994E-14,0.E0));
#507=VECTOR('',#506,2.791242680115E0);
#508=CARTESIAN_POINT('',(-2.271071997949E0,-2.522519932092E0,6.592421656284E0));
#509=LINE('',#508,#507);
#510=DIRECTION('',(0.E0,-9.417419115949E-1,-3.363363969980E-1));
#511=VECTOR('',#510,7.432615456943E-1);
#512=CARTESIAN_POINT('',(-5.062314678064E0,-2.522519932092E0,6.592421656284E0));
#513=LINE('',#512,#511);
#514=DIRECTION('',(0.E0,-1.E0,-1.950682279760E-13));
#515=VECTOR('',#514,3.323812663439E-1);
#516=CARTESIAN_POINT('',(-5.062314678064E0,-2.190138665748E0,6.592421656284E0));
#517=LINE('',#516,#515);
#518=DIRECTION('',(0.E0,0.E0,-1.E0));
#519=VECTOR('',#518,2.499859103060E-1);
#520=CARTESIAN_POINT('',(-5.062314678064E0,-2.190138665748E0,6.592421656284E0));
#521=LINE('',#520,#519);
#522=DIRECTION('',(-1.E0,0.E0,0.E0));
#523=VECTOR('',#522,2.791242680115E0);
#524=CARTESIAN_POINT('',(-2.271071997949E0,-2.190138665748E0,6.592421656284E0));
#525=LINE('',#524,#523);
#526=DIRECTION('',(-1.E0,2.959276655540E-14,0.E0));
#527=VECTOR('',#526,2.791242680115E0);
#528=CARTESIAN_POINT('',(5.062314678064E0,-3.222480480949E0,6.342435745978E0));
#529=LINE('',#528,#527);
#530=DIRECTION('',(0.E0,9.417419115949E-1,3.363363969980E-1));
#531=VECTOR('',#530,7.432615456943E-1);
#532=CARTESIAN_POINT('',(5.062314678064E0,-3.222480480949E0,6.342435745978E0));
#533=LINE('',#532,#531);
#534=DIRECTION('',(0.E0,1.E0,1.950682279759E-13));
#535=VECTOR('',#534,3.323812663440E-1);
#536=CARTESIAN_POINT('',(5.062314678064E0,-2.522519932092E0,6.592421656284E0));
#537=LINE('',#536,#535);
#538=DIRECTION('',(0.E0,0.E0,-1.E0));
#539=VECTOR('',#538,2.499859103060E-1);
#540=CARTESIAN_POINT('',(5.062314678064E0,-2.190138665748E0,6.592421656284E0));
#541=LINE('',#540,#539);
#542=DIRECTION('',(-1.E0,2.943366565994E-14,0.E0));
#543=VECTOR('',#542,2.791242680115E0);
#544=CARTESIAN_POINT('',(5.062314678064E0,-2.522519932092E0,6.592421656284E0));
#545=LINE('',#544,#543);
#546=DIRECTION('',(0.E0,-9.417419115949E-1,-3.363363969980E-1));
#547=VECTOR('',#546,7.432615456943E-1);
#548=CARTESIAN_POINT('',(2.271071997949E0,-2.522519932092E0,6.592421656284E0));
#549=LINE('',#548,#547);
#550=DIRECTION('',(0.E0,-1.E0,-1.950682279760E-13));
#551=VECTOR('',#550,3.323812663439E-1);
#552=CARTESIAN_POINT('',(2.271071997949E0,-2.190138665748E0,6.592421656284E0));
#553=LINE('',#552,#551);
#554=DIRECTION('',(-1.E0,0.E0,0.E0));
#555=VECTOR('',#554,2.791242680115E0);
#556=CARTESIAN_POINT('',(5.062314678064E0,-2.190138665748E0,6.592421656284E0));
#557=LINE('',#556,#555);
#558=DIRECTION('',(0.E0,0.E0,-1.E0));
#559=VECTOR('',#558,2.499859103060E-1);
#560=CARTESIAN_POINT('',(2.271071997949E0,-2.190138665748E0,6.592421656284E0));
#561=LINE('',#560,#559);
#562=DIRECTION('',(0.E0,0.E0,-1.E0));
#563=VECTOR('',#562,2.499859103058E-1);
#564=CARTESIAN_POINT('',(-6.470635302360E-1,-2.836227250935E0,
2.427795345070E-1));
#565=LINE('',#564,#563);
#566=DIRECTION('',(0.E0,0.E0,1.E0));
#567=VECTOR('',#566,2.499859103058E-1);
#568=CARTESIAN_POINT('',(6.470635302360E-1,-2.836227250935E0,
-7.206375798770E-3));
#569=LINE('',#568,#567);
#570=DIRECTION('',(0.E0,-1.E0,0.E0));
#571=VECTOR('',#570,1.032341815201E0);
#572=CARTESIAN_POINT('',(-6.470635302360E-1,-1.803885435734E0,
2.427795345070E-1));
#573=LINE('',#572,#571);
#574=DIRECTION('',(0.E0,0.E0,1.E0));
#575=VECTOR('',#574,2.499859103058E-1);
#576=CARTESIAN_POINT('',(-6.470635302360E-1,-1.803885435734E0,
-7.206375798770E-3));
#577=LINE('',#576,#575);
#578=CARTESIAN_POINT('',(0.E0,-2.836227250935E0,-7.206375798770E-3));
#579=DIRECTION('',(0.E0,0.E0,1.E0));
#580=DIRECTION('',(-1.E0,0.E0,0.E0));
#581=AXIS2_PLACEMENT_3D('',#578,#579,#580);
#583=DIRECTION('',(0.E0,1.E0,0.E0));
#584=VECTOR('',#583,1.032341815201E0);
#585=CARTESIAN_POINT('',(6.470635302360E-1,-2.836227250935E0,
-7.206375798770E-3));
#586=LINE('',#585,#584);
#587=DIRECTION('',(-1.E0,0.E0,0.E0));
#588=VECTOR('',#587,1.294127060472E0);
#589=CARTESIAN_POINT('',(6.470635302360E-1,-1.803885435734E0,
-7.206375798770E-3));
#590=LINE('',#589,#588);
#591=DIRECTION('',(0.E0,-1.E0,0.E0));
#592=VECTOR('',#591,1.032341815201E0);
#593=CARTESIAN_POINT('',(-6.470635302360E-1,-1.803885435734E0,
-7.206375798770E-3));
#594=LINE('',#593,#592);
#595=DIRECTION('',(0.E0,1.E0,0.E0));
#596=VECTOR('',#595,1.032341815201E0);
#597=CARTESIAN_POINT('',(6.470635302360E-1,-2.836227250935E0,
2.427795345070E-1));
#598=LINE('',#597,#596);
#599=DIRECTION('',(-1.E0,0.E0,0.E0));
#600=VECTOR('',#599,1.294127060472E0);
#601=CARTESIAN_POINT('',(6.470635302360E-1,-1.803885435734E0,
2.427795345070E-1));
#602=LINE('',#601,#600);
#603=DIRECTION('',(0.E0,0.E0,1.E0));
#604=VECTOR('',#603,2.499859103058E-1);
#605=CARTESIAN_POINT('',(6.470635302360E-1,-1.803885435734E0,
-7.206375798770E-3));
#606=LINE('',#605,#604);
#607=DIRECTION('',(1.E0,-4.741206684682E-14,0.E0));
#608=VECTOR('',#607,2.791242680115E0);
#609=CARTESIAN_POINT('',(-5.062314678064E0,-3.222480480949E0,
2.427795345070E-1));
#610=LINE('',#609,#608);
#611=DIRECTION('',(0.E0,9.417419115949E-1,-3.363363969979E-1));
#612=VECTOR('',#611,7.432615456940E-1);
#613=CARTESIAN_POINT('',(-5.062314678064E0,-3.222480480949E0,
2.427795345070E-1));
#614=LINE('',#613,#612);
#615=DIRECTION('',(0.E0,0.E0,1.E0));
#616=VECTOR('',#615,2.499859103058E-1);
#617=CARTESIAN_POINT('',(-5.062314678064E0,-2.190138665748E0,
-7.206375798770E-3));
#618=LINE('',#617,#616);
#619=DIRECTION('',(0.E0,-1.E0,3.860834269925E-14));
#620=VECTOR('',#619,1.032341815201E0);
#621=CARTESIAN_POINT('',(-5.062314678064E0,-2.190138665748E0,
2.427795345070E-1));
#622=LINE('',#621,#620);
#623=DIRECTION('',(1.E0,-4.773026863774E-14,0.E0));
#624=VECTOR('',#623,2.791242680115E0);
#625=CARTESIAN_POINT('',(-5.062314678064E0,-2.522519932092E0,
-7.206375798772E-3));
#626=LINE('',#625,#624);
#627=DIRECTION('',(0.E0,1.E0,0.E0));
#628=VECTOR('',#627,3.323812663441E-1);
#629=CARTESIAN_POINT('',(-2.271071997949E0,-2.522519932092E0,
-7.206375798772E-3));
#630=LINE('',#629,#628);
#631=DIRECTION('',(-1.E0,0.E0,0.E0));
#632=VECTOR('',#631,2.791242680115E0);
#633=CARTESIAN_POINT('',(-2.271071997949E0,-2.190138665748E0,
-7.206375798770E-3));
#634=LINE('',#633,#632);
#635=DIRECTION('',(0.E0,-1.E0,0.E0));
#636=VECTOR('',#635,3.323812663440E-1);
#637=CARTESIAN_POINT('',(-5.062314678064E0,-2.190138665748E0,
-7.206375798770E-3));
#638=LINE('',#637,#636);
#639=DIRECTION('',(0.E0,-9.417419115949E-1,3.363363969979E-1));
#640=VECTOR('',#639,7.432615456940E-1);
#641=CARTESIAN_POINT('',(-2.271071997949E0,-2.522519932092E0,
-7.206375798772E-3));
#642=LINE('',#641,#640);
#643=DIRECTION('',(0.E0,1.E0,-3.860834269925E-14));
#644=VECTOR('',#643,1.032341815201E0);
#645=CARTESIAN_POINT('',(-2.271071997949E0,-3.222480480949E0,
2.427795345070E-1));
#646=LINE('',#645,#644);
#647=DIRECTION('',(-1.E0,0.E0,0.E0));
#648=VECTOR('',#647,2.791242680115E0);
#649=CARTESIAN_POINT('',(-2.271071997949E0,-2.190138665748E0,
2.427795345070E-1));
#650=LINE('',#649,#648);
#651=DIRECTION('',(0.E0,0.E0,1.E0));
#652=VECTOR('',#651,2.499859103058E-1);
#653=CARTESIAN_POINT('',(-2.271071997949E0,-2.190138665748E0,
-7.206375798770E-3));
#654=LINE('',#653,#652);
#655=DIRECTION('',(1.E0,-4.741206684682E-14,0.E0));
#656=VECTOR('',#655,2.791242680115E0);
#657=CARTESIAN_POINT('',(2.271071997949E0,-3.222480480949E0,2.427795345070E-1));
#658=LINE('',#657,#656);
#659=DIRECTION('',(0.E0,9.417419115949E-1,-3.363363969979E-1));
#660=VECTOR('',#659,7.432615456940E-1);
#661=CARTESIAN_POINT('',(2.271071997949E0,-3.222480480949E0,2.427795345070E-1));
#662=LINE('',#661,#660);
#663=DIRECTION('',(0.E0,0.E0,1.E0));
#664=VECTOR('',#663,2.499859103058E-1);
#665=CARTESIAN_POINT('',(2.271071997949E0,-2.190138665748E0,
-7.206375798770E-3));
#666=LINE('',#665,#664);
#667=DIRECTION('',(0.E0,-1.E0,3.860834269925E-14));
#668=VECTOR('',#667,1.032341815201E0);
#669=CARTESIAN_POINT('',(2.271071997949E0,-2.190138665748E0,2.427795345070E-1));
#670=LINE('',#669,#668);
#671=DIRECTION('',(1.E0,-4.773026863774E-14,0.E0));
#672=VECTOR('',#671,2.791242680115E0);
#673=CARTESIAN_POINT('',(2.271071997949E0,-2.522519932092E0,
-7.206375798772E-3));
#674=LINE('',#673,#672);
#675=DIRECTION('',(0.E0,1.E0,0.E0));
#676=VECTOR('',#675,3.323812663441E-1);
#677=CARTESIAN_POINT('',(5.062314678064E0,-2.522519932092E0,
-7.206375798772E-3));
#678=LINE('',#677,#676);
#679=DIRECTION('',(-1.E0,0.E0,0.E0));
#680=VECTOR('',#679,2.791242680115E0);
#681=CARTESIAN_POINT('',(5.062314678064E0,-2.190138665748E0,
-7.206375798770E-3));
#682=LINE('',#681,#680);
#683=DIRECTION('',(0.E0,-1.E0,0.E0));
#684=VECTOR('',#683,3.323812663440E-1);
#685=CARTESIAN_POINT('',(2.271071997949E0,-2.190138665748E0,
-7.206375798770E-3));
#686=LINE('',#685,#684);
#687=DIRECTION('',(0.E0,-9.417419115949E-1,3.363363969979E-1));
#688=VECTOR('',#687,7.432615456940E-1);
#689=CARTESIAN_POINT('',(5.062314678064E0,-2.522519932092E0,
-7.206375798772E-3));
#690=LINE('',#689,#688);
#691=DIRECTION('',(0.E0,1.E0,-3.860834269925E-14));
#692=VECTOR('',#691,1.032341815201E0);
#693=CARTESIAN_POINT('',(5.062314678064E0,-3.222480480949E0,2.427795345070E-1));
#694=LINE('',#693,#692);
#695=DIRECTION('',(-1.E0,0.E0,0.E0));
#696=VECTOR('',#695,2.791242680115E0);
#697=CARTESIAN_POINT('',(5.062314678064E0,-2.190138665748E0,2.427795345070E-1));
#698=LINE('',#697,#696);
#699=DIRECTION('',(0.E0,0.E0,1.E0));
#700=VECTOR('',#699,2.499859103058E-1);
#701=CARTESIAN_POINT('',(5.062314678064E0,-2.190138665748E0,
-7.206375798770E-3));
#702=LINE('',#701,#700);
#703=DIRECTION('',(1.E0,1.251847012831E-13,0.E0));
#704=VECTOR('',#703,7.999549129790E-1);
#705=CARTESIAN_POINT('',(4.399752021389E0,7.258469836090E-1,4.692528737957E0));
#706=LINE('',#705,#704);
#707=DIRECTION('',(0.E0,-1.E0,-3.997028156260E-14));
#708=VECTOR('',#707,5.999661847351E-1);
#709=CARTESIAN_POINT('',(5.199706934368E0,7.258469836091E-1,4.692528737957E0));
#710=LINE('',#709,#708);
#711=DIRECTION('',(-1.E0,0.E0,0.E0));
#712=VECTOR('',#711,7.999549129790E-1);
#713=CARTESIAN_POINT('',(5.199706934368E0,1.258807988740E-1,4.692528737957E0));
#714=LINE('',#713,#712);
#715=DIRECTION('',(1.E0,1.254622726828E-13,0.E0));
#716=VECTOR('',#715,7.999549129790E-1);
#717=CARTESIAN_POINT('',(4.399752021389E0,1.225818804221E0,3.942571007039E0));
#718=LINE('',#717,#716);
#719=DIRECTION('',(0.E0,-1.E0,1.381405711557E-13));
#720=VECTOR('',#719,2.247119402275E0);
#721=CARTESIAN_POINT('',(5.199706934368E0,3.472938206496E0,3.942571007039E0));
#722=LINE('',#721,#720);
#723=DIRECTION('',(1.E0,0.E0,0.E0));
#724=VECTOR('',#723,7.999549129790E-1);
#725=CARTESIAN_POINT('',(4.399752021389E0,3.472938206496E0,3.942571007039E0));
#726=LINE('',#725,#724);
#727=DIRECTION('',(-1.E0,0.E0,0.E0));
#728=VECTOR('',#727,7.999549129790E-1);
#729=CARTESIAN_POINT('',(5.199706934368E0,5.275590551181E0,2.139918662356E0));
#730=LINE('',#729,#728);
#731=DIRECTION('',(0.E0,0.E0,1.E0));
#732=VECTOR('',#731,4.696981323278E0);
#733=CARTESIAN_POINT('',(5.199706934368E0,5.275590551181E0,-2.557062660922E0));
#734=LINE('',#733,#732);
#735=CARTESIAN_POINT('',(-3.999774564900E-1,4.625627184385E0,
-2.557062660922E0));
#736=DIRECTION('',(1.E0,0.E0,0.E0));
#737=DIRECTION('',(0.E0,-1.E0,0.E0));
#738=AXIS2_PLACEMENT_3D('',#735,#736,#737);
#740=DIRECTION('',(0.E0,0.E0,1.E0));
#741=VECTOR('',#740,4.696981323278E0);
#742=CARTESIAN_POINT('',(-3.999774564900E-1,5.275590551181E0,
-2.557062660922E0));
#743=LINE('',#742,#741);
#744=CARTESIAN_POINT('',(-3.999774564900E-1,3.472938206499E0,2.139918662356E0));
#745=DIRECTION('',(1.E0,0.E0,0.E0));
#746=DIRECTION('',(0.E0,1.E0,0.E0));
#747=AXIS2_PLACEMENT_3D('',#744,#745,#746);
#749=DIRECTION('',(0.E0,-1.E0,1.381405711557E-13));
#750=VECTOR('',#749,2.247119402275E0);
#751=CARTESIAN_POINT('',(-3.999774564900E-1,3.472938206496E0,3.942571007039E0));
#752=LINE('',#751,#750);
#753=DIRECTION('',(0.E0,-5.547001962251E-1,8.320502943379E-1));
#754=VECTOR('',#753,9.013370177518E-1);
#755=CARTESIAN_POINT('',(-3.999774564900E-1,1.225818804221E0,3.942571007039E0));
#756=LINE('',#755,#754);
#757=DIRECTION('',(0.E0,-1.E0,-3.997028156261E-14));
#758=VECTOR('',#757,5.999661847350E-1);
#759=CARTESIAN_POINT('',(-3.999774564900E-1,7.258469836090E-1,
4.692528737957E0));
#760=LINE('',#759,#758);
#761=DIRECTION('',(0.E0,5.547001962249E-1,8.320502943381E-1));
#762=VECTOR('',#761,9.013370177527E-1);
#763=CARTESIAN_POINT('',(-3.999774564900E-1,7.258469836089E-1,
1.892686542528E0));
#764=LINE('',#763,#762);
#765=CARTESIAN_POINT('',(-3.999774564900E-1,3.472938206499E0,2.139918662356E0));
#766=DIRECTION('',(-1.E0,0.E0,0.E0));
#767=DIRECTION('',(0.E0,-1.506840625286E-11,1.E0));
#768=AXIS2_PLACEMENT_3D('',#765,#766,#767);
#770=DIRECTION('',(-1.E0,0.E0,0.E0));
#771=VECTOR('',#770,7.999549129800E-1);
#772=CARTESIAN_POINT('',(3.999774564900E-1,3.975663817589E0,-2.557062660922E0));
#773=LINE('',#772,#771);
#774=DIRECTION('',(1.E0,0.E0,0.E0));
#775=VECTOR('',#774,7.999549129800E-1);
#776=CARTESIAN_POINT('',(-3.999774564900E-1,5.275590551181E0,
-2.557062660922E0));
#777=LINE('',#776,#775);
#778=DIRECTION('',(0.E0,0.E0,1.E0));
#779=VECTOR('',#778,4.696981323278E0);
#780=CARTESIAN_POINT('',(-3.999774564900E-1,3.975663817589E0,
-2.557062660922E0));
#781=LINE('',#780,#779);
#782=DIRECTION('',(1.E0,0.E0,0.E0));
#783=VECTOR('',#782,7.999549129800E-1);
#784=CARTESIAN_POINT('',(-3.999774564900E-1,3.472938206496E0,2.642644273447E0));
#785=LINE('',#784,#783);
#786=DIRECTION('',(-1.E0,0.E0,0.E0));
#787=VECTOR('',#786,7.999549129800E-1);
#788=CARTESIAN_POINT('',(3.999774564900E-1,3.975663817589E0,2.139918662356E0));
#789=LINE('',#788,#787);
#790=DIRECTION('',(0.E0,-1.E0,1.128444436765E-13));
#791=VECTOR('',#790,2.247119402275E0);
#792=CARTESIAN_POINT('',(-3.999774564900E-1,3.472938206496E0,2.642644273447E0));
#793=LINE('',#792,#791);
#794=DIRECTION('',(-1.E0,-1.523866984575E-13,0.E0));
#795=VECTOR('',#794,7.999549129800E-1);
#796=CARTESIAN_POINT('',(3.999774564900E-1,1.225818804221E0,2.642644273447E0));
#797=LINE('',#796,#795);
#798=DIRECTION('',(-1.E0,-1.526642698572E-13,0.E0));
#799=VECTOR('',#798,7.999549129800E-1);
#800=CARTESIAN_POINT('',(3.999774564900E-1,7.258469836090E-1,1.892686542528E0));
#801=LINE('',#800,#799);
#802=DIRECTION('',(0.E0,-1.E0,3.848990076400E-14));
#803=VECTOR('',#802,5.999661847349E-1);
#804=CARTESIAN_POINT('',(-3.999774564900E-1,7.258469836089E-1,
1.892686542528E0));
#805=LINE('',#804,#803);
#806=DIRECTION('',(1.E0,0.E0,0.E0));
#807=VECTOR('',#806,7.999549129800E-1);
#808=CARTESIAN_POINT('',(-3.999774564900E-1,1.258807988740E-1,
1.892686542528E0));
#809=LINE('',#808,#807);
#810=CARTESIAN_POINT('',(3.999774564900E-1,4.625627184385E0,-2.557062660922E0));
#811=DIRECTION('',(-1.E0,0.E0,0.E0));
#812=DIRECTION('',(0.E0,1.E0,-1.024879014426E-14));
#813=AXIS2_PLACEMENT_3D('',#810,#811,#812);
#815=DIRECTION('',(0.E0,0.E0,1.E0));
#816=VECTOR('',#815,4.696981323278E0);
#817=CARTESIAN_POINT('',(3.999774564900E-1,3.975663817589E0,-2.557062660922E0));
#818=LINE('',#817,#816);
#819=CARTESIAN_POINT('',(3.999774564900E-1,3.472938206499E0,2.139918662356E0));
#820=DIRECTION('',(1.E0,0.E0,0.E0));
#821=DIRECTION('',(0.E0,1.E0,0.E0));
#822=AXIS2_PLACEMENT_3D('',#819,#820,#821);
#824=DIRECTION('',(0.E0,-1.E0,1.130420696724E-13));
#825=VECTOR('',#824,2.247119402275E0);
#826=CARTESIAN_POINT('',(3.999774564900E-1,3.472938206496E0,2.642644273447E0));
#827=LINE('',#826,#825);
#828=DIRECTION('',(0.E0,-5.547001962249E-1,-8.320502943381E-1));
#829=VECTOR('',#828,9.013370177527E-1);
#830=CARTESIAN_POINT('',(3.999774564900E-1,1.225818804221E0,2.642644273447E0));
#831=LINE('',#830,#829);
#832=DIRECTION('',(0.E0,-1.E0,3.885999596365E-14));
#833=VECTOR('',#832,5.999661847350E-1);
#834=CARTESIAN_POINT('',(3.999774564900E-1,7.258469836090E-1,1.892686542528E0));
#835=LINE('',#834,#833);
#836=DIRECTION('',(0.E0,5.547001962251E-1,-8.320502943379E-1));
#837=VECTOR('',#836,9.013370177518E-1);
#838=CARTESIAN_POINT('',(3.999774564900E-1,7.258469836091E-1,4.692528737957E0));
#839=LINE('',#838,#837);
#840=CARTESIAN_POINT('',(3.999774564900E-1,3.472938206499E0,2.139918662356E0));
#841=DIRECTION('',(-1.E0,0.E0,0.E0));
#842=DIRECTION('',(0.E0,-5.621780482895E-12,1.E0));
#843=AXIS2_PLACEMENT_3D('',#840,#841,#842);
#845=DIRECTION('',(1.E0,1.251847012829E-13,0.E0));
#846=VECTOR('',#845,7.999549129800E-1);
#847=CARTESIAN_POINT('',(-3.999774564900E-1,7.258469836090E-1,
4.692528737957E0));
#848=LINE('',#847,#846);
#849=DIRECTION('',(0.E0,-1.E0,-3.997028156260E-14));
#850=VECTOR('',#849,5.999661847351E-1);
#851=CARTESIAN_POINT('',(3.999774564900E-1,7.258469836091E-1,4.692528737957E0));
#852=LINE('',#851,#850);
#853=DIRECTION('',(-1.E0,0.E0,0.E0));
#854=VECTOR('',#853,7.999549129800E-1);
#855=CARTESIAN_POINT('',(3.999774564900E-1,1.258807988740E-1,4.692528737957E0));
#856=LINE('',#855,#854);
#857=DIRECTION('',(1.E0,1.254622726826E-13,0.E0));
#858=VECTOR('',#857,7.999549129800E-1);
#859=CARTESIAN_POINT('',(-3.999774564900E-1,1.225818804221E0,3.942571007039E0));
#860=LINE('',#859,#858);
#861=DIRECTION('',(0.E0,-1.E0,1.381405711557E-13));
#862=VECTOR('',#861,2.247119402275E0);
#863=CARTESIAN_POINT('',(3.999774564900E-1,3.472938206496E0,3.942571007039E0));
#864=LINE('',#863,#862);
#865=DIRECTION('',(1.E0,0.E0,0.E0));
#866=VECTOR('',#865,7.999549129800E-1);
#867=CARTESIAN_POINT('',(-3.999774564900E-1,3.472938206496E0,3.942571007039E0));
#868=LINE('',#867,#866);
#869=DIRECTION('',(-1.E0,0.E0,0.E0));
#870=VECTOR('',#869,7.999549129800E-1);
#871=CARTESIAN_POINT('',(3.999774564900E-1,5.275590551181E0,2.139918662356E0));
#872=LINE('',#871,#870);
#873=DIRECTION('',(0.E0,0.E0,1.E0));
#874=VECTOR('',#873,4.696981323278E0);
#875=CARTESIAN_POINT('',(3.999774564900E-1,5.275590551181E0,-2.557062660922E0));
#876=LINE('',#875,#874);
#877=CARTESIAN_POINT('',(-5.199706934368E0,4.625627184385E0,-2.557062660922E0));
#878=DIRECTION('',(1.E0,0.E0,0.E0));
#879=DIRECTION('',(0.E0,-1.E0,0.E0));
#880=AXIS2_PLACEMENT_3D('',#877,#878,#879);
#882=DIRECTION('',(0.E0,0.E0,1.E0));
#883=VECTOR('',#882,4.696981323278E0);
#884=CARTESIAN_POINT('',(-5.199706934368E0,5.275590551181E0,-2.557062660922E0));
#885=LINE('',#884,#883);
#886=CARTESIAN_POINT('',(-5.199706934368E0,3.472938206499E0,2.139918662356E0));
#887=DIRECTION('',(1.E0,0.E0,0.E0));
#888=DIRECTION('',(0.E0,1.E0,0.E0));
#889=AXIS2_PLACEMENT_3D('',#886,#887,#888);
#891=DIRECTION('',(0.E0,-1.E0,1.381405711557E-13));
#892=VECTOR('',#891,2.247119402275E0);
#893=CARTESIAN_POINT('',(-5.199706934368E0,3.472938206496E0,3.942571007039E0));
#894=LINE('',#893,#892);
#895=DIRECTION('',(0.E0,-5.547001962251E-1,8.320502943379E-1));
#896=VECTOR('',#895,9.013370177518E-1);
#897=CARTESIAN_POINT('',(-5.199706934368E0,1.225818804221E0,3.942571007039E0));
#898=LINE('',#897,#896);
#899=DIRECTION('',(0.E0,-1.E0,-3.997028156261E-14));
#900=VECTOR('',#899,5.999661847350E-1);
#901=CARTESIAN_POINT('',(-5.199706934368E0,7.258469836090E-1,4.692528737957E0));
#902=LINE('',#901,#900);
#903=DIRECTION('',(0.E0,5.547001962249E-1,8.320502943381E-1));
#904=VECTOR('',#903,9.013370177527E-1);
#905=CARTESIAN_POINT('',(-5.199706934368E0,7.258469836089E-1,1.892686542528E0));
#906=LINE('',#905,#904);
#907=CARTESIAN_POINT('',(-5.199706934368E0,3.472938206499E0,2.139918662356E0));
#908=DIRECTION('',(-1.E0,0.E0,0.E0));
#909=DIRECTION('',(0.E0,-1.506840625286E-11,1.E0));
#910=AXIS2_PLACEMENT_3D('',#907,#908,#909);
#912=DIRECTION('',(-1.E0,0.E0,0.E0));
#913=VECTOR('',#912,7.999549129790E-1);
#914=CARTESIAN_POINT('',(-4.399752021389E0,3.975663817589E0,-2.557062660922E0));
#915=LINE('',#914,#913);
#916=DIRECTION('',(1.E0,0.E0,0.E0));
#917=VECTOR('',#916,7.999549129790E-1);
#918=CARTESIAN_POINT('',(-5.199706934368E0,5.275590551181E0,-2.557062660922E0));
#919=LINE('',#918,#917);
#920=DIRECTION('',(0.E0,0.E0,1.E0));
#921=VECTOR('',#920,4.696981323278E0);
#922=CARTESIAN_POINT('',(-5.199706934368E0,3.975663817589E0,-2.557062660922E0));
#923=LINE('',#922,#921);
#924=DIRECTION('',(1.E0,0.E0,0.E0));
#925=VECTOR('',#924,7.999549129790E-1);
#926=CARTESIAN_POINT('',(-5.199706934368E0,3.472938206496E0,2.642644273447E0));
#927=LINE('',#926,#925);
#928=DIRECTION('',(-1.E0,0.E0,0.E0));
#929=VECTOR('',#928,7.999549129790E-1);
#930=CARTESIAN_POINT('',(-4.399752021389E0,3.975663817589E0,2.139918662356E0));
#931=LINE('',#930,#929);
#932=DIRECTION('',(0.E0,-1.E0,1.128444436765E-13));
#933=VECTOR('',#932,2.247119402275E0);
#934=CARTESIAN_POINT('',(-5.199706934368E0,3.472938206496E0,2.642644273447E0));
#935=LINE('',#934,#933);
#936=DIRECTION('',(-1.E0,-1.523866984576E-13,0.E0));
#937=VECTOR('',#936,7.999549129790E-1);
#938=CARTESIAN_POINT('',(-4.399752021389E0,1.225818804221E0,2.642644273447E0));
#939=LINE('',#938,#937);
#940=DIRECTION('',(-1.E0,-1.526642698574E-13,0.E0));
#941=VECTOR('',#940,7.999549129790E-1);
#942=CARTESIAN_POINT('',(-4.399752021389E0,7.258469836090E-1,1.892686542528E0));
#943=LINE('',#942,#941);
#944=DIRECTION('',(0.E0,-1.E0,3.848990076400E-14));
#945=VECTOR('',#944,5.999661847349E-1);
#946=CARTESIAN_POINT('',(-5.199706934368E0,7.258469836089E-1,1.892686542528E0));
#947=LINE('',#946,#945);
#948=DIRECTION('',(1.E0,0.E0,0.E0));
#949=VECTOR('',#948,7.999549129790E-1);
#950=CARTESIAN_POINT('',(-5.199706934368E0,1.258807988740E-1,1.892686542528E0));
#951=LINE('',#950,#949);
#952=CARTESIAN_POINT('',(-4.399752021389E0,4.625627184385E0,-2.557062660922E0));
#953=DIRECTION('',(-1.E0,0.E0,0.E0));
#954=DIRECTION('',(0.E0,1.E0,-1.024879014426E-14));
#955=AXIS2_PLACEMENT_3D('',#952,#953,#954);
#957=DIRECTION('',(0.E0,0.E0,1.E0));
#958=VECTOR('',#957,4.696981323278E0);
#959=CARTESIAN_POINT('',(-4.399752021389E0,3.975663817589E0,-2.557062660922E0));
#960=LINE('',#959,#958);
#961=CARTESIAN_POINT('',(-4.399752021389E0,3.472938206499E0,2.139918662356E0));
#962=DIRECTION('',(1.E0,0.E0,0.E0));
#963=DIRECTION('',(0.E0,1.E0,0.E0));
#964=AXIS2_PLACEMENT_3D('',#961,#962,#963);
#966=DIRECTION('',(0.E0,-1.E0,1.130420696724E-13));
#967=VECTOR('',#966,2.247119402275E0);
#968=CARTESIAN_POINT('',(-4.399752021389E0,3.472938206496E0,2.642644273447E0));
#969=LINE('',#968,#967);
#970=DIRECTION('',(0.E0,-5.547001962249E-1,-8.320502943381E-1));
#971=VECTOR('',#970,9.013370177527E-1);
#972=CARTESIAN_POINT('',(-4.399752021389E0,1.225818804221E0,2.642644273447E0));
#973=LINE('',#972,#971);
#974=DIRECTION('',(0.E0,-1.E0,3.885999596365E-14));
#975=VECTOR('',#974,5.999661847350E-1);
#976=CARTESIAN_POINT('',(-4.399752021389E0,7.258469836090E-1,1.892686542528E0));
#977=LINE('',#976,#975);
#978=DIRECTION('',(0.E0,5.547001962251E-1,-8.320502943379E-1));
#979=VECTOR('',#978,9.013370177518E-1);
#980=CARTESIAN_POINT('',(-4.399752021389E0,7.258469836091E-1,4.692528737957E0));
#981=LINE('',#980,#979);
#982=CARTESIAN_POINT('',(-4.399752021389E0,3.472938206499E0,2.139918662356E0));
#983=DIRECTION('',(-1.E0,0.E0,0.E0));
#984=DIRECTION('',(0.E0,-5.621780482895E-12,1.E0));
#985=AXIS2_PLACEMENT_3D('',#982,#983,#984);
#987=DIRECTION('',(1.E0,1.251847012831E-13,0.E0));
#988=VECTOR('',#987,7.999549129790E-1);
#989=CARTESIAN_POINT('',(-5.199706934368E0,7.258469836090E-1,4.692528737957E0));
#990=LINE('',#989,#988);
#991=DIRECTION('',(0.E0,-1.E0,-3.997028156260E-14));
#992=VECTOR('',#991,5.999661847351E-1);
#993=CARTESIAN_POINT('',(-4.399752021389E0,7.258469836091E-1,4.692528737957E0));
#994=LINE('',#993,#992);
#995=DIRECTION('',(-1.E0,0.E0,0.E0));
#996=VECTOR('',#995,7.999549129790E-1);
#997=CARTESIAN_POINT('',(-4.399752021389E0,1.258807988740E-1,4.692528737957E0));
#998=LINE('',#997,#996);
#999=DIRECTION('',(1.E0,1.254622726828E-13,0.E0));
#1000=VECTOR('',#999,7.999549129790E-1);
#1001=CARTESIAN_POINT('',(-5.199706934368E0,1.225818804221E0,3.942571007039E0));
#1002=LINE('',#1001,#1000);
#1003=DIRECTION('',(0.E0,-1.E0,1.381405711557E-13));
#1004=VECTOR('',#1003,2.247119402275E0);
#1005=CARTESIAN_POINT('',(-4.399752021389E0,3.472938206496E0,3.942571007039E0));
#1006=LINE('',#1005,#1004);
#1007=DIRECTION('',(1.E0,0.E0,0.E0));
#1008=VECTOR('',#1007,7.999549129790E-1);
#1009=CARTESIAN_POINT('',(-5.199706934368E0,3.472938206496E0,3.942571007039E0));
#1010=LINE('',#1009,#1008);
#1011=DIRECTION('',(-1.E0,0.E0,0.E0));
#1012=VECTOR('',#1011,7.999549129790E-1);
#1013=CARTESIAN_POINT('',(-4.399752021389E0,5.275590551181E0,2.139918662356E0));
#1014=LINE('',#1013,#1012);
#1015=DIRECTION('',(0.E0,0.E0,1.E0));
#1016=VECTOR('',#1015,4.696981323278E0);
#1017=CARTESIAN_POINT('',(-4.399752021389E0,5.275590551181E0,
-2.557062660922E0));
#1018=LINE('',#1017,#1016);
#1019=CARTESIAN_POINT('',(4.399752021389E0,3.472938206496E0,2.642644273447E0));
#1020=CARTESIAN_POINT('',(5.199706934368E0,3.472938206496E0,2.642644273447E0));
#1021=VERTEX_POINT('',#1019);
#1022=VERTEX_POINT('',#1020);
#1023=CARTESIAN_POINT('',(5.199706934368E0,3.975663817589E0,2.139918662356E0));
#1024=VERTEX_POINT('',#1023);
#1025=CARTESIAN_POINT('',(4.399752021389E0,3.975663817589E0,2.139918662356E0));
#1026=VERTEX_POINT('',#1025);
#1027=CARTESIAN_POINT('',(5.199706934368E0,1.225818804221E0,2.642644273447E0));
#1028=CARTESIAN_POINT('',(4.399752021389E0,1.225818804221E0,2.642644273447E0));
#1029=VERTEX_POINT('',#1027);
#1030=VERTEX_POINT('',#1028);
#1031=CARTESIAN_POINT('',(4.399752021389E0,7.258469836089E-1,1.892686542528E0));
#1032=VERTEX_POINT('',#1031);
#1033=CARTESIAN_POINT('',(5.199706934368E0,7.258469836090E-1,1.892686542528E0));
#1034=VERTEX_POINT('',#1033);
#1035=CARTESIAN_POINT('',(4.399752021389E0,3.975663817589E0,-2.557062660922E0));
#1036=CARTESIAN_POINT('',(4.399752021389E0,5.275590551181E0,-2.557062660922E0));
#1037=VERTEX_POINT('',#1035);
#1038=VERTEX_POINT('',#1036);
#1039=CARTESIAN_POINT('',(4.399752021389E0,5.275590551181E0,2.139918662356E0));
#1040=VERTEX_POINT('',#1039);
#1041=CARTESIAN_POINT('',(4.399752021389E0,3.472938206489E0,3.942571007038E0));
#1042=VERTEX_POINT('',#1041);
#1043=CARTESIAN_POINT('',(4.399752021389E0,1.225818804221E0,3.942571007039E0));
#1044=VERTEX_POINT('',#1043);
#1045=CARTESIAN_POINT('',(4.399752021389E0,7.258469836090E-1,4.692528737957E0));
#1046=VERTEX_POINT('',#1045);
#1047=CARTESIAN_POINT('',(4.399752021389E0,1.258807988740E-1,4.692528737957E0));
#1048=VERTEX_POINT('',#1047);
#1049=CARTESIAN_POINT('',(4.399752021389E0,1.258807988740E-1,1.892686542528E0));
#1050=VERTEX_POINT('',#1049);
#1051=CARTESIAN_POINT('',(5.199706934368E0,3.975663817589E0,-2.557062660922E0));
#1052=VERTEX_POINT('',#1051);
#1053=CARTESIAN_POINT('',(5.199706934368E0,5.275590551181E0,-2.557062660922E0));
#1054=VERTEX_POINT('',#1053);
#1055=CARTESIAN_POINT('',(5.199706934368E0,1.258807988740E-1,1.892686542528E0));
#1056=VERTEX_POINT('',#1055);
#1057=CARTESIAN_POINT('',(5.199706934368E0,1.258807988740E-1,4.692528737957E0));
#1058=VERTEX_POINT('',#1057);
#1059=CARTESIAN_POINT('',(5.199706934368E0,7.258469836091E-1,4.692528737957E0));
#1060=VERTEX_POINT('',#1059);
#1061=CARTESIAN_POINT('',(5.199706934368E0,1.225818804221E0,3.942571007039E0));
#1062=VERTEX_POINT('',#1061);
#1063=CARTESIAN_POINT('',(5.199706934368E0,3.472938206496E0,3.942571007039E0));
#1064=VERTEX_POINT('',#1063);
#1065=CARTESIAN_POINT('',(5.199706934368E0,5.275590551181E0,2.139918662356E0));
#1066=VERTEX_POINT('',#1065);
#1067=CARTESIAN_POINT('',(-6.499633667960E0,1.258807988740E-1,
2.427795345070E-1));
#1068=CARTESIAN_POINT('',(6.499633667960E0,1.258807988740E-1,
2.427795345070E-1));
#1069=VERTEX_POINT('',#1067);
#1070=VERTEX_POINT('',#1068);
#1071=CARTESIAN_POINT('',(6.499633667960E0,1.258807988740E-1,6.342435745978E0));
#1072=VERTEX_POINT('',#1071);
#1073=CARTESIAN_POINT('',(-6.499633667960E0,1.258807988740E-1,
6.342435745978E0));
#1074=VERTEX_POINT('',#1073);
#1075=CARTESIAN_POINT('',(-3.999774564900E-1,1.258807988740E-1,
1.892686542528E0));
#1076=CARTESIAN_POINT('',(-3.999774564900E-1,1.258807988740E-1,
4.692528737957E0));
#1077=VERTEX_POINT('',#1075);
#1078=VERTEX_POINT('',#1076);
#1079=CARTESIAN_POINT('',(3.999774564900E-1,1.258807988740E-1,
4.692528737957E0));
#1080=VERTEX_POINT('',#1079);
#1081=CARTESIAN_POINT('',(3.999774564900E-1,1.258807988740E-1,
1.892686542528E0));
#1082=VERTEX_POINT('',#1081);
#1083=CARTESIAN_POINT('',(-5.199706934368E0,1.258807988740E-1,
1.892686542528E0));
#1084=CARTESIAN_POINT('',(-5.199706934368E0,1.258807988740E-1,
4.692528737957E0));
#1085=VERTEX_POINT('',#1083);
#1086=VERTEX_POINT('',#1084);
#1087=CARTESIAN_POINT('',(-4.399752021389E0,1.258807988740E-1,
4.692528737957E0));
#1088=VERTEX_POINT('',#1087);
#1089=CARTESIAN_POINT('',(-4.399752021389E0,1.258807988740E-1,
1.892686542528E0));
#1090=VERTEX_POINT('',#1089);
#1091=CARTESIAN_POINT('',(-6.499633667960E0,-5.923778230535E0,
2.427795345070E-1));
#1092=VERTEX_POINT('',#1091);
#1093=CARTESIAN_POINT('',(6.499633667960E0,-5.923778230535E0,
2.427795345070E-1));
#1094=VERTEX_POINT('',#1093);
#1095=CARTESIAN_POINT('',(6.470635302360E-1,-2.836227250935E0,
2.427795345070E-1));
#1096=CARTESIAN_POINT('',(-6.470635302360E-1,-2.836227250935E0,
2.427795345070E-1));
#1097=VERTEX_POINT('',#1095);
#1098=VERTEX_POINT('',#1096);
#1099=CARTESIAN_POINT('',(-6.470635302360E-1,-1.803885435734E0,
2.427795345070E-1));
#1100=VERTEX_POINT('',#1099);
#1101=CARTESIAN_POINT('',(6.470635302360E-1,-1.803885435734E0,
2.427795345070E-1));
#1102=VERTEX_POINT('',#1101);
#1103=CARTESIAN_POINT('',(-5.062314678064E0,-3.222480480949E0,
2.427795345070E-1));
#1104=CARTESIAN_POINT('',(-2.271071997949E0,-3.222480480949E0,
2.427795345070E-1));
#1105=VERTEX_POINT('',#1103);
#1106=VERTEX_POINT('',#1104);
#1107=CARTESIAN_POINT('',(-5.062314678064E0,-2.190138665748E0,
2.427795345070E-1));
#1108=VERTEX_POINT('',#1107);
#1109=CARTESIAN_POINT('',(-2.271071997949E0,-2.190138665748E0,
2.427795345070E-1));
#1110=VERTEX_POINT('',#1109);
#1111=CARTESIAN_POINT('',(2.271071997949E0,-3.222480480949E0,
2.427795345070E-1));
#1112=CARTESIAN_POINT('',(5.062314678064E0,-3.222480480949E0,
2.427795345070E-1));
#1113=VERTEX_POINT('',#1111);
#1114=VERTEX_POINT('',#1112);
#1115=CARTESIAN_POINT('',(2.271071997949E0,-2.190138665748E0,
2.427795345070E-1));
#1116=VERTEX_POINT('',#1115);
#1117=CARTESIAN_POINT('',(5.062314678064E0,-2.190138665748E0,
2.427795345070E-1));
#1118=VERTEX_POINT('',#1117);
#1119=CARTESIAN_POINT('',(-6.499633667960E0,-5.923778230535E0,
6.342435745978E0));
#1120=VERTEX_POINT('',#1119);
#1121=CARTESIAN_POINT('',(6.499633667960E0,-5.923778230535E0,6.342435745978E0));
#1122=VERTEX_POINT('',#1121);
#1123=CARTESIAN_POINT('',(-6.470635302360E-1,-2.836227250935E0,
6.342435745978E0));
#1124=CARTESIAN_POINT('',(6.470635302360E-1,-2.836227250935E0,
6.342435745978E0));
#1125=VERTEX_POINT('',#1123);
#1126=VERTEX_POINT('',#1124);
#1127=CARTESIAN_POINT('',(6.470635302360E-1,-1.803885435734E0,
6.342435745978E0));
#1128=VERTEX_POINT('',#1127);
#1129=CARTESIAN_POINT('',(-6.470635302360E-1,-1.803885435734E0,
6.342435745978E0));
#1130=VERTEX_POINT('',#1129);
#1131=CARTESIAN_POINT('',(-2.271071997949E0,-3.222480480949E0,
6.342435745978E0));
#1132=CARTESIAN_POINT('',(-5.062314678064E0,-3.222480480949E0,
6.342435745978E0));
#1133=VERTEX_POINT('',#1131);
#1134=VERTEX_POINT('',#1132);
#1135=CARTESIAN_POINT('',(-2.271071997949E0,-2.190138665748E0,
6.342435745978E0));
#1136=VERTEX_POINT('',#1135);
#1137=CARTESIAN_POINT('',(-5.062314678064E0,-2.190138665748E0,
6.342435745978E0));
#1138=VERTEX_POINT('',#1137);
#1139=CARTESIAN_POINT('',(5.062314678064E0,-3.222480480949E0,6.342435745978E0));
#1140=CARTESIAN_POINT('',(2.271071997949E0,-3.222480480949E0,6.342435745978E0));
#1141=VERTEX_POINT('',#1139);
#1142=VERTEX_POINT('',#1140);
#1143=CARTESIAN_POINT('',(5.062314678064E0,-2.190138665748E0,6.342435745978E0));
#1144=VERTEX_POINT('',#1143);
#1145=CARTESIAN_POINT('',(2.271071997949E0,-2.190138665748E0,6.342435745978E0));
#1146=VERTEX_POINT('',#1145);
#1147=CARTESIAN_POINT('',(-4.762690883151E0,-5.923778230535E0,
5.555166391756E0));
#1148=CARTESIAN_POINT('',(4.762690883151E0,-5.923778230535E0,5.555166391756E0));
#1149=VERTEX_POINT('',#1147);
#1150=VERTEX_POINT('',#1148);
#1151=CARTESIAN_POINT('',(-4.762690883151E0,-5.923778230535E0,
1.062061785011E0));
#1152=VERTEX_POINT('',#1151);
#1153=CARTESIAN_POINT('',(4.762690883151E0,-5.923778230535E0,1.062061785011E0));
#1154=VERTEX_POINT('',#1153);
#1155=CARTESIAN_POINT('',(4.762690883151E0,-5.943777103360E0,5.555166391756E0));
#1156=VERTEX_POINT('',#1155);
#1157=CARTESIAN_POINT('',(-4.762690883151E0,-5.943777103360E0,
5.555166391756E0));
#1158=VERTEX_POINT('',#1157);
#1159=CARTESIAN_POINT('',(4.762690883151E0,-5.943777103360E0,1.062061785011E0));
#1160=VERTEX_POINT('',#1159);
#1161=CARTESIAN_POINT('',(-4.762690883151E0,-5.943777103360E0,
1.062061785011E0));
#1162=VERTEX_POINT('',#1161);
#1163=CARTESIAN_POINT('',(-7.999549129800E-1,-5.943777103360E0,
1.292720357793E0));
#1164=CARTESIAN_POINT('',(-7.999549129800E-1,-5.943777103360E0,
5.292494922692E0));
#1165=VERTEX_POINT('',#1163);
#1166=VERTEX_POINT('',#1164);
#1167=CARTESIAN_POINT('',(3.199819651919E0,-5.943777103360E0,1.292720357793E0));
#1168=VERTEX_POINT('',#1167);
#1169=CARTESIAN_POINT('',(3.199819651919E0,-5.943777103360E0,5.292494922692E0));
#1170=VERTEX_POINT('',#1169);
#1171=CARTESIAN_POINT('',(-7.999549129800E-1,-1.045461965859E1,
1.292720357793E0));
#1172=CARTESIAN_POINT('',(-7.999549129800E-1,-1.045461965859E1,
5.292494922692E0));
#1173=VERTEX_POINT('',#1171);
#1174=VERTEX_POINT('',#1172);
#1175=CARTESIAN_POINT('',(-5.795673344501E-1,-1.062291337811E1,
5.292494922692E0));
#1176=VERTEX_POINT('',#1175);
#1177=CARTESIAN_POINT('',(-5.795673344501E-1,-1.062291337811E1,
1.292720357793E0));
#1178=VERTEX_POINT('',#1177);
#1179=CARTESIAN_POINT('',(3.199819651920E0,-1.055402952348E1,5.292494922692E0));
#1180=VERTEX_POINT('',#1179);
#1181=CARTESIAN_POINT('',(2.747445148628E0,-1.071465125709E1,5.292494922692E0));
#1182=VERTEX_POINT('',#1181);
#1183=CARTESIAN_POINT('',(2.553090114497E0,-1.117348234696E1,5.292494922692E0));
#1184=VERTEX_POINT('',#1183);
#1185=CARTESIAN_POINT('',(2.059082029629E0,-1.061521381206E1,5.292494922692E0));
#1186=VERTEX_POINT('',#1185);
#1187=CARTESIAN_POINT('',(1.787250843488E0,-1.117348234696E1,5.292494922692E0));
#1188=VERTEX_POINT('',#1187);
#1189=CARTESIAN_POINT('',(1.478130031200E0,-1.059951469690E1,5.292494922692E0));
#1190=VERTEX_POINT('',#1189);
#1191=CARTESIAN_POINT('',(9.683961664306E-1,-1.117348234696E1,
5.292494922692E0));
#1192=VERTEX_POINT('',#1191);
#1193=CARTESIAN_POINT('',(7.130214465929E-1,-1.069930907229E1,
5.292494922692E0));
#1194=VERTEX_POINT('',#1193);
#1195=CARTESIAN_POINT('',(4.821377846414E-1,-1.117348234696E1,
5.292494922692E0));
#1196=VERTEX_POINT('',#1195);
#1197=CARTESIAN_POINT('',(1.463593413293E-1,-1.055001748666E1,
5.292494922692E0));
#1198=VERTEX_POINT('',#1197);
#1199=CARTESIAN_POINT('',(-1.177324712768E-1,-1.117348234696E1,
5.292494922692E0));
#1200=VERTEX_POINT('',#1199);
#1201=CARTESIAN_POINT('',(3.199819651920E0,-1.055402952348E1,1.292720357793E0));
#1202=VERTEX_POINT('',#1201);
#1203=CARTESIAN_POINT('',(2.747445148628E0,-1.071465125709E1,1.292720357793E0));
#1204=VERTEX_POINT('',#1203);
#1205=CARTESIAN_POINT('',(-1.177324712768E-1,-1.117348234696E1,
1.292720357793E0));
#1206=VERTEX_POINT('',#1205);
#1207=CARTESIAN_POINT('',(1.463593413293E-1,-1.055001748666E1,
1.292720357793E0));
#1208=VERTEX_POINT('',#1207);
#1209=CARTESIAN_POINT('',(4.821377846414E-1,-1.117348234696E1,
1.292720357793E0));
#1210=VERTEX_POINT('',#1209);
#1211=CARTESIAN_POINT('',(7.130214465929E-1,-1.069930907229E1,
1.292720357793E0));
#1212=VERTEX_POINT('',#1211);
#1213=CARTESIAN_POINT('',(9.683961664306E-1,-1.117348234696E1,
1.292720357793E0));
#1214=VERTEX_POINT('',#1213);
#1215=CARTESIAN_POINT('',(1.478130031200E0,-1.059951469690E1,1.292720357793E0));
#1216=VERTEX_POINT('',#1215);
#1217=CARTESIAN_POINT('',(1.787250843488E0,-1.117348234696E1,1.292720357793E0));
#1218=VERTEX_POINT('',#1217);
#1219=CARTESIAN_POINT('',(2.059082029629E0,-1.061521381206E1,1.292720357793E0));
#1220=VERTEX_POINT('',#1219);
#1221=CARTESIAN_POINT('',(2.553090114497E0,-1.117348234696E1,1.292720357793E0));
#1222=VERTEX_POINT('',#1221);
#1223=CARTESIAN_POINT('',(6.470635302360E-1,-2.836227250935E0,
6.592421656284E0));
#1224=CARTESIAN_POINT('',(-6.470635302360E-1,-2.836227250935E0,
6.592421656284E0));
#1225=VERTEX_POINT('',#1223);
#1226=VERTEX_POINT('',#1224);
#1227=CARTESIAN_POINT('',(6.470635302360E-1,-1.803885435734E0,
6.592421656284E0));
#1228=VERTEX_POINT('',#1227);
#1229=CARTESIAN_POINT('',(-6.470635302360E-1,-1.803885435734E0,
6.592421656284E0));
#1230=VERTEX_POINT('',#1229);
#1231=CARTESIAN_POINT('',(-2.271071997949E0,-2.522519932092E0,
6.592421656284E0));
#1232=CARTESIAN_POINT('',(-5.062314678064E0,-2.522519932092E0,
6.592421656284E0));
#1233=VERTEX_POINT('',#1231);
#1234=VERTEX_POINT('',#1232);
#1235=CARTESIAN_POINT('',(-5.062314678064E0,-2.190138665748E0,
6.592421656284E0));
#1236=VERTEX_POINT('',#1235);
#1237=CARTESIAN_POINT('',(-2.271071997949E0,-2.190138665748E0,
6.592421656284E0));
#1238=VERTEX_POINT('',#1237);
#1239=CARTESIAN_POINT('',(5.062314678064E0,-2.522519932092E0,6.592421656284E0));
#1240=CARTESIAN_POINT('',(2.271071997949E0,-2.522519932092E0,6.592421656284E0));
#1241=VERTEX_POINT('',#1239);
#1242=VERTEX_POINT('',#1240);
#1243=CARTESIAN_POINT('',(2.271071997949E0,-2.190138665748E0,6.592421656284E0));
#1244=VERTEX_POINT('',#1243);
#1245=CARTESIAN_POINT('',(5.062314678064E0,-2.190138665748E0,6.592421656284E0));
#1246=VERTEX_POINT('',#1245);
#1247=CARTESIAN_POINT('',(-6.470635302360E-1,-2.836227250935E0,
-7.206375798770E-3));
#1248=VERTEX_POINT('',#1247);
#1249=CARTESIAN_POINT('',(6.470635302360E-1,-2.836227250935E0,
-7.206375798770E-3));
#1250=VERTEX_POINT('',#1249);
#1251=CARTESIAN_POINT('',(6.470635302360E-1,-1.803885435734E0,
-7.206375798770E-3));
#1252=VERTEX_POINT('',#1251);
#1253=CARTESIAN_POINT('',(-6.470635302360E-1,-1.803885435734E0,
-7.206375798770E-3));
#1254=VERTEX_POINT('',#1253);
#1255=CARTESIAN_POINT('',(-5.062314678064E0,-2.522519932092E0,
-7.206375798772E-3));
#1256=CARTESIAN_POINT('',(-2.271071997949E0,-2.522519932092E0,
-7.206375798772E-3));
#1257=VERTEX_POINT('',#1255);
#1258=VERTEX_POINT('',#1256);
#1259=CARTESIAN_POINT('',(-2.271071997949E0,-2.190138665748E0,
-7.206375798770E-3));
#1260=VERTEX_POINT('',#1259);
#1261=CARTESIAN_POINT('',(-5.062314678064E0,-2.190138665748E0,
-7.206375798770E-3));
#1262=VERTEX_POINT('',#1261);
#1263=CARTESIAN_POINT('',(2.271071997949E0,-2.522519932092E0,
-7.206375798772E-3));
#1264=CARTESIAN_POINT('',(5.062314678064E0,-2.522519932092E0,
-7.206375798772E-3));
#1265=VERTEX_POINT('',#1263);
#1266=VERTEX_POINT('',#1264);
#1267=CARTESIAN_POINT('',(5.062314678064E0,-2.190138665748E0,
-7.206375798770E-3));
#1268=VERTEX_POINT('',#1267);
#1269=CARTESIAN_POINT('',(2.271071997949E0,-2.190138665748E0,
-7.206375798770E-3));
#1270=VERTEX_POINT('',#1269);
#1271=CARTESIAN_POINT('',(-3.999774564900E-1,3.975663817589E0,
-2.557062660922E0));
#1272=CARTESIAN_POINT('',(-3.999774564900E-1,5.275590551181E0,
-2.557062660922E0));
#1273=VERTEX_POINT('',#1271);
#1274=VERTEX_POINT('',#1272);
#1275=CARTESIAN_POINT('',(-3.999774564900E-1,5.275590551181E0,
2.139918662356E0));
#1276=VERTEX_POINT('',#1275);
#1277=CARTESIAN_POINT('',(-3.999774564900E-1,3.472938206489E0,
3.942571007038E0));
#1278=VERTEX_POINT('',#1277);
#1279=CARTESIAN_POINT('',(-3.999774564900E-1,1.225818804221E0,
3.942571007039E0));
#1280=VERTEX_POINT('',#1279);
#1281=CARTESIAN_POINT('',(-3.999774564900E-1,7.258469836090E-1,
4.692528737957E0));
#1282=VERTEX_POINT('',#1281);
#1283=CARTESIAN_POINT('',(-3.999774564900E-1,7.258469836089E-1,
1.892686542528E0));
#1284=VERTEX_POINT('',#1283);
#1285=CARTESIAN_POINT('',(-3.999774564900E-1,1.225818804221E0,
2.642644273447E0));
#1286=VERTEX_POINT('',#1285);
#1287=CARTESIAN_POINT('',(-3.999774564900E-1,3.472938206496E0,
2.642644273447E0));
#1288=VERTEX_POINT('',#1287);
#1289=CARTESIAN_POINT('',(-3.999774564900E-1,3.975663817589E0,
2.139918662356E0));
#1290=VERTEX_POINT('',#1289);
#1291=CARTESIAN_POINT('',(3.999774564900E-1,3.975663817589E0,
-2.557062660922E0));
#1292=VERTEX_POINT('',#1291);
#1293=CARTESIAN_POINT('',(3.999774564900E-1,5.275590551181E0,
-2.557062660922E0));
#1294=VERTEX_POINT('',#1293);
#1295=CARTESIAN_POINT('',(3.999774564900E-1,3.975663817589E0,2.139918662356E0));
#1296=VERTEX_POINT('',#1295);
#1297=CARTESIAN_POINT('',(3.999774564900E-1,3.472938206491E0,2.642644273446E0));
#1298=VERTEX_POINT('',#1297);
#1299=CARTESIAN_POINT('',(3.999774564900E-1,1.225818804221E0,2.642644273447E0));
#1300=VERTEX_POINT('',#1299);
#1301=CARTESIAN_POINT('',(3.999774564900E-1,7.258469836090E-1,
1.892686542528E0));
#1302=VERTEX_POINT('',#1301);
#1303=CARTESIAN_POINT('',(3.999774564900E-1,7.258469836091E-1,
4.692528737957E0));
#1304=VERTEX_POINT('',#1303);
#1305=CARTESIAN_POINT('',(3.999774564900E-1,1.225818804221E0,3.942571007039E0));
#1306=VERTEX_POINT('',#1305);
#1307=CARTESIAN_POINT('',(3.999774564900E-1,3.472938206496E0,3.942571007039E0));
#1308=VERTEX_POINT('',#1307);
#1309=CARTESIAN_POINT('',(3.999774564900E-1,5.275590551181E0,2.139918662356E0));
#1310=VERTEX_POINT('',#1309);
#1311=CARTESIAN_POINT('',(-5.199706934368E0,3.975663817589E0,
-2.557062660922E0));
#1312=CARTESIAN_POINT('',(-5.199706934368E0,5.275590551181E0,
-2.557062660922E0));
#1313=VERTEX_POINT('',#1311);
#1314=VERTEX_POINT('',#1312);
#1315=CARTESIAN_POINT('',(-5.199706934368E0,5.275590551181E0,2.139918662356E0));
#1316=VERTEX_POINT('',#1315);
#1317=CARTESIAN_POINT('',(-5.199706934368E0,3.472938206489E0,3.942571007038E0));
#1318=VERTEX_POINT('',#1317);
#1319=CARTESIAN_POINT('',(-5.199706934368E0,1.225818804221E0,3.942571007039E0));
#1320=VERTEX_POINT('',#1319);
#1321=CARTESIAN_POINT('',(-5.199706934368E0,7.258469836090E-1,
4.692528737957E0));
#1322=VERTEX_POINT('',#1321);
#1323=CARTESIAN_POINT('',(-5.199706934368E0,7.258469836089E-1,
1.892686542528E0));
#1324=VERTEX_POINT('',#1323);
#1325=CARTESIAN_POINT('',(-5.199706934368E0,1.225818804221E0,2.642644273447E0));
#1326=VERTEX_POINT('',#1325);
#1327=CARTESIAN_POINT('',(-5.199706934368E0,3.472938206496E0,2.642644273447E0));
#1328=VERTEX_POINT('',#1327);
#1329=CARTESIAN_POINT('',(-5.199706934368E0,3.975663817589E0,2.139918662356E0));
#1330=VERTEX_POINT('',#1329);
#1331=CARTESIAN_POINT('',(-4.399752021389E0,3.975663817589E0,
-2.557062660922E0));
#1332=VERTEX_POINT('',#1331);
#1333=CARTESIAN_POINT('',(-4.399752021389E0,5.275590551181E0,
-2.557062660922E0));
#1334=VERTEX_POINT('',#1333);
#1335=CARTESIAN_POINT('',(-4.399752021389E0,3.975663817589E0,2.139918662356E0));
#1336=VERTEX_POINT('',#1335);
#1337=CARTESIAN_POINT('',(-4.399752021389E0,3.472938206491E0,2.642644273446E0));
#1338=VERTEX_POINT('',#1337);
#1339=CARTESIAN_POINT('',(-4.399752021389E0,1.225818804221E0,2.642644273447E0));
#1340=VERTEX_POINT('',#1339);
#1341=CARTESIAN_POINT('',(-4.399752021389E0,7.258469836090E-1,
1.892686542528E0));
#1342=VERTEX_POINT('',#1341);
#1343=CARTESIAN_POINT('',(-4.399752021389E0,7.258469836091E-1,
4.692528737957E0));
#1344=VERTEX_POINT('',#1343);
#1345=CARTESIAN_POINT('',(-4.399752021389E0,1.225818804221E0,3.942571007039E0));
#1346=VERTEX_POINT('',#1345);
#1347=CARTESIAN_POINT('',(-4.399752021389E0,3.472938206496E0,3.942571007039E0));
#1348=VERTEX_POINT('',#1347);
#1349=CARTESIAN_POINT('',(-4.399752021389E0,5.275590551181E0,2.139918662356E0));
#1350=VERTEX_POINT('',#1349);
#1351=CARTESIAN_POINT('',(5.799673119103E0,3.472938206499E0,2.139918662356E0));
#1352=DIRECTION('',(-1.E0,0.E0,0.E0));
#1353=DIRECTION('',(0.E0,0.E0,-1.E0));
#1354=AXIS2_PLACEMENT_3D('',#1351,#1352,#1353);
#1355=CYLINDRICAL_SURFACE('',#1354,5.027256110900E-1);
#1357=ORIENTED_EDGE('',*,*,#1356,.T.);
#1359=ORIENTED_EDGE('',*,*,#1358,.F.);
#1361=ORIENTED_EDGE('',*,*,#1360,.T.);
#1363=ORIENTED_EDGE('',*,*,#1362,.F.);
#1364=EDGE_LOOP('',(#1357,#1359,#1361,#1363));
#1365=FACE_OUTER_BOUND('',#1364,.F.);
#1366=ADVANCED_FACE('',(#1365),#1355,.F.);
#1367=CARTESIAN_POINT('',(5.199706934368E0,1.258807988740E-1,2.642644273447E0));
#1368=DIRECTION('',(0.E0,0.E0,-1.E0));
#1369=DIRECTION('',(-1.E0,0.E0,0.E0));
#1370=AXIS2_PLACEMENT_3D('',#1367,#1368,#1369);
#1371=PLANE('',#1370);
#1373=ORIENTED_EDGE('',*,*,#1372,.F.);
#1375=ORIENTED_EDGE('',*,*,#1374,.F.);
#1376=ORIENTED_EDGE('',*,*,#1356,.F.);
#1378=ORIENTED_EDGE('',*,*,#1377,.T.);
#1379=EDGE_LOOP('',(#1373,#1375,#1376,#1378));
#1380=FACE_OUTER_BOUND('',#1379,.F.);
#1381=ADVANCED_FACE('',(#1380),#1371,.T.);
#1382=CARTESIAN_POINT('',(4.799729477878E0,9.758328939150E-1,2.267665407987E0));
#1383=DIRECTION('',(0.E0,8.320502943380E-1,-5.547001962250E-1));
#1384=DIRECTION('',(0.E0,5.547001962250E-1,8.320502943380E-1));
#1385=AXIS2_PLACEMENT_3D('',#1382,#1383,#1384);
#1386=PLANE('',#1385);
#1387=ORIENTED_EDGE('',*,*,#1372,.T.);
#1389=ORIENTED_EDGE('',*,*,#1388,.F.);
#1391=ORIENTED_EDGE('',*,*,#1390,.F.);
#1393=ORIENTED_EDGE('',*,*,#1392,.F.);
#1394=EDGE_LOOP('',(#1387,#1389,#1391,#1393));
#1395=FACE_OUTER_BOUND('',#1394,.F.);
#1396=ADVANCED_FACE('',(#1395),#1386,.T.);
#1397=CARTESIAN_POINT('',(4.399752021389E0,1.258807988740E-1,2.642644273447E0));
#1398=DIRECTION('',(-1.E0,0.E0,0.E0));
#1399=DIRECTION('',(0.E0,0.E0,1.E0));
#1400=AXIS2_PLACEMENT_3D('',#1397,#1398,#1399);
#1401=PLANE('',#1400);
#1403=ORIENTED_EDGE('',*,*,#1402,.T.);
#1405=ORIENTED_EDGE('',*,*,#1404,.T.);
#1407=ORIENTED_EDGE('',*,*,#1406,.T.);
#1409=ORIENTED_EDGE('',*,*,#1408,.T.);
#1411=ORIENTED_EDGE('',*,*,#1410,.T.);
#1413=ORIENTED_EDGE('',*,*,#1412,.T.);
#1415=ORIENTED_EDGE('',*,*,#1414,.F.);
#1417=ORIENTED_EDGE('',*,*,#1416,.F.);
#1418=ORIENTED_EDGE('',*,*,#1388,.T.);
#1419=ORIENTED_EDGE('',*,*,#1377,.F.);
#1420=ORIENTED_EDGE('',*,*,#1362,.T.);
#1422=ORIENTED_EDGE('',*,*,#1421,.F.);
#1423=EDGE_LOOP('',(#1403,#1405,#1407,#1409,#1411,#1413,#1415,#1417,#1418,#1419,
#1420,#1422));
#1424=FACE_OUTER_BOUND('',#1423,.F.);
#1425=ADVANCED_FACE('',(#1424),#1401,.T.);
#1426=CARTESIAN_POINT('',(-2.434722774272E1,4.625627184385E0,
-2.557062660922E0));
#1427=DIRECTION('',(1.E0,0.E0,0.E0));
#1428=DIRECTION('',(0.E0,1.E0,0.E0));
#1429=AXIS2_PLACEMENT_3D('',#1426,#1427,#1428);
#1430=CYLINDRICAL_SURFACE('',#1429,6.499633667960E-1);
#1432=ORIENTED_EDGE('',*,*,#1431,.F.);
#1434=ORIENTED_EDGE('',*,*,#1433,.F.);
#1436=ORIENTED_EDGE('',*,*,#1435,.F.);
#1437=ORIENTED_EDGE('',*,*,#1402,.F.);
#1438=EDGE_LOOP('',(#1432,#1434,#1436,#1437));
#1439=FACE_OUTER_BOUND('',#1438,.F.);
#1440=ADVANCED_FACE('',(#1439),#1430,.T.);
#1441=CARTESIAN_POINT('',(5.199706934368E0,3.975663817589E0,2.139918662356E0));
#1442=DIRECTION('',(0.E0,-1.E0,0.E0));
#1443=DIRECTION('',(-1.E0,0.E0,0.E0));
#1444=AXIS2_PLACEMENT_3D('',#1441,#1442,#1443);
#1445=PLANE('',#1444);
#1446=ORIENTED_EDGE('',*,*,#1431,.T.);
#1447=ORIENTED_EDGE('',*,*,#1421,.T.);
#1448=ORIENTED_EDGE('',*,*,#1360,.F.);
#1450=ORIENTED_EDGE('',*,*,#1449,.F.);
#1451=EDGE_LOOP('',(#1446,#1447,#1448,#1450));
#1452=FACE_OUTER_BOUND('',#1451,.F.);
#1453=ADVANCED_FACE('',(#1452),#1445,.T.);
#1454=CARTESIAN_POINT('',(5.199706934368E0,1.258807988740E-1,3.942571007039E0));
#1455=DIRECTION('',(1.E0,0.E0,0.E0));
#1456=DIRECTION('',(0.E0,0.E0,-1.E0));
#1457=AXIS2_PLACEMENT_3D('',#1454,#1455,#1456);
#1458=PLANE('',#1457);
#1459=ORIENTED_EDGE('',*,*,#1433,.T.);
#1460=ORIENTED_EDGE('',*,*,#1449,.T.);
#1461=ORIENTED_EDGE('',*,*,#1358,.T.);
#1462=ORIENTED_EDGE('',*,*,#1374,.T.);
#1463=ORIENTED_EDGE('',*,*,#1392,.T.);
#1465=ORIENTED_EDGE('',*,*,#1464,.T.);
#1467=ORIENTED_EDGE('',*,*,#1466,.F.);
#1469=ORIENTED_EDGE('',*,*,#1468,.F.);
#1471=ORIENTED_EDGE('',*,*,#1470,.T.);
#1473=ORIENTED_EDGE('',*,*,#1472,.F.);
#1475=ORIENTED_EDGE('',*,*,#1474,.T.);
#1477=ORIENTED_EDGE('',*,*,#1476,.F.);
#1478=EDGE_LOOP('',(#1459,#1460,#1461,#1462,#1463,#1465,#1467,#1469,#1471,#1473,
#1475,#1477));
#1479=FACE_OUTER_BOUND('',#1478,.F.);
#1480=ADVANCED_FACE('',(#1479),#1458,.T.);
#1481=CARTESIAN_POINT('',(5.199706934368E0,1.258807988740E-1,1.892686542528E0));
#1482=DIRECTION('',(0.E0,0.E0,-1.E0));
#1483=DIRECTION('',(-1.E0,0.E0,0.E0));
#1484=AXIS2_PLACEMENT_3D('',#1481,#1482,#1483);
#1485=PLANE('',#1484);
#1486=ORIENTED_EDGE('',*,*,#1390,.T.);
#1487=ORIENTED_EDGE('',*,*,#1416,.T.);
#1489=ORIENTED_EDGE('',*,*,#1488,.T.);
#1490=ORIENTED_EDGE('',*,*,#1464,.F.);
#1491=EDGE_LOOP('',(#1486,#1487,#1489,#1490));
#1492=FACE_OUTER_BOUND('',#1491,.F.);
#1493=ADVANCED_FACE('',(#1492),#1485,.T.);
#1494=CARTESIAN_POINT('',(6.499633667960E0,1.258807988740E-1,
2.427795345070E-1));
#1495=DIRECTION('',(0.E0,1.E0,0.E0));
#1496=DIRECTION('',(-1.E0,0.E0,0.E0));
#1497=AXIS2_PLACEMENT_3D('',#1494,#1495,#1496);
#1498=PLANE('',#1497);
#1500=ORIENTED_EDGE('',*,*,#1499,.T.);
#1502=ORIENTED_EDGE('',*,*,#1501,.F.);
#1504=ORIENTED_EDGE('',*,*,#1503,.F.);
#1506=ORIENTED_EDGE('',*,*,#1505,.T.);
#1507=EDGE_LOOP('',(#1500,#1502,#1504,#1506));
#1508=FACE_OUTER_BOUND('',#1507,.F.);
#1509=ORIENTED_EDGE('',*,*,#1414,.T.);
#1511=ORIENTED_EDGE('',*,*,#1510,.F.);
#1512=ORIENTED_EDGE('',*,*,#1466,.T.);
#1513=ORIENTED_EDGE('',*,*,#1488,.F.);
#1514=EDGE_LOOP('',(#1509,#1511,#1512,#1513));
#1515=FACE_BOUND('',#1514,.F.);
#1517=ORIENTED_EDGE('',*,*,#1516,.T.);
#1519=ORIENTED_EDGE('',*,*,#1518,.F.);
#1521=ORIENTED_EDGE('',*,*,#1520,.T.);
#1523=ORIENTED_EDGE('',*,*,#1522,.F.);
#1524=EDGE_LOOP('',(#1517,#1519,#1521,#1523));
#1525=FACE_BOUND('',#1524,.F.);
#1527=ORIENTED_EDGE('',*,*,#1526,.T.);
#1529=ORIENTED_EDGE('',*,*,#1528,.F.);
#1531=ORIENTED_EDGE('',*,*,#1530,.T.);
#1533=ORIENTED_EDGE('',*,*,#1532,.F.);
#1534=EDGE_LOOP('',(#1527,#1529,#1531,#1533));
#1535=FACE_BOUND('',#1534,.F.);
#1536=ADVANCED_FACE('',(#1508,#1515,#1525,#1535),#1498,.T.);
#1537=CARTESIAN_POINT('',(0.E0,-2.898948715831E0,2.427795345070E-1));
#1538=DIRECTION('',(0.E0,0.E0,1.E0));
#1539=DIRECTION('',(1.E0,0.E0,0.E0));
#1540=AXIS2_PLACEMENT_3D('',#1537,#1538,#1539);
#1541=PLANE('',#1540);
#1543=ORIENTED_EDGE('',*,*,#1542,.F.);
#1545=ORIENTED_EDGE('',*,*,#1544,.F.);
#1547=ORIENTED_EDGE('',*,*,#1546,.F.);
#1548=ORIENTED_EDGE('',*,*,#1499,.F.);
#1549=EDGE_LOOP('',(#1543,#1545,#1547,#1548));
#1550=FACE_OUTER_BOUND('',#1549,.F.);
#1552=ORIENTED_EDGE('',*,*,#1551,.T.);
#1554=ORIENTED_EDGE('',*,*,#1553,.F.);
#1556=ORIENTED_EDGE('',*,*,#1555,.F.);
#1558=ORIENTED_EDGE('',*,*,#1557,.F.);
#1559=EDGE_LOOP('',(#1552,#1554,#1556,#1558));
#1560=FACE_BOUND('',#1559,.F.);
#1562=ORIENTED_EDGE('',*,*,#1561,.F.);
#1564=ORIENTED_EDGE('',*,*,#1563,.F.);
#1566=ORIENTED_EDGE('',*,*,#1565,.F.);
#1568=ORIENTED_EDGE('',*,*,#1567,.F.);
#1569=EDGE_LOOP('',(#1562,#1564,#1566,#1568));
#1570=FACE_BOUND('',#1569,.F.);
#1572=ORIENTED_EDGE('',*,*,#1571,.F.);
#1574=ORIENTED_EDGE('',*,*,#1573,.F.);
#1576=ORIENTED_EDGE('',*,*,#1575,.F.);
#1578=ORIENTED_EDGE('',*,*,#1577,.F.);
#1579=EDGE_LOOP('',(#1572,#1574,#1576,#1578));
#1580=FACE_BOUND('',#1579,.F.);
#1581=ADVANCED_FACE('',(#1550,#1560,#1570,#1580),#1541,.F.);
#1582=CARTESIAN_POINT('',(-6.499633667960E0,1.258807988740E-1,
2.427795345070E-1));
#1583=DIRECTION('',(-1.E0,0.E0,0.E0));
#1584=DIRECTION('',(0.E0,-1.E0,0.E0));
#1585=AXIS2_PLACEMENT_3D('',#1582,#1583,#1584);
#1586=PLANE('',#1585);
#1587=ORIENTED_EDGE('',*,*,#1542,.T.);
#1588=ORIENTED_EDGE('',*,*,#1505,.F.);
#1590=ORIENTED_EDGE('',*,*,#1589,.F.);
#1592=ORIENTED_EDGE('',*,*,#1591,.T.);
#1593=EDGE_LOOP('',(#1587,#1588,#1590,#1592));
#1594=FACE_OUTER_BOUND('',#1593,.F.);
#1595=ADVANCED_FACE('',(#1594),#1586,.T.);
#1596=CARTESIAN_POINT('',(0.E0,-2.898948715831E0,6.342435745978E0));
#1597=DIRECTION('',(0.E0,0.E0,1.E0));
#1598=DIRECTION('',(1.E0,0.E0,0.E0));
#1599=AXIS2_PLACEMENT_3D('',#1596,#1597,#1598);
#1600=PLANE('',#1599);
#1601=ORIENTED_EDGE('',*,*,#1589,.T.);
#1602=ORIENTED_EDGE('',*,*,#1503,.T.);
#1604=ORIENTED_EDGE('',*,*,#1603,.T.);
#1606=ORIENTED_EDGE('',*,*,#1605,.T.);
#1607=EDGE_LOOP('',(#1601,#1602,#1604,#1606));
#1608=FACE_OUTER_BOUND('',#1607,.F.);
#1610=ORIENTED_EDGE('',*,*,#1609,.T.);
#1612=ORIENTED_EDGE('',*,*,#1611,.T.);
#1614=ORIENTED_EDGE('',*,*,#1613,.T.);
#1616=ORIENTED_EDGE('',*,*,#1615,.T.);
#1617=EDGE_LOOP('',(#1610,#1612,#1614,#1616));
#1618=FACE_BOUND('',#1617,.F.);
#1620=ORIENTED_EDGE('',*,*,#1619,.F.);
#1622=ORIENTED_EDGE('',*,*,#1621,.T.);
#1624=ORIENTED_EDGE('',*,*,#1623,.T.);
#1626=ORIENTED_EDGE('',*,*,#1625,.T.);
#1627=EDGE_LOOP('',(#1620,#1622,#1624,#1626));
#1628=FACE_BOUND('',#1627,.F.);
#1630=ORIENTED_EDGE('',*,*,#1629,.F.);
#1632=ORIENTED_EDGE('',*,*,#1631,.T.);
#1634=ORIENTED_EDGE('',*,*,#1633,.T.);
#1636=ORIENTED_EDGE('',*,*,#1635,.T.);
#1637=EDGE_LOOP('',(#1630,#1632,#1634,#1636));
#1638=FACE_BOUND('',#1637,.F.);
#1639=ADVANCED_FACE('',(#1608,#1618,#1628,#1638),#1600,.T.);
#1640=CARTESIAN_POINT('',(6.499633667960E0,-5.923778230535E0,
2.427795345070E-1));
#1641=DIRECTION('',(1.E0,0.E0,0.E0));
#1642=DIRECTION('',(0.E0,1.E0,0.E0));
#1643=AXIS2_PLACEMENT_3D('',#1640,#1641,#1642);
#1644=PLANE('',#1643);
#1645=ORIENTED_EDGE('',*,*,#1546,.T.);
#1647=ORIENTED_EDGE('',*,*,#1646,.F.);
#1648=ORIENTED_EDGE('',*,*,#1603,.F.);
#1649=ORIENTED_EDGE('',*,*,#1501,.T.);
#1650=EDGE_LOOP('',(#1645,#1647,#1648,#1649));
#1651=FACE_OUTER_BOUND('',#1650,.F.);
#1652=ADVANCED_FACE('',(#1651),#1644,.T.);
#1653=CARTESIAN_POINT('',(-6.499633667960E0,-5.923778230535E0,
2.427795345070E-1));
#1654=DIRECTION('',(0.E0,-1.E0,0.E0));
#1655=DIRECTION('',(1.E0,0.E0,0.E0));
#1656=AXIS2_PLACEMENT_3D('',#1653,#1654,#1655);
#1657=PLANE('',#1656);
#1658=ORIENTED_EDGE('',*,*,#1544,.T.);
#1659=ORIENTED_EDGE('',*,*,#1591,.F.);
#1660=ORIENTED_EDGE('',*,*,#1605,.F.);
#1661=ORIENTED_EDGE('',*,*,#1646,.T.);
#1662=EDGE_LOOP('',(#1658,#1659,#1660,#1661));
#1663=FACE_OUTER_BOUND('',#1662,.F.);
#1665=ORIENTED_EDGE('',*,*,#1664,.F.);
#1667=ORIENTED_EDGE('',*,*,#1666,.F.);
#1669=ORIENTED_EDGE('',*,*,#1668,.F.);
#1671=ORIENTED_EDGE('',*,*,#1670,.F.);
#1672=EDGE_LOOP('',(#1665,#1667,#1669,#1671));
#1673=FACE_BOUND('',#1672,.F.);
#1674=ADVANCED_FACE('',(#1663,#1673),#1657,.T.);
#1675=CARTESIAN_POINT('',(4.762690883151E0,-5.923778230535E0,5.555166391756E0));
#1676=DIRECTION('',(0.E0,0.E0,1.E0));
#1677=DIRECTION('',(-1.E0,0.E0,0.E0));
#1678=AXIS2_PLACEMENT_3D('',#1675,#1676,#1677);
#1679=PLANE('',#1678);
#1680=ORIENTED_EDGE('',*,*,#1664,.T.);
#1682=ORIENTED_EDGE('',*,*,#1681,.F.);
#1684=ORIENTED_EDGE('',*,*,#1683,.F.);
#1686=ORIENTED_EDGE('',*,*,#1685,.T.);
#1687=EDGE_LOOP('',(#1680,#1682,#1684,#1686));
#1688=FACE_OUTER_BOUND('',#1687,.F.);
#1689=ADVANCED_FACE('',(#1688),#1679,.T.);
#1690=CARTESIAN_POINT('',(4.762690883151E0,-5.923778230535E0,1.062061785011E0));
#1691=DIRECTION('',(1.E0,0.E0,0.E0));
#1692=DIRECTION('',(0.E0,0.E0,1.E0));
#1693=AXIS2_PLACEMENT_3D('',#1690,#1691,#1692);
#1694=PLANE('',#1693);
#1695=ORIENTED_EDGE('',*,*,#1670,.T.);
#1697=ORIENTED_EDGE('',*,*,#1696,.F.);
#1699=ORIENTED_EDGE('',*,*,#1698,.F.);
#1700=ORIENTED_EDGE('',*,*,#1681,.T.);
#1701=EDGE_LOOP('',(#1695,#1697,#1699,#1700));
#1702=FACE_OUTER_BOUND('',#1701,.F.);
#1703=ADVANCED_FACE('',(#1702),#1694,.T.);
#1704=CARTESIAN_POINT('',(-4.762690883151E0,-5.923778230535E0,
1.062061785011E0));
#1705=DIRECTION('',(0.E0,0.E0,-1.E0));
#1706=DIRECTION('',(1.E0,0.E0,0.E0));
#1707=AXIS2_PLACEMENT_3D('',#1704,#1705,#1706);
#1708=PLANE('',#1707);
#1709=ORIENTED_EDGE('',*,*,#1668,.T.);
#1711=ORIENTED_EDGE('',*,*,#1710,.F.);
#1713=ORIENTED_EDGE('',*,*,#1712,.F.);
#1714=ORIENTED_EDGE('',*,*,#1696,.T.);
#1715=EDGE_LOOP('',(#1709,#1711,#1713,#1714));
#1716=FACE_OUTER_BOUND('',#1715,.F.);
#1717=ADVANCED_FACE('',(#1716),#1708,.T.);
#1718=CARTESIAN_POINT('',(-4.762690883151E0,-5.923778230535E0,
5.555166391756E0));
#1719=DIRECTION('',(-1.E0,0.E0,0.E0));
#1720=DIRECTION('',(0.E0,0.E0,-1.E0));
#1721=AXIS2_PLACEMENT_3D('',#1718,#1719,#1720);
#1722=PLANE('',#1721);
#1723=ORIENTED_EDGE('',*,*,#1666,.T.);
#1724=ORIENTED_EDGE('',*,*,#1685,.F.);
#1726=ORIENTED_EDGE('',*,*,#1725,.F.);
#1727=ORIENTED_EDGE('',*,*,#1710,.T.);
#1728=EDGE_LOOP('',(#1723,#1724,#1726,#1727));
#1729=FACE_OUTER_BOUND('',#1728,.F.);
#1730=ADVANCED_FACE('',(#1729),#1722,.T.);
#1731=CARTESIAN_POINT('',(0.E0,-5.943777103360E0,2.427795345070E-1));
#1732=DIRECTION('',(0.E0,-1.E0,0.E0));
#1733=DIRECTION('',(1.E0,0.E0,0.E0));
#1734=AXIS2_PLACEMENT_3D('',#1731,#1732,#1733);
#1735=PLANE('',#1734);
#1736=ORIENTED_EDGE('',*,*,#1683,.T.);
#1737=ORIENTED_EDGE('',*,*,#1698,.T.);
#1738=ORIENTED_EDGE('',*,*,#1712,.T.);
#1739=ORIENTED_EDGE('',*,*,#1725,.T.);
#1740=EDGE_LOOP('',(#1736,#1737,#1738,#1739));
#1741=FACE_OUTER_BOUND('',#1740,.F.);
#1743=ORIENTED_EDGE('',*,*,#1742,.F.);
#1745=ORIENTED_EDGE('',*,*,#1744,.F.);
#1747=ORIENTED_EDGE('',*,*,#1746,.F.);
#1749=ORIENTED_EDGE('',*,*,#1748,.F.);
#1750=EDGE_LOOP('',(#1743,#1745,#1747,#1749));
#1751=FACE_BOUND('',#1750,.F.);
#1752=ADVANCED_FACE('',(#1741,#1751),#1735,.T.);
#1753=CARTESIAN_POINT('',(-7.999549129800E-1,-5.943777103360E0,
5.292494922692E0));
#1754=DIRECTION('',(-1.E0,0.E0,0.E0));
#1755=DIRECTION('',(0.E0,0.E0,-1.E0));
#1756=AXIS2_PLACEMENT_3D('',#1753,#1754,#1755);
#1757=PLANE('',#1756);
#1759=ORIENTED_EDGE('',*,*,#1758,.F.);
#1761=ORIENTED_EDGE('',*,*,#1760,.T.);
#1762=ORIENTED_EDGE('',*,*,#1742,.T.);
#1764=ORIENTED_EDGE('',*,*,#1763,.F.);
#1765=EDGE_LOOP('',(#1759,#1761,#1762,#1764));
#1766=FACE_OUTER_BOUND('',#1765,.F.);
#1767=ADVANCED_FACE('',(#1766),#1757,.T.);
#1768=CARTESIAN_POINT('',(-7.999549129800E-1,-1.045461965859E1,
1.292720357793E0));
#1769=DIRECTION('',(6.069084791088E-1,7.947717269668E-1,0.E0));
#1770=DIRECTION('',(7.947717269668E-1,-6.069084791088E-1,0.E0));
#1771=AXIS2_PLACEMENT_3D('',#1768,#1769,#1770);
#1772=PLANE('',#1771);
#1773=ORIENTED_EDGE('',*,*,#1758,.T.);
#1775=ORIENTED_EDGE('',*,*,#1774,.F.);
#1777=ORIENTED_EDGE('',*,*,#1776,.T.);
#1779=ORIENTED_EDGE('',*,*,#1778,.F.);
#1780=EDGE_LOOP('',(#1773,#1775,#1777,#1779));
#1781=FACE_OUTER_BOUND('',#1780,.F.);
#1782=ADVANCED_FACE('',(#1781),#1772,.F.);
#1783=CARTESIAN_POINT('',(3.199819651919E0,-5.943777103360E0,5.292494922692E0));
#1784=DIRECTION('',(0.E0,0.E0,1.E0));
#1785=DIRECTION('',(-1.E0,0.E0,0.E0));
#1786=AXIS2_PLACEMENT_3D('',#1783,#1784,#1785);
#1787=PLANE('',#1786);
#1788=ORIENTED_EDGE('',*,*,#1774,.T.);
#1789=ORIENTED_EDGE('',*,*,#1763,.T.);
#1790=ORIENTED_EDGE('',*,*,#1748,.T.);
#1792=ORIENTED_EDGE('',*,*,#1791,.F.);
#1794=ORIENTED_EDGE('',*,*,#1793,.T.);
#1796=ORIENTED_EDGE('',*,*,#1795,.T.);
#1798=ORIENTED_EDGE('',*,*,#1797,.T.);
#1800=ORIENTED_EDGE('',*,*,#1799,.T.);
#1802=ORIENTED_EDGE('',*,*,#1801,.T.);
#1804=ORIENTED_EDGE('',*,*,#1803,.T.);
#1806=ORIENTED_EDGE('',*,*,#1805,.T.);
#1808=ORIENTED_EDGE('',*,*,#1807,.T.);
#1810=ORIENTED_EDGE('',*,*,#1809,.T.);
#1812=ORIENTED_EDGE('',*,*,#1811,.T.);
#1814=ORIENTED_EDGE('',*,*,#1813,.T.);
#1815=EDGE_LOOP('',(#1788,#1789,#1790,#1792,#1794,#1796,#1798,#1800,#1802,#1804,
#1806,#1808,#1810,#1812,#1814));
#1816=FACE_OUTER_BOUND('',#1815,.F.);
#1817=ADVANCED_FACE('',(#1816),#1787,.T.);
#1818=CARTESIAN_POINT('',(3.199819651919E0,-5.943777103360E0,1.292720357793E0));
#1819=DIRECTION('',(1.E0,0.E0,0.E0));
#1820=DIRECTION('',(0.E0,0.E0,1.E0));
#1821=AXIS2_PLACEMENT_3D('',#1818,#1819,#1820);
#1822=PLANE('',#1821);
#1824=ORIENTED_EDGE('',*,*,#1823,.F.);
#1825=ORIENTED_EDGE('',*,*,#1791,.T.);
#1826=ORIENTED_EDGE('',*,*,#1746,.T.);
#1828=ORIENTED_EDGE('',*,*,#1827,.F.);
#1829=EDGE_LOOP('',(#1824,#1825,#1826,#1828));
#1830=FACE_OUTER_BOUND('',#1829,.F.);
#1831=ADVANCED_FACE('',(#1830),#1822,.T.);
#1832=CARTESIAN_POINT('',(2.747445148629E0,-1.071465125709E1,1.292720357793E0));
#1833=DIRECTION('',(-3.345980922220E-1,9.423609269709E-1,0.E0));
#1834=DIRECTION('',(9.423609269709E-1,3.345980922220E-1,0.E0));
#1835=AXIS2_PLACEMENT_3D('',#1832,#1833,#1834);
#1836=PLANE('',#1835);
#1838=ORIENTED_EDGE('',*,*,#1837,.F.);
#1840=ORIENTED_EDGE('',*,*,#1839,.F.);
#1841=ORIENTED_EDGE('',*,*,#1793,.F.);
#1842=ORIENTED_EDGE('',*,*,#1823,.T.);
#1843=EDGE_LOOP('',(#1838,#1840,#1841,#1842));
#1844=FACE_OUTER_BOUND('',#1843,.F.);
#1845=ADVANCED_FACE('',(#1844),#1836,.F.);
#1846=CARTESIAN_POINT('',(-7.999549129800E-1,-5.943777103360E0,
1.292720357793E0));
#1847=DIRECTION('',(0.E0,0.E0,-1.E0));
#1848=DIRECTION('',(1.E0,0.E0,0.E0));
#1849=AXIS2_PLACEMENT_3D('',#1846,#1847,#1848);
#1850=PLANE('',#1849);
#1851=ORIENTED_EDGE('',*,*,#1778,.T.);
#1853=ORIENTED_EDGE('',*,*,#1852,.T.);
#1855=ORIENTED_EDGE('',*,*,#1854,.T.);
#1857=ORIENTED_EDGE('',*,*,#1856,.T.);
#1859=ORIENTED_EDGE('',*,*,#1858,.T.);
#1861=ORIENTED_EDGE('',*,*,#1860,.T.);
#1863=ORIENTED_EDGE('',*,*,#1862,.T.);
#1865=ORIENTED_EDGE('',*,*,#1864,.T.);
#1867=ORIENTED_EDGE('',*,*,#1866,.T.);
#1869=ORIENTED_EDGE('',*,*,#1868,.T.);
#1871=ORIENTED_EDGE('',*,*,#1870,.T.);
#1872=ORIENTED_EDGE('',*,*,#1837,.T.);
#1873=ORIENTED_EDGE('',*,*,#1827,.T.);
#1874=ORIENTED_EDGE('',*,*,#1744,.T.);
#1875=ORIENTED_EDGE('',*,*,#1760,.F.);
#1876=EDGE_LOOP('',(#1851,#1853,#1855,#1857,#1859,#1861,#1863,#1865,#1867,#1869,
#1871,#1872,#1873,#1874,#1875));
#1877=FACE_OUTER_BOUND('',#1876,.F.);
#1878=ADVANCED_FACE('',(#1877),#1850,.T.);
#1879=CARTESIAN_POINT('',(-5.795673344540E-1,-1.062291337810E1,
1.292720357793E0));
#1880=DIRECTION('',(7.661454025098E-1,6.426672717768E-1,0.E0));
#1881=DIRECTION('',(6.426672717768E-1,-7.661454025098E-1,0.E0));
#1882=AXIS2_PLACEMENT_3D('',#1879,#1880,#1881);
#1883=PLANE('',#1882);
#1884=ORIENTED_EDGE('',*,*,#1852,.F.);
#1885=ORIENTED_EDGE('',*,*,#1776,.F.);
#1886=ORIENTED_EDGE('',*,*,#1813,.F.);
#1888=ORIENTED_EDGE('',*,*,#1887,.T.);
#1889=EDGE_LOOP('',(#1884,#1885,#1886,#1888));
#1890=FACE_OUTER_BOUND('',#1889,.F.);
#1891=ADVANCED_FACE('',(#1890),#1883,.F.);
#1892=CARTESIAN_POINT('',(-1.177324712770E-1,-1.117348234696E1,
1.292720357793E0));
#1893=DIRECTION('',(-9.207985153618E-1,3.900385802809E-1,0.E0));
#1894=DIRECTION('',(3.900385802809E-1,9.207985153618E-1,0.E0));
#1895=AXIS2_PLACEMENT_3D('',#1892,#1893,#1894);
#1896=PLANE('',#1895);
#1897=ORIENTED_EDGE('',*,*,#1854,.F.);
#1898=ORIENTED_EDGE('',*,*,#1887,.F.);
#1899=ORIENTED_EDGE('',*,*,#1811,.F.);
#1901=ORIENTED_EDGE('',*,*,#1900,.T.);
#1902=EDGE_LOOP('',(#1897,#1898,#1899,#1901));
#1903=FACE_OUTER_BOUND('',#1902,.F.);
#1904=ADVANCED_FACE('',(#1903),#1896,.F.);
#1905=CARTESIAN_POINT('',(1.463593413300E-1,-1.055001748666E1,
1.292720357793E0));
#1906=DIRECTION('',(8.804318402517E-1,4.741727266208E-1,0.E0));
#1907=DIRECTION('',(4.741727266208E-1,-8.804318402517E-1,0.E0));
#1908=AXIS2_PLACEMENT_3D('',#1905,#1906,#1907);
#1909=PLANE('',#1908);
#1910=ORIENTED_EDGE('',*,*,#1856,.F.);
#1911=ORIENTED_EDGE('',*,*,#1900,.F.);
#1912=ORIENTED_EDGE('',*,*,#1809,.F.);
#1914=ORIENTED_EDGE('',*,*,#1913,.T.);
#1915=EDGE_LOOP('',(#1910,#1911,#1912,#1914));
#1916=FACE_OUTER_BOUND('',#1915,.F.);
#1917=ADVANCED_FACE('',(#1916),#1909,.F.);
#1918=CARTESIAN_POINT('',(4.821377846420E-1,-1.117348234696E1,
1.292720357793E0));
#1919=DIRECTION('',(-8.990822951606E-1,4.377796552248E-1,0.E0));
#1920=DIRECTION('',(4.377796552248E-1,8.990822951606E-1,0.E0));
#1921=AXIS2_PLACEMENT_3D('',#1918,#1919,#1920);
#1922=PLANE('',#1921);
#1923=ORIENTED_EDGE('',*,*,#1858,.F.);
#1924=ORIENTED_EDGE('',*,*,#1913,.F.);
#1925=ORIENTED_EDGE('',*,*,#1807,.F.);
#1927=ORIENTED_EDGE('',*,*,#1926,.T.);
#1928=EDGE_LOOP('',(#1923,#1924,#1925,#1927));
#1929=FACE_OUTER_BOUND('',#1928,.F.);
#1930=ADVANCED_FACE('',(#1929),#1922,.F.);
#1931=CARTESIAN_POINT('',(7.130214465930E-1,-1.069930907229E1,
1.292720357793E0));
#1932=DIRECTION('',(8.804318402517E-1,4.741727266208E-1,0.E0));
#1933=DIRECTION('',(4.741727266208E-1,-8.804318402517E-1,0.E0));
#1934=AXIS2_PLACEMENT_3D('',#1931,#1932,#1933);
#1935=PLANE('',#1934);
#1936=ORIENTED_EDGE('',*,*,#1860,.F.);
#1937=ORIENTED_EDGE('',*,*,#1926,.F.);
#1938=ORIENTED_EDGE('',*,*,#1805,.F.);
#1940=ORIENTED_EDGE('',*,*,#1939,.T.);
#1941=EDGE_LOOP('',(#1936,#1937,#1938,#1940));
#1942=FACE_OUTER_BOUND('',#1941,.F.);
#1943=ADVANCED_FACE('',(#1942),#1935,.F.);
#1944=CARTESIAN_POINT('',(9.683961664300E-1,-1.117348234696E1,
1.292720357793E0));
#1945=DIRECTION('',(-7.477065405729E-1,6.640293134979E-1,0.E0));
#1946=DIRECTION('',(6.640293134979E-1,7.477065405729E-1,0.E0));
#1947=AXIS2_PLACEMENT_3D('',#1944,#1945,#1946);
#1948=PLANE('',#1947);
#1949=ORIENTED_EDGE('',*,*,#1862,.F.);
#1950=ORIENTED_EDGE('',*,*,#1939,.F.);
#1951=ORIENTED_EDGE('',*,*,#1803,.F.);
#1953=ORIENTED_EDGE('',*,*,#1952,.T.);
#1954=EDGE_LOOP('',(#1949,#1950,#1951,#1953));
#1955=FACE_OUTER_BOUND('',#1954,.F.);
#1956=ADVANCED_FACE('',(#1955),#1948,.F.);
#1957=CARTESIAN_POINT('',(1.478130031201E0,-1.059951469690E1,1.292720357793E0));
#1958=DIRECTION('',(8.804318402517E-1,4.741727266208E-1,0.E0));
#1959=DIRECTION('',(4.741727266208E-1,-8.804318402517E-1,0.E0));
#1960=AXIS2_PLACEMENT_3D('',#1957,#1958,#1959);
#1961=PLANE('',#1960);
#1962=ORIENTED_EDGE('',*,*,#1864,.F.);
#1963=ORIENTED_EDGE('',*,*,#1952,.F.);
#1964=ORIENTED_EDGE('',*,*,#1801,.F.);
#1966=ORIENTED_EDGE('',*,*,#1965,.T.);
#1967=EDGE_LOOP('',(#1962,#1963,#1964,#1966));
#1968=FACE_OUTER_BOUND('',#1967,.F.);
#1969=ADVANCED_FACE('',(#1968),#1961,.F.);
#1970=CARTESIAN_POINT('',(1.787250843489E0,-1.117348234696E1,1.292720357793E0));
#1971=DIRECTION('',(-8.990822951606E-1,4.377796552248E-1,0.E0));
#1972=DIRECTION('',(4.377796552248E-1,8.990822951606E-1,0.E0));
#1973=AXIS2_PLACEMENT_3D('',#1970,#1971,#1972);
#1974=PLANE('',#1973);
#1975=ORIENTED_EDGE('',*,*,#1866,.F.);
#1976=ORIENTED_EDGE('',*,*,#1965,.F.);
#1977=ORIENTED_EDGE('',*,*,#1799,.F.);
#1979=ORIENTED_EDGE('',*,*,#1978,.T.);
#1980=EDGE_LOOP('',(#1975,#1976,#1977,#1979));
#1981=FACE_OUTER_BOUND('',#1980,.F.);
#1982=ADVANCED_FACE('',(#1981),#1974,.F.);
#1983=CARTESIAN_POINT('',(2.059082029628E0,-1.061521381206E1,1.292720357793E0));
#1984=DIRECTION('',(7.488932669949E-1,6.626906326859E-1,0.E0));
#1985=DIRECTION('',(6.626906326859E-1,-7.488932669949E-1,0.E0));
#1986=AXIS2_PLACEMENT_3D('',#1983,#1984,#1985);
#1987=PLANE('',#1986);
#1988=ORIENTED_EDGE('',*,*,#1868,.F.);
#1989=ORIENTED_EDGE('',*,*,#1978,.F.);
#1990=ORIENTED_EDGE('',*,*,#1797,.F.);
#1992=ORIENTED_EDGE('',*,*,#1991,.T.);
#1993=EDGE_LOOP('',(#1988,#1989,#1990,#1992));
#1994=FACE_OUTER_BOUND('',#1993,.F.);
#1995=ADVANCED_FACE('',(#1994),#1987,.F.);
#1996=CARTESIAN_POINT('',(2.553090114496E0,-1.117348234696E1,1.292720357793E0));
#1997=DIRECTION('',(-9.207985153618E-1,3.900385802809E-1,0.E0));
#1998=DIRECTION('',(3.900385802809E-1,9.207985153618E-1,0.E0));
#1999=AXIS2_PLACEMENT_3D('',#1996,#1997,#1998);
#2000=PLANE('',#1999);
#2001=ORIENTED_EDGE('',*,*,#1870,.F.);
#2002=ORIENTED_EDGE('',*,*,#1991,.F.);
#2003=ORIENTED_EDGE('',*,*,#1795,.F.);
#2004=ORIENTED_EDGE('',*,*,#1839,.T.);
#2005=EDGE_LOOP('',(#2001,#2002,#2003,#2004));
#2006=FACE_OUTER_BOUND('',#2005,.F.);
#2007=ADVANCED_FACE('',(#2006),#2000,.F.);
#2008=CARTESIAN_POINT('',(0.E0,-2.836227250935E0,6.342435745978E0));
#2009=DIRECTION('',(0.E0,0.E0,-1.E0));
#2010=DIRECTION('',(1.E0,0.E0,0.E0));
#2011=AXIS2_PLACEMENT_3D('',#2008,#2009,#2010);
#2012=CYLINDRICAL_SURFACE('',#2011,6.470635302360E-1);
#2014=ORIENTED_EDGE('',*,*,#2013,.F.);
#2016=ORIENTED_EDGE('',*,*,#2015,.F.);
#2017=ORIENTED_EDGE('',*,*,#1609,.F.);
#2019=ORIENTED_EDGE('',*,*,#2018,.F.);
#2020=EDGE_LOOP('',(#2014,#2016,#2017,#2019));
#2021=FACE_OUTER_BOUND('',#2020,.F.);
#2022=ADVANCED_FACE('',(#2021),#2012,.T.);
#2023=CARTESIAN_POINT('',(0.E0,-2.898948715831E0,6.592421656284E0));
#2024=DIRECTION('',(0.E0,0.E0,-1.E0));
#2025=DIRECTION('',(1.E0,0.E0,0.E0));
#2026=AXIS2_PLACEMENT_3D('',#2023,#2024,#2025);
#2027=PLANE('',#2026);
#2028=ORIENTED_EDGE('',*,*,#2013,.T.);
#2030=ORIENTED_EDGE('',*,*,#2029,.F.);
#2032=ORIENTED_EDGE('',*,*,#2031,.F.);
#2034=ORIENTED_EDGE('',*,*,#2033,.F.);
#2035=EDGE_LOOP('',(#2028,#2030,#2032,#2034));
#2036=FACE_OUTER_BOUND('',#2035,.F.);
#2037=ADVANCED_FACE('',(#2036),#2027,.F.);
#2038=CARTESIAN_POINT('',(-6.470635302360E-1,-2.836227250935E0,
6.342435745978E0));
#2039=DIRECTION('',(1.E0,0.E0,0.E0));
#2040=DIRECTION('',(0.E0,1.E0,0.E0));
#2041=AXIS2_PLACEMENT_3D('',#2038,#2039,#2040);
#2042=PLANE('',#2041);
#2043=ORIENTED_EDGE('',*,*,#2018,.T.);
#2044=ORIENTED_EDGE('',*,*,#1615,.F.);
#2046=ORIENTED_EDGE('',*,*,#2045,.F.);
#2047=ORIENTED_EDGE('',*,*,#2029,.T.);
#2048=EDGE_LOOP('',(#2043,#2044,#2046,#2047));
#2049=FACE_OUTER_BOUND('',#2048,.F.);
#2050=ADVANCED_FACE('',(#2049),#2042,.F.);
#2051=CARTESIAN_POINT('',(-6.470635302360E-1,-1.803885435734E0,
6.342435745978E0));
#2052=DIRECTION('',(0.E0,-1.E0,0.E0));
#2053=DIRECTION('',(1.E0,0.E0,0.E0));
#2054=AXIS2_PLACEMENT_3D('',#2051,#2052,#2053);
#2055=PLANE('',#2054);
#2056=ORIENTED_EDGE('',*,*,#2045,.T.);
#2057=ORIENTED_EDGE('',*,*,#1613,.F.);
#2059=ORIENTED_EDGE('',*,*,#2058,.F.);
#2060=ORIENTED_EDGE('',*,*,#2031,.T.);
#2061=EDGE_LOOP('',(#2056,#2057,#2059,#2060));
#2062=FACE_OUTER_BOUND('',#2061,.F.);
#2063=ADVANCED_FACE('',(#2062),#2055,.F.);
#2064=CARTESIAN_POINT('',(6.470635302360E-1,-1.803885435734E0,
6.342435745978E0));
#2065=DIRECTION('',(-1.E0,0.E0,0.E0));
#2066=DIRECTION('',(0.E0,-1.E0,0.E0));
#2067=AXIS2_PLACEMENT_3D('',#2064,#2065,#2066);
#2068=PLANE('',#2067);
#2069=ORIENTED_EDGE('',*,*,#2015,.T.);
#2070=ORIENTED_EDGE('',*,*,#2033,.T.);
#2071=ORIENTED_EDGE('',*,*,#2058,.T.);
#2072=ORIENTED_EDGE('',*,*,#1611,.F.);
#2073=EDGE_LOOP('',(#2069,#2070,#2071,#2072));
#2074=FACE_OUTER_BOUND('',#2073,.F.);
#2075=ADVANCED_FACE('',(#2074),#2068,.F.);
#2076=CARTESIAN_POINT('',(-3.666693338007E0,-2.872500206520E0,
6.467428701131E0));
#2077=DIRECTION('',(0.E0,-3.363363969980E-1,9.417419115949E-1));
#2078=DIRECTION('',(0.E0,-9.417419115949E-1,-3.363363969980E-1));
#2079=AXIS2_PLACEMENT_3D('',#2076,#2077,#2078);
#2080=PLANE('',#2079);
#2082=ORIENTED_EDGE('',*,*,#2081,.F.);
#2083=ORIENTED_EDGE('',*,*,#1619,.T.);
#2085=ORIENTED_EDGE('',*,*,#2084,.F.);
#2087=ORIENTED_EDGE('',*,*,#2086,.F.);
#2088=EDGE_LOOP('',(#2082,#2083,#2085,#2087));
#2089=FACE_OUTER_BOUND('',#2088,.F.);
#2090=ADVANCED_FACE('',(#2089),#2080,.T.);
#2091=CARTESIAN_POINT('',(-2.271071997949E0,-2.190138665748E0,
6.342435745978E0));
#2092=DIRECTION('',(-1.E0,0.E0,0.E0));
#2093=DIRECTION('',(0.E0,-1.E0,0.E0));
#2094=AXIS2_PLACEMENT_3D('',#2091,#2092,#2093);
#2095=PLANE('',#2094);
#2096=ORIENTED_EDGE('',*,*,#2081,.T.);
#2098=ORIENTED_EDGE('',*,*,#2097,.T.);
#2100=ORIENTED_EDGE('',*,*,#2099,.T.);
#2101=ORIENTED_EDGE('',*,*,#1621,.F.);
#2102=EDGE_LOOP('',(#2096,#2098,#2100,#2101));
#2103=FACE_OUTER_BOUND('',#2102,.F.);
#2104=ADVANCED_FACE('',(#2103),#2095,.F.);
#2105=CARTESIAN_POINT('',(0.E0,-2.898948715831E0,6.592421656284E0));
#2106=DIRECTION('',(0.E0,0.E0,-1.E0));
#2107=DIRECTION('',(1.E0,0.E0,0.E0));
#2108=AXIS2_PLACEMENT_3D('',#2105,#2106,#2107);
#2109=PLANE('',#2108);
#2110=ORIENTED_EDGE('',*,*,#2086,.T.);
#2112=ORIENTED_EDGE('',*,*,#2111,.F.);
#2114=ORIENTED_EDGE('',*,*,#2113,.F.);
#2115=ORIENTED_EDGE('',*,*,#2097,.F.);
#2116=EDGE_LOOP('',(#2110,#2112,#2114,#2115));
#2117=FACE_OUTER_BOUND('',#2116,.F.);
#2118=ADVANCED_FACE('',(#2117),#2109,.F.);
#2119=CARTESIAN_POINT('',(-5.062314678064E0,-3.222480480949E0,
6.342435745978E0));
#2120=DIRECTION('',(1.E0,0.E0,0.E0));
#2121=DIRECTION('',(0.E0,1.E0,0.E0));
#2122=AXIS2_PLACEMENT_3D('',#2119,#2120,#2121);
#2123=PLANE('',#2122);
#2124=ORIENTED_EDGE('',*,*,#2084,.T.);
#2125=ORIENTED_EDGE('',*,*,#1625,.F.);
#2127=ORIENTED_EDGE('',*,*,#2126,.F.);
#2128=ORIENTED_EDGE('',*,*,#2111,.T.);
#2129=EDGE_LOOP('',(#2124,#2125,#2127,#2128));
#2130=FACE_OUTER_BOUND('',#2129,.F.);
#2131=ADVANCED_FACE('',(#2130),#2123,.F.);
#2132=CARTESIAN_POINT('',(-5.062314678064E0,-2.190138665748E0,
6.342435745978E0));
#2133=DIRECTION('',(0.E0,-1.E0,0.E0));
#2134=DIRECTION('',(1.E0,0.E0,0.E0));
#2135=AXIS2_PLACEMENT_3D('',#2132,#2133,#2134);
#2136=PLANE('',#2135);
#2137=ORIENTED_EDGE('',*,*,#2126,.T.);
#2138=ORIENTED_EDGE('',*,*,#1623,.F.);
#2139=ORIENTED_EDGE('',*,*,#2099,.F.);
#2140=ORIENTED_EDGE('',*,*,#2113,.T.);
#2141=EDGE_LOOP('',(#2137,#2138,#2139,#2140));
#2142=FACE_OUTER_BOUND('',#2141,.F.);
#2143=ADVANCED_FACE('',(#2142),#2136,.F.);
#2144=CARTESIAN_POINT('',(3.666693338007E0,-2.872500206520E0,6.467428701131E0));
#2145=DIRECTION('',(0.E0,-3.363363969980E-1,9.417419115949E-1));
#2146=DIRECTION('',(0.E0,-9.417419115949E-1,-3.363363969980E-1));
#2147=AXIS2_PLACEMENT_3D('',#2144,#2145,#2146);
#2148=PLANE('',#2147);
#2150=ORIENTED_EDGE('',*,*,#2149,.F.);
#2151=ORIENTED_EDGE('',*,*,#1629,.T.);
#2153=ORIENTED_EDGE('',*,*,#2152,.F.);
#2155=ORIENTED_EDGE('',*,*,#2154,.F.);
#2156=EDGE_LOOP('',(#2150,#2151,#2153,#2155));
#2157=FACE_OUTER_BOUND('',#2156,.F.);
#2158=ADVANCED_FACE('',(#2157),#2148,.T.);
#2159=CARTESIAN_POINT('',(5.062314678064E0,-2.190138665748E0,6.342435745978E0));
#2160=DIRECTION('',(-1.E0,0.E0,0.E0));
#2161=DIRECTION('',(0.E0,-1.E0,0.E0));
#2162=AXIS2_PLACEMENT_3D('',#2159,#2160,#2161);
#2163=PLANE('',#2162);
#2164=ORIENTED_EDGE('',*,*,#2149,.T.);
#2166=ORIENTED_EDGE('',*,*,#2165,.T.);
#2168=ORIENTED_EDGE('',*,*,#2167,.T.);
#2169=ORIENTED_EDGE('',*,*,#1631,.F.);
#2170=EDGE_LOOP('',(#2164,#2166,#2168,#2169));
#2171=FACE_OUTER_BOUND('',#2170,.F.);
#2172=ADVANCED_FACE('',(#2171),#2163,.F.);
#2173=CARTESIAN_POINT('',(0.E0,-2.898948715831E0,6.592421656284E0));
#2174=DIRECTION('',(0.E0,0.E0,-1.E0));
#2175=DIRECTION('',(1.E0,0.E0,0.E0));
#2176=AXIS2_PLACEMENT_3D('',#2173,#2174,#2175);
#2177=PLANE('',#2176);
#2178=ORIENTED_EDGE('',*,*,#2154,.T.);
#2180=ORIENTED_EDGE('',*,*,#2179,.F.);
#2182=ORIENTED_EDGE('',*,*,#2181,.F.);
#2183=ORIENTED_EDGE('',*,*,#2165,.F.);
#2184=EDGE_LOOP('',(#2178,#2180,#2182,#2183));
#2185=FACE_OUTER_BOUND('',#2184,.F.);
#2186=ADVANCED_FACE('',(#2185),#2177,.F.);
#2187=CARTESIAN_POINT('',(2.271071997949E0,-3.222480480949E0,6.342435745978E0));
#2188=DIRECTION('',(1.E0,0.E0,0.E0));
#2189=DIRECTION('',(0.E0,1.E0,0.E0));
#2190=AXIS2_PLACEMENT_3D('',#2187,#2188,#2189);
#2191=PLANE('',#2190);
#2192=ORIENTED_EDGE('',*,*,#2152,.T.);
#2193=ORIENTED_EDGE('',*,*,#1635,.F.);
#2195=ORIENTED_EDGE('',*,*,#2194,.F.);
#2196=ORIENTED_EDGE('',*,*,#2179,.T.);
#2197=EDGE_LOOP('',(#2192,#2193,#2195,#2196));
#2198=FACE_OUTER_BOUND('',#2197,.F.);
#2199=ADVANCED_FACE('',(#2198),#2191,.F.);
#2200=CARTESIAN_POINT('',(2.271071997949E0,-2.190138665748E0,6.342435745978E0));
#2201=DIRECTION('',(0.E0,-1.E0,0.E0));
#2202=DIRECTION('',(1.E0,0.E0,0.E0));
#2203=AXIS2_PLACEMENT_3D('',#2200,#2201,#2202);
#2204=PLANE('',#2203);
#2205=ORIENTED_EDGE('',*,*,#2167,.F.);
#2206=ORIENTED_EDGE('',*,*,#2181,.T.);
#2207=ORIENTED_EDGE('',*,*,#2194,.T.);
#2208=ORIENTED_EDGE('',*,*,#1633,.F.);
#2209=EDGE_LOOP('',(#2205,#2206,#2207,#2208));
#2210=FACE_OUTER_BOUND('',#2209,.F.);
#2211=ADVANCED_FACE('',(#2210),#2204,.F.);
#2212=CARTESIAN_POINT('',(0.E0,-2.836227250935E0,2.427795345070E-1));
#2213=DIRECTION('',(0.E0,0.E0,-1.E0));
#2214=DIRECTION('',(1.E0,0.E0,0.E0));
#2215=AXIS2_PLACEMENT_3D('',#2212,#2213,#2214);
#2216=CYLINDRICAL_SURFACE('',#2215,6.470635302360E-1);
#2218=ORIENTED_EDGE('',*,*,#2217,.F.);
#2219=ORIENTED_EDGE('',*,*,#1551,.F.);
#2221=ORIENTED_EDGE('',*,*,#2220,.F.);
#2223=ORIENTED_EDGE('',*,*,#2222,.F.);
#2224=EDGE_LOOP('',(#2218,#2219,#2221,#2223));
#2225=FACE_OUTER_BOUND('',#2224,.F.);
#2226=ADVANCED_FACE('',(#2225),#2216,.T.);
#2227=CARTESIAN_POINT('',(-6.470635302360E-1,-2.836227250935E0,
2.427795345070E-1));
#2228=DIRECTION('',(-1.E0,0.E0,0.E0));
#2229=DIRECTION('',(0.E0,1.E0,0.E0));
#2230=AXIS2_PLACEMENT_3D('',#2227,#2228,#2229);
#2231=PLANE('',#2230);
#2232=ORIENTED_EDGE('',*,*,#1553,.T.);
#2233=ORIENTED_EDGE('',*,*,#2217,.T.);
#2235=ORIENTED_EDGE('',*,*,#2234,.F.);
#2237=ORIENTED_EDGE('',*,*,#2236,.T.);
#2238=EDGE_LOOP('',(#2232,#2233,#2235,#2237));
#2239=FACE_OUTER_BOUND('',#2238,.F.);
#2240=ADVANCED_FACE('',(#2239),#2231,.T.);
#2241=CARTESIAN_POINT('',(0.E0,-2.898948715831E0,-7.206375798770E-3));
#2242=DIRECTION('',(0.E0,0.E0,-1.E0));
#2243=DIRECTION('',(1.E0,0.E0,0.E0));
#2244=AXIS2_PLACEMENT_3D('',#2241,#2242,#2243);
#2245=PLANE('',#2244);
#2246=ORIENTED_EDGE('',*,*,#2222,.T.);
#2248=ORIENTED_EDGE('',*,*,#2247,.T.);
#2250=ORIENTED_EDGE('',*,*,#2249,.T.);
#2251=ORIENTED_EDGE('',*,*,#2234,.T.);
#2252=EDGE_LOOP('',(#2246,#2248,#2250,#2251));
#2253=FACE_OUTER_BOUND('',#2252,.F.);
#2254=ADVANCED_FACE('',(#2253),#2245,.T.);
#2255=CARTESIAN_POINT('',(6.470635302360E-1,-1.803885435734E0,
2.427795345070E-1));
#2256=DIRECTION('',(1.E0,0.E0,0.E0));
#2257=DIRECTION('',(0.E0,-1.E0,0.E0));
#2258=AXIS2_PLACEMENT_3D('',#2255,#2256,#2257);
#2259=PLANE('',#2258);
#2260=ORIENTED_EDGE('',*,*,#1557,.T.);
#2262=ORIENTED_EDGE('',*,*,#2261,.F.);
#2263=ORIENTED_EDGE('',*,*,#2247,.F.);
#2264=ORIENTED_EDGE('',*,*,#2220,.T.);
#2265=EDGE_LOOP('',(#2260,#2262,#2263,#2264));
#2266=FACE_OUTER_BOUND('',#2265,.F.);
#2267=ADVANCED_FACE('',(#2266),#2259,.T.);
#2268=CARTESIAN_POINT('',(-6.470635302360E-1,-1.803885435734E0,
2.427795345070E-1));
#2269=DIRECTION('',(0.E0,1.E0,0.E0));
#2270=DIRECTION('',(1.E0,0.E0,0.E0));
#2271=AXIS2_PLACEMENT_3D('',#2268,#2269,#2270);
#2272=PLANE('',#2271);
#2273=ORIENTED_EDGE('',*,*,#1555,.T.);
#2274=ORIENTED_EDGE('',*,*,#2236,.F.);
#2275=ORIENTED_EDGE('',*,*,#2249,.F.);
#2276=ORIENTED_EDGE('',*,*,#2261,.T.);
#2277=EDGE_LOOP('',(#2273,#2274,#2275,#2276));
#2278=FACE_OUTER_BOUND('',#2277,.F.);
#2279=ADVANCED_FACE('',(#2278),#2272,.T.);
#2280=CARTESIAN_POINT('',(-3.666693338007E0,-2.872500206520E0,
1.177865793540E-1));
#2281=DIRECTION('',(0.E0,-3.363363969980E-1,-9.417419115949E-1));
#2282=DIRECTION('',(0.E0,-9.417419115949E-1,3.363363969980E-1));
#2283=AXIS2_PLACEMENT_3D('',#2280,#2281,#2282);
#2284=PLANE('',#2283);
#2286=ORIENTED_EDGE('',*,*,#2285,.F.);
#2287=ORIENTED_EDGE('',*,*,#1561,.T.);
#2289=ORIENTED_EDGE('',*,*,#2288,.F.);
#2291=ORIENTED_EDGE('',*,*,#2290,.F.);
#2292=EDGE_LOOP('',(#2286,#2287,#2289,#2291));
#2293=FACE_OUTER_BOUND('',#2292,.F.);
#2294=ADVANCED_FACE('',(#2293),#2284,.T.);
#2295=CARTESIAN_POINT('',(-5.062314678064E0,-3.222480480949E0,
2.427795345070E-1));
#2296=DIRECTION('',(-1.E0,0.E0,0.E0));
#2297=DIRECTION('',(0.E0,1.E0,0.E0));
#2298=AXIS2_PLACEMENT_3D('',#2295,#2296,#2297);
#2299=PLANE('',#2298);
#2300=ORIENTED_EDGE('',*,*,#2285,.T.);
#2302=ORIENTED_EDGE('',*,*,#2301,.F.);
#2304=ORIENTED_EDGE('',*,*,#2303,.T.);
#2305=ORIENTED_EDGE('',*,*,#1563,.T.);
#2306=EDGE_LOOP('',(#2300,#2302,#2304,#2305));
#2307=FACE_OUTER_BOUND('',#2306,.F.);
#2308=ADVANCED_FACE('',(#2307),#2299,.T.);
#2309=CARTESIAN_POINT('',(0.E0,-2.898948715831E0,-7.206375798770E-3));
#2310=DIRECTION('',(0.E0,0.E0,-1.E0));
#2311=DIRECTION('',(1.E0,0.E0,0.E0));
#2312=AXIS2_PLACEMENT_3D('',#2309,#2310,#2311);
#2313=PLANE('',#2312);
#2314=ORIENTED_EDGE('',*,*,#2290,.T.);
#2316=ORIENTED_EDGE('',*,*,#2315,.T.);
#2318=ORIENTED_EDGE('',*,*,#2317,.T.);
#2319=ORIENTED_EDGE('',*,*,#2301,.T.);
#2320=EDGE_LOOP('',(#2314,#2316,#2318,#2319));
#2321=FACE_OUTER_BOUND('',#2320,.F.);
#2322=ADVANCED_FACE('',(#2321),#2313,.T.);
#2323=CARTESIAN_POINT('',(-2.271071997949E0,-2.190138665748E0,
2.427795345070E-1));
#2324=DIRECTION('',(1.E0,0.E0,0.E0));
#2325=DIRECTION('',(0.E0,-1.E0,0.E0));
#2326=AXIS2_PLACEMENT_3D('',#2323,#2324,#2325);
#2327=PLANE('',#2326);
#2328=ORIENTED_EDGE('',*,*,#2288,.T.);
#2329=ORIENTED_EDGE('',*,*,#1567,.T.);
#2331=ORIENTED_EDGE('',*,*,#2330,.F.);
#2332=ORIENTED_EDGE('',*,*,#2315,.F.);
#2333=EDGE_LOOP('',(#2328,#2329,#2331,#2332));
#2334=FACE_OUTER_BOUND('',#2333,.F.);
#2335=ADVANCED_FACE('',(#2334),#2327,.T.);
#2336=CARTESIAN_POINT('',(-5.062314678064E0,-2.190138665748E0,
2.427795345070E-1));
#2337=DIRECTION('',(0.E0,1.E0,0.E0));
#2338=DIRECTION('',(1.E0,0.E0,0.E0));
#2339=AXIS2_PLACEMENT_3D('',#2336,#2337,#2338);
#2340=PLANE('',#2339);
#2341=ORIENTED_EDGE('',*,*,#1565,.T.);
#2342=ORIENTED_EDGE('',*,*,#2303,.F.);
#2343=ORIENTED_EDGE('',*,*,#2317,.F.);
#2344=ORIENTED_EDGE('',*,*,#2330,.T.);
#2345=EDGE_LOOP('',(#2341,#2342,#2343,#2344));
#2346=FACE_OUTER_BOUND('',#2345,.F.);
#2347=ADVANCED_FACE('',(#2346),#2340,.T.);
#2348=CARTESIAN_POINT('',(3.666693338007E0,-2.872500206520E0,
1.177865793540E-1));
#2349=DIRECTION('',(0.E0,-3.363363969980E-1,-9.417419115949E-1));
#2350=DIRECTION('',(0.E0,-9.417419115949E-1,3.363363969980E-1));
#2351=AXIS2_PLACEMENT_3D('',#2348,#2349,#2350);
#2352=PLANE('',#2351);
#2354=ORIENTED_EDGE('',*,*,#2353,.F.);
#2355=ORIENTED_EDGE('',*,*,#1571,.T.);
#2357=ORIENTED_EDGE('',*,*,#2356,.F.);
#2359=ORIENTED_EDGE('',*,*,#2358,.F.);
#2360=EDGE_LOOP('',(#2354,#2355,#2357,#2359));
#2361=FACE_OUTER_BOUND('',#2360,.F.);
#2362=ADVANCED_FACE('',(#2361),#2352,.T.);
#2363=CARTESIAN_POINT('',(2.271071997949E0,-3.222480480949E0,
2.427795345070E-1));
#2364=DIRECTION('',(-1.E0,0.E0,0.E0));
#2365=DIRECTION('',(0.E0,1.E0,0.E0));
#2366=AXIS2_PLACEMENT_3D('',#2363,#2364,#2365);
#2367=PLANE('',#2366);
#2368=ORIENTED_EDGE('',*,*,#2353,.T.);
#2370=ORIENTED_EDGE('',*,*,#2369,.F.);
#2372=ORIENTED_EDGE('',*,*,#2371,.T.);
#2373=ORIENTED_EDGE('',*,*,#1573,.T.);
#2374=EDGE_LOOP('',(#2368,#2370,#2372,#2373));
#2375=FACE_OUTER_BOUND('',#2374,.F.);
#2376=ADVANCED_FACE('',(#2375),#2367,.T.);
#2377=CARTESIAN_POINT('',(0.E0,-2.898948715831E0,-7.206375798770E-3));
#2378=DIRECTION('',(0.E0,0.E0,-1.E0));
#2379=DIRECTION('',(1.E0,0.E0,0.E0));
#2380=AXIS2_PLACEMENT_3D('',#2377,#2378,#2379);
#2381=PLANE('',#2380);
#2382=ORIENTED_EDGE('',*,*,#2358,.T.);
#2384=ORIENTED_EDGE('',*,*,#2383,.T.);
#2386=ORIENTED_EDGE('',*,*,#2385,.T.);
#2387=ORIENTED_EDGE('',*,*,#2369,.T.);
#2388=EDGE_LOOP('',(#2382,#2384,#2386,#2387));
#2389=FACE_OUTER_BOUND('',#2388,.F.);
#2390=ADVANCED_FACE('',(#2389),#2381,.T.);
#2391=CARTESIAN_POINT('',(5.062314678064E0,-2.190138665748E0,
2.427795345070E-1));
#2392=DIRECTION('',(1.E0,0.E0,0.E0));
#2393=DIRECTION('',(0.E0,-1.E0,0.E0));
#2394=AXIS2_PLACEMENT_3D('',#2391,#2392,#2393);
#2395=PLANE('',#2394);
#2396=ORIENTED_EDGE('',*,*,#2356,.T.);
#2397=ORIENTED_EDGE('',*,*,#1577,.T.);
#2399=ORIENTED_EDGE('',*,*,#2398,.F.);
#2400=ORIENTED_EDGE('',*,*,#2383,.F.);
#2401=EDGE_LOOP('',(#2396,#2397,#2399,#2400));
#2402=FACE_OUTER_BOUND('',#2401,.F.);
#2403=ADVANCED_FACE('',(#2402),#2395,.T.);
#2404=CARTESIAN_POINT('',(2.271071997949E0,-2.190138665748E0,
2.427795345070E-1));
#2405=DIRECTION('',(0.E0,1.E0,0.E0));
#2406=DIRECTION('',(1.E0,0.E0,0.E0));
#2407=AXIS2_PLACEMENT_3D('',#2404,#2405,#2406);
#2408=PLANE('',#2407);
#2409=ORIENTED_EDGE('',*,*,#1575,.T.);
#2410=ORIENTED_EDGE('',*,*,#2371,.F.);
#2411=ORIENTED_EDGE('',*,*,#2385,.F.);
#2412=ORIENTED_EDGE('',*,*,#2398,.T.);
#2413=EDGE_LOOP('',(#2409,#2410,#2411,#2412));
#2414=FACE_OUTER_BOUND('',#2413,.F.);
#2415=ADVANCED_FACE('',(#2414),#2408,.T.);
#2416=CARTESIAN_POINT('',(4.399752021389E0,1.258807988740E-1,4.692528737957E0));
#2417=DIRECTION('',(0.E0,0.E0,1.E0));
#2418=DIRECTION('',(1.E0,0.E0,0.E0));
#2419=AXIS2_PLACEMENT_3D('',#2416,#2417,#2418);
#2420=PLANE('',#2419);
#2422=ORIENTED_EDGE('',*,*,#2421,.T.);
#2423=ORIENTED_EDGE('',*,*,#1468,.T.);
#2424=ORIENTED_EDGE('',*,*,#1510,.T.);
#2425=ORIENTED_EDGE('',*,*,#1412,.F.);
#2426=EDGE_LOOP('',(#2422,#2423,#2424,#2425));
#2427=FACE_OUTER_BOUND('',#2426,.F.);
#2428=ADVANCED_FACE('',(#2427),#2420,.T.);
#2429=CARTESIAN_POINT('',(4.799729477878E0,9.758328939150E-1,4.317549872498E0));
#2430=DIRECTION('',(0.E0,8.320502943380E-1,5.547001962250E-1));
#2431=DIRECTION('',(0.E0,5.547001962250E-1,-8.320502943380E-1));
#2432=AXIS2_PLACEMENT_3D('',#2429,#2430,#2431);
#2433=PLANE('',#2432);
#2435=ORIENTED_EDGE('',*,*,#2434,.T.);
#2436=ORIENTED_EDGE('',*,*,#1470,.F.);
#2437=ORIENTED_EDGE('',*,*,#2421,.F.);
#2438=ORIENTED_EDGE('',*,*,#1410,.F.);
#2439=EDGE_LOOP('',(#2435,#2436,#2437,#2438));
#2440=FACE_OUTER_BOUND('',#2439,.F.);
#2441=ADVANCED_FACE('',(#2440),#2433,.T.);
#2442=CARTESIAN_POINT('',(4.399752021389E0,1.258807988740E-1,3.942571007039E0));
#2443=DIRECTION('',(0.E0,0.E0,1.E0));
#2444=DIRECTION('',(1.E0,0.E0,0.E0));
#2445=AXIS2_PLACEMENT_3D('',#2442,#2443,#2444);
#2446=PLANE('',#2445);
#2447=ORIENTED_EDGE('',*,*,#2434,.F.);
#2448=ORIENTED_EDGE('',*,*,#1408,.F.);
#2450=ORIENTED_EDGE('',*,*,#2449,.T.);
#2451=ORIENTED_EDGE('',*,*,#1472,.T.);
#2452=EDGE_LOOP('',(#2447,#2448,#2450,#2451));
#2453=FACE_OUTER_BOUND('',#2452,.F.);
#2454=ADVANCED_FACE('',(#2453),#2446,.T.);
#2455=CARTESIAN_POINT('',(5.799673119103E0,3.472938206499E0,2.139918662356E0));
#2456=DIRECTION('',(-1.E0,0.E0,0.E0));
#2457=DIRECTION('',(0.E0,0.E0,-1.E0));
#2458=AXIS2_PLACEMENT_3D('',#2455,#2456,#2457);
#2459=CYLINDRICAL_SURFACE('',#2458,1.802652344682E0);
#2460=ORIENTED_EDGE('',*,*,#1474,.F.);
#2461=ORIENTED_EDGE('',*,*,#2449,.F.);
#2462=ORIENTED_EDGE('',*,*,#1406,.F.);
#2464=ORIENTED_EDGE('',*,*,#2463,.F.);
#2465=EDGE_LOOP('',(#2460,#2461,#2462,#2464));
#2466=FACE_OUTER_BOUND('',#2465,.F.);
#2467=ADVANCED_FACE('',(#2466),#2459,.T.);
#2468=CARTESIAN_POINT('',(4.399752021389E0,5.275590551181E0,2.139918662356E0));
#2469=DIRECTION('',(0.E0,1.E0,0.E0));
#2470=DIRECTION('',(1.E0,0.E0,0.E0));
#2471=AXIS2_PLACEMENT_3D('',#2468,#2469,#2470);
#2472=PLANE('',#2471);
#2473=ORIENTED_EDGE('',*,*,#1435,.T.);
#2474=ORIENTED_EDGE('',*,*,#1476,.T.);
#2475=ORIENTED_EDGE('',*,*,#2463,.T.);
#2476=ORIENTED_EDGE('',*,*,#1404,.F.);
#2477=EDGE_LOOP('',(#2473,#2474,#2475,#2476));
#2478=FACE_OUTER_BOUND('',#2477,.F.);
#2479=ADVANCED_FACE('',(#2478),#2472,.T.);
#2480=CARTESIAN_POINT('',(-3.999774564900E-1,1.258807988740E-1,
2.642644273447E0));
#2481=DIRECTION('',(-1.E0,0.E0,0.E0));
#2482=DIRECTION('',(0.E0,0.E0,1.E0));
#2483=AXIS2_PLACEMENT_3D('',#2480,#2481,#2482);
#2484=PLANE('',#2483);
#2486=ORIENTED_EDGE('',*,*,#2485,.T.);
#2488=ORIENTED_EDGE('',*,*,#2487,.T.);
#2490=ORIENTED_EDGE('',*,*,#2489,.T.);
#2492=ORIENTED_EDGE('',*,*,#2491,.T.);
#2494=ORIENTED_EDGE('',*,*,#2493,.T.);
#2496=ORIENTED_EDGE('',*,*,#2495,.T.);
#2497=ORIENTED_EDGE('',*,*,#1516,.F.);
#2499=ORIENTED_EDGE('',*,*,#2498,.F.);
#2501=ORIENTED_EDGE('',*,*,#2500,.T.);
#2503=ORIENTED_EDGE('',*,*,#2502,.F.);
#2505=ORIENTED_EDGE('',*,*,#2504,.T.);
#2507=ORIENTED_EDGE('',*,*,#2506,.F.);
#2508=EDGE_LOOP('',(#2486,#2488,#2490,#2492,#2494,#2496,#2497,#2499,#2501,#2503,
#2505,#2507));
#2509=FACE_OUTER_BOUND('',#2508,.F.);
#2510=ADVANCED_FACE('',(#2509),#2484,.T.);
#2511=CARTESIAN_POINT('',(-2.434722774272E1,4.625627184385E0,
-2.557062660922E0));
#2512=DIRECTION('',(1.E0,0.E0,0.E0));
#2513=DIRECTION('',(0.E0,1.E0,0.E0));
#2514=AXIS2_PLACEMENT_3D('',#2511,#2512,#2513);
#2515=CYLINDRICAL_SURFACE('',#2514,6.499633667960E-1);
#2517=ORIENTED_EDGE('',*,*,#2516,.F.);
#2519=ORIENTED_EDGE('',*,*,#2518,.F.);
#2521=ORIENTED_EDGE('',*,*,#2520,.F.);
#2522=ORIENTED_EDGE('',*,*,#2485,.F.);
#2523=EDGE_LOOP('',(#2517,#2519,#2521,#2522));
#2524=FACE_OUTER_BOUND('',#2523,.F.);
#2525=ADVANCED_FACE('',(#2524),#2515,.T.);
#2526=CARTESIAN_POINT('',(3.999774564900E-1,3.975663817589E0,2.139918662356E0));
#2527=DIRECTION('',(0.E0,-1.E0,0.E0));
#2528=DIRECTION('',(-1.E0,0.E0,0.E0));
#2529=AXIS2_PLACEMENT_3D('',#2526,#2527,#2528);
#2530=PLANE('',#2529);
#2531=ORIENTED_EDGE('',*,*,#2516,.T.);
#2532=ORIENTED_EDGE('',*,*,#2506,.T.);
#2534=ORIENTED_EDGE('',*,*,#2533,.F.);
#2536=ORIENTED_EDGE('',*,*,#2535,.F.);
#2537=EDGE_LOOP('',(#2531,#2532,#2534,#2536));
#2538=FACE_OUTER_BOUND('',#2537,.F.);
#2539=ADVANCED_FACE('',(#2538),#2530,.T.);
#2540=CARTESIAN_POINT('',(9.999436412250E-1,3.472938206499E0,2.139918662356E0));
#2541=DIRECTION('',(-1.E0,0.E0,0.E0));
#2542=DIRECTION('',(0.E0,0.E0,-1.E0));
#2543=AXIS2_PLACEMENT_3D('',#2540,#2541,#2542);
#2544=CYLINDRICAL_SURFACE('',#2543,5.027256110900E-1);
#2546=ORIENTED_EDGE('',*,*,#2545,.T.);
#2548=ORIENTED_EDGE('',*,*,#2547,.F.);
#2549=ORIENTED_EDGE('',*,*,#2533,.T.);
#2550=ORIENTED_EDGE('',*,*,#2504,.F.);
#2551=EDGE_LOOP('',(#2546,#2548,#2549,#2550));
#2552=FACE_OUTER_BOUND('',#2551,.F.);
#2553=ADVANCED_FACE('',(#2552),#2544,.F.);
#2554=CARTESIAN_POINT('',(3.999774564900E-1,1.258807988740E-1,
2.642644273447E0));
#2555=DIRECTION('',(0.E0,0.E0,-1.E0));
#2556=DIRECTION('',(-1.E0,0.E0,0.E0));
#2557=AXIS2_PLACEMENT_3D('',#2554,#2555,#2556);
#2558=PLANE('',#2557);
#2560=ORIENTED_EDGE('',*,*,#2559,.F.);
#2562=ORIENTED_EDGE('',*,*,#2561,.F.);
#2563=ORIENTED_EDGE('',*,*,#2545,.F.);
#2564=ORIENTED_EDGE('',*,*,#2502,.T.);
#2565=EDGE_LOOP('',(#2560,#2562,#2563,#2564));
#2566=FACE_OUTER_BOUND('',#2565,.F.);
#2567=ADVANCED_FACE('',(#2566),#2558,.T.);
#2568=CARTESIAN_POINT('',(0.E0,9.758328939150E-1,2.267665407987E0));
#2569=DIRECTION('',(0.E0,8.320502943380E-1,-5.547001962250E-1));
#2570=DIRECTION('',(0.E0,5.547001962250E-1,8.320502943380E-1));
#2571=AXIS2_PLACEMENT_3D('',#2568,#2569,#2570);
#2572=PLANE('',#2571);
#2573=ORIENTED_EDGE('',*,*,#2559,.T.);
#2574=ORIENTED_EDGE('',*,*,#2500,.F.);
#2576=ORIENTED_EDGE('',*,*,#2575,.F.);
#2578=ORIENTED_EDGE('',*,*,#2577,.F.);
#2579=EDGE_LOOP('',(#2573,#2574,#2576,#2578));
#2580=FACE_OUTER_BOUND('',#2579,.F.);
#2581=ADVANCED_FACE('',(#2580),#2572,.T.);
#2582=CARTESIAN_POINT('',(3.999774564900E-1,1.258807988740E-1,
1.892686542528E0));
#2583=DIRECTION('',(0.E0,0.E0,-1.E0));
#2584=DIRECTION('',(-1.E0,0.E0,0.E0));
#2585=AXIS2_PLACEMENT_3D('',#2582,#2583,#2584);
#2586=PLANE('',#2585);
#2587=ORIENTED_EDGE('',*,*,#2575,.T.);
#2588=ORIENTED_EDGE('',*,*,#2498,.T.);
#2589=ORIENTED_EDGE('',*,*,#1522,.T.);
#2591=ORIENTED_EDGE('',*,*,#2590,.F.);
#2592=EDGE_LOOP('',(#2587,#2588,#2589,#2591));
#2593=FACE_OUTER_BOUND('',#2592,.F.);
#2594=ADVANCED_FACE('',(#2593),#2586,.T.);
#2595=CARTESIAN_POINT('',(3.999774564900E-1,1.258807988740E-1,
3.942571007039E0));
#2596=DIRECTION('',(1.E0,0.E0,0.E0));
#2597=DIRECTION('',(0.E0,0.E0,-1.E0));
#2598=AXIS2_PLACEMENT_3D('',#2595,#2596,#2597);
#2599=PLANE('',#2598);
#2600=ORIENTED_EDGE('',*,*,#2518,.T.);
#2601=ORIENTED_EDGE('',*,*,#2535,.T.);
#2602=ORIENTED_EDGE('',*,*,#2547,.T.);
#2603=ORIENTED_EDGE('',*,*,#2561,.T.);
#2604=ORIENTED_EDGE('',*,*,#2577,.T.);
#2605=ORIENTED_EDGE('',*,*,#2590,.T.);
#2606=ORIENTED_EDGE('',*,*,#1520,.F.);
#2608=ORIENTED_EDGE('',*,*,#2607,.F.);
#2610=ORIENTED_EDGE('',*,*,#2609,.T.);
#2612=ORIENTED_EDGE('',*,*,#2611,.F.);
#2614=ORIENTED_EDGE('',*,*,#2613,.T.);
#2616=ORIENTED_EDGE('',*,*,#2615,.F.);
#2617=EDGE_LOOP('',(#2600,#2601,#2602,#2603,#2604,#2605,#2606,#2608,#2610,#2612,
#2614,#2616));
#2618=FACE_OUTER_BOUND('',#2617,.F.);
#2619=ADVANCED_FACE('',(#2618),#2599,.T.);
#2620=CARTESIAN_POINT('',(-3.999774564900E-1,1.258807988740E-1,
4.692528737957E0));
#2621=DIRECTION('',(0.E0,0.E0,1.E0));
#2622=DIRECTION('',(1.E0,0.E0,0.E0));
#2623=AXIS2_PLACEMENT_3D('',#2620,#2621,#2622);
#2624=PLANE('',#2623);
#2626=ORIENTED_EDGE('',*,*,#2625,.T.);
#2627=ORIENTED_EDGE('',*,*,#2607,.T.);
#2628=ORIENTED_EDGE('',*,*,#1518,.T.);
#2629=ORIENTED_EDGE('',*,*,#2495,.F.);
#2630=EDGE_LOOP('',(#2626,#2627,#2628,#2629));
#2631=FACE_OUTER_BOUND('',#2630,.F.);
#2632=ADVANCED_FACE('',(#2631),#2624,.T.);
#2633=CARTESIAN_POINT('',(0.E0,9.758328939150E-1,4.317549872498E0));
#2634=DIRECTION('',(0.E0,8.320502943380E-1,5.547001962250E-1));
#2635=DIRECTION('',(0.E0,5.547001962250E-1,-8.320502943380E-1));
#2636=AXIS2_PLACEMENT_3D('',#2633,#2634,#2635);
#2637=PLANE('',#2636);
#2639=ORIENTED_EDGE('',*,*,#2638,.T.);
#2640=ORIENTED_EDGE('',*,*,#2609,.F.);
#2641=ORIENTED_EDGE('',*,*,#2625,.F.);
#2642=ORIENTED_EDGE('',*,*,#2493,.F.);
#2643=EDGE_LOOP('',(#2639,#2640,#2641,#2642));
#2644=FACE_OUTER_BOUND('',#2643,.F.);
#2645=ADVANCED_FACE('',(#2644),#2637,.T.);
#2646=CARTESIAN_POINT('',(-3.999774564900E-1,1.258807988740E-1,
3.942571007039E0));
#2647=DIRECTION('',(0.E0,0.E0,1.E0));
#2648=DIRECTION('',(1.E0,0.E0,0.E0));
#2649=AXIS2_PLACEMENT_3D('',#2646,#2647,#2648);
#2650=PLANE('',#2649);
#2651=ORIENTED_EDGE('',*,*,#2638,.F.);
#2652=ORIENTED_EDGE('',*,*,#2491,.F.);
#2654=ORIENTED_EDGE('',*,*,#2653,.T.);
#2655=ORIENTED_EDGE('',*,*,#2611,.T.);
#2656=EDGE_LOOP('',(#2651,#2652,#2654,#2655));
#2657=FACE_OUTER_BOUND('',#2656,.F.);
#2658=ADVANCED_FACE('',(#2657),#2650,.T.);
#2659=CARTESIAN_POINT('',(9.999436412250E-1,3.472938206499E0,2.139918662356E0));
#2660=DIRECTION('',(-1.E0,0.E0,0.E0));
#2661=DIRECTION('',(0.E0,0.E0,-1.E0));
#2662=AXIS2_PLACEMENT_3D('',#2659,#2660,#2661);
#2663=CYLINDRICAL_SURFACE('',#2662,1.802652344682E0);
#2664=ORIENTED_EDGE('',*,*,#2613,.F.);
#2665=ORIENTED_EDGE('',*,*,#2653,.F.);
#2666=ORIENTED_EDGE('',*,*,#2489,.F.);
#2668=ORIENTED_EDGE('',*,*,#2667,.F.);
#2669=EDGE_LOOP('',(#2664,#2665,#2666,#2668));
#2670=FACE_OUTER_BOUND('',#2669,.F.);
#2671=ADVANCED_FACE('',(#2670),#2663,.T.);
#2672=CARTESIAN_POINT('',(-3.999774564900E-1,5.275590551181E0,
2.139918662356E0));
#2673=DIRECTION('',(0.E0,1.E0,0.E0));
#2674=DIRECTION('',(1.E0,0.E0,0.E0));
#2675=AXIS2_PLACEMENT_3D('',#2672,#2673,#2674);
#2676=PLANE('',#2675);
#2677=ORIENTED_EDGE('',*,*,#2520,.T.);
#2678=ORIENTED_EDGE('',*,*,#2615,.T.);
#2679=ORIENTED_EDGE('',*,*,#2667,.T.);
#2680=ORIENTED_EDGE('',*,*,#2487,.F.);
#2681=EDGE_LOOP('',(#2677,#2678,#2679,#2680));
#2682=FACE_OUTER_BOUND('',#2681,.F.);
#2683=ADVANCED_FACE('',(#2682),#2676,.T.);
#2684=CARTESIAN_POINT('',(-5.199706934368E0,1.258807988740E-1,
2.642644273447E0));
#2685=DIRECTION('',(-1.E0,0.E0,0.E0));
#2686=DIRECTION('',(0.E0,0.E0,1.E0));
#2687=AXIS2_PLACEMENT_3D('',#2684,#2685,#2686);
#2688=PLANE('',#2687);
#2690=ORIENTED_EDGE('',*,*,#2689,.T.);
#2692=ORIENTED_EDGE('',*,*,#2691,.T.);
#2694=ORIENTED_EDGE('',*,*,#2693,.T.);
#2696=ORIENTED_EDGE('',*,*,#2695,.T.);
#2698=ORIENTED_EDGE('',*,*,#2697,.T.);
#2700=ORIENTED_EDGE('',*,*,#2699,.T.);
#2701=ORIENTED_EDGE('',*,*,#1526,.F.);
#2703=ORIENTED_EDGE('',*,*,#2702,.F.);
#2705=ORIENTED_EDGE('',*,*,#2704,.T.);
#2707=ORIENTED_EDGE('',*,*,#2706,.F.);
#2709=ORIENTED_EDGE('',*,*,#2708,.T.);
#2711=ORIENTED_EDGE('',*,*,#2710,.F.);
#2712=EDGE_LOOP('',(#2690,#2692,#2694,#2696,#2698,#2700,#2701,#2703,#2705,#2707,
#2709,#2711));
#2713=FACE_OUTER_BOUND('',#2712,.F.);
#2714=ADVANCED_FACE('',(#2713),#2688,.T.);
#2715=CARTESIAN_POINT('',(-2.434722774272E1,4.625627184385E0,
-2.557062660922E0));
#2716=DIRECTION('',(1.E0,0.E0,0.E0));
#2717=DIRECTION('',(0.E0,1.E0,0.E0));
#2718=AXIS2_PLACEMENT_3D('',#2715,#2716,#2717);
#2719=CYLINDRICAL_SURFACE('',#2718,6.499633667960E-1);
#2721=ORIENTED_EDGE('',*,*,#2720,.F.);
#2723=ORIENTED_EDGE('',*,*,#2722,.F.);
#2725=ORIENTED_EDGE('',*,*,#2724,.F.);
#2726=ORIENTED_EDGE('',*,*,#2689,.F.);
#2727=EDGE_LOOP('',(#2721,#2723,#2725,#2726));
#2728=FACE_OUTER_BOUND('',#2727,.F.);
#2729=ADVANCED_FACE('',(#2728),#2719,.T.);
#2730=CARTESIAN_POINT('',(-4.399752021389E0,3.975663817589E0,2.139918662356E0));
#2731=DIRECTION('',(0.E0,-1.E0,0.E0));
#2732=DIRECTION('',(-1.E0,0.E0,0.E0));
#2733=AXIS2_PLACEMENT_3D('',#2730,#2731,#2732);
#2734=PLANE('',#2733);
#2735=ORIENTED_EDGE('',*,*,#2720,.T.);
#2736=ORIENTED_EDGE('',*,*,#2710,.T.);
#2738=ORIENTED_EDGE('',*,*,#2737,.F.);
#2740=ORIENTED_EDGE('',*,*,#2739,.F.);
#2741=EDGE_LOOP('',(#2735,#2736,#2738,#2740));
#2742=FACE_OUTER_BOUND('',#2741,.F.);
#2743=ADVANCED_FACE('',(#2742),#2734,.T.);
#2744=CARTESIAN_POINT('',(-3.799785836654E0,3.472938206499E0,2.139918662356E0));
#2745=DIRECTION('',(-1.E0,0.E0,0.E0));
#2746=DIRECTION('',(0.E0,0.E0,-1.E0));
#2747=AXIS2_PLACEMENT_3D('',#2744,#2745,#2746);
#2748=CYLINDRICAL_SURFACE('',#2747,5.027256110900E-1);
#2750=ORIENTED_EDGE('',*,*,#2749,.T.);
#2752=ORIENTED_EDGE('',*,*,#2751,.F.);
#2753=ORIENTED_EDGE('',*,*,#2737,.T.);
#2754=ORIENTED_EDGE('',*,*,#2708,.F.);
#2755=EDGE_LOOP('',(#2750,#2752,#2753,#2754));
#2756=FACE_OUTER_BOUND('',#2755,.F.);
#2757=ADVANCED_FACE('',(#2756),#2748,.F.);
#2758=CARTESIAN_POINT('',(-4.399752021389E0,1.258807988740E-1,
2.642644273447E0));
#2759=DIRECTION('',(0.E0,0.E0,-1.E0));
#2760=DIRECTION('',(-1.E0,0.E0,0.E0));
#2761=AXIS2_PLACEMENT_3D('',#2758,#2759,#2760);
#2762=PLANE('',#2761);
#2764=ORIENTED_EDGE('',*,*,#2763,.F.);
#2766=ORIENTED_EDGE('',*,*,#2765,.F.);
#2767=ORIENTED_EDGE('',*,*,#2749,.F.);
#2768=ORIENTED_EDGE('',*,*,#2706,.T.);
#2769=EDGE_LOOP('',(#2764,#2766,#2767,#2768));
#2770=FACE_OUTER_BOUND('',#2769,.F.);
#2771=ADVANCED_FACE('',(#2770),#2762,.T.);
#2772=CARTESIAN_POINT('',(-4.799729477878E0,9.758328939150E-1,
2.267665407987E0));
#2773=DIRECTION('',(0.E0,8.320502943380E-1,-5.547001962250E-1));
#2774=DIRECTION('',(0.E0,5.547001962250E-1,8.320502943380E-1));
#2775=AXIS2_PLACEMENT_3D('',#2772,#2773,#2774);
#2776=PLANE('',#2775);
#2777=ORIENTED_EDGE('',*,*,#2763,.T.);
#2778=ORIENTED_EDGE('',*,*,#2704,.F.);
#2780=ORIENTED_EDGE('',*,*,#2779,.F.);
#2782=ORIENTED_EDGE('',*,*,#2781,.F.);
#2783=EDGE_LOOP('',(#2777,#2778,#2780,#2782));
#2784=FACE_OUTER_BOUND('',#2783,.F.);
#2785=ADVANCED_FACE('',(#2784),#2776,.T.);
#2786=CARTESIAN_POINT('',(-4.399752021389E0,1.258807988740E-1,
1.892686542528E0));
#2787=DIRECTION('',(0.E0,0.E0,-1.E0));
#2788=DIRECTION('',(-1.E0,0.E0,0.E0));
#2789=AXIS2_PLACEMENT_3D('',#2786,#2787,#2788);
#2790=PLANE('',#2789);
#2791=ORIENTED_EDGE('',*,*,#2779,.T.);
#2792=ORIENTED_EDGE('',*,*,#2702,.T.);
#2793=ORIENTED_EDGE('',*,*,#1532,.T.);
#2795=ORIENTED_EDGE('',*,*,#2794,.F.);
#2796=EDGE_LOOP('',(#2791,#2792,#2793,#2795));
#2797=FACE_OUTER_BOUND('',#2796,.F.);
#2798=ADVANCED_FACE('',(#2797),#2790,.T.);
#2799=CARTESIAN_POINT('',(-4.399752021389E0,1.258807988740E-1,
3.942571007039E0));
#2800=DIRECTION('',(1.E0,0.E0,0.E0));
#2801=DIRECTION('',(0.E0,0.E0,-1.E0));
#2802=AXIS2_PLACEMENT_3D('',#2799,#2800,#2801);
#2803=PLANE('',#2802);
#2804=ORIENTED_EDGE('',*,*,#2722,.T.);
#2805=ORIENTED_EDGE('',*,*,#2739,.T.);
#2806=ORIENTED_EDGE('',*,*,#2751,.T.);
#2807=ORIENTED_EDGE('',*,*,#2765,.T.);
#2808=ORIENTED_EDGE('',*,*,#2781,.T.);
#2809=ORIENTED_EDGE('',*,*,#2794,.T.);
#2810=ORIENTED_EDGE('',*,*,#1530,.F.);
#2812=ORIENTED_EDGE('',*,*,#2811,.F.);
#2814=ORIENTED_EDGE('',*,*,#2813,.T.);
#2816=ORIENTED_EDGE('',*,*,#2815,.F.);
#2818=ORIENTED_EDGE('',*,*,#2817,.T.);
#2820=ORIENTED_EDGE('',*,*,#2819,.F.);
#2821=EDGE_LOOP('',(#2804,#2805,#2806,#2807,#2808,#2809,#2810,#2812,#2814,#2816,
#2818,#2820));
#2822=FACE_OUTER_BOUND('',#2821,.F.);
#2823=ADVANCED_FACE('',(#2822),#2803,.T.);
#2824=CARTESIAN_POINT('',(-5.199706934368E0,1.258807988740E-1,
4.692528737957E0));
#2825=DIRECTION('',(0.E0,0.E0,1.E0));
#2826=DIRECTION('',(1.E0,0.E0,0.E0));
#2827=AXIS2_PLACEMENT_3D('',#2824,#2825,#2826);
#2828=PLANE('',#2827);
#2830=ORIENTED_EDGE('',*,*,#2829,.T.);
#2831=ORIENTED_EDGE('',*,*,#2811,.T.);
#2832=ORIENTED_EDGE('',*,*,#1528,.T.);
#2833=ORIENTED_EDGE('',*,*,#2699,.F.);
#2834=EDGE_LOOP('',(#2830,#2831,#2832,#2833));
#2835=FACE_OUTER_BOUND('',#2834,.F.);
#2836=ADVANCED_FACE('',(#2835),#2828,.T.);
#2837=CARTESIAN_POINT('',(-4.799729477878E0,9.758328939150E-1,
4.317549872498E0));
#2838=DIRECTION('',(0.E0,8.320502943380E-1,5.547001962250E-1));
#2839=DIRECTION('',(0.E0,5.547001962250E-1,-8.320502943380E-1));
#2840=AXIS2_PLACEMENT_3D('',#2837,#2838,#2839);
#2841=PLANE('',#2840);
#2843=ORIENTED_EDGE('',*,*,#2842,.T.);
#2844=ORIENTED_EDGE('',*,*,#2813,.F.);
#2845=ORIENTED_EDGE('',*,*,#2829,.F.);
#2846=ORIENTED_EDGE('',*,*,#2697,.F.);
#2847=EDGE_LOOP('',(#2843,#2844,#2845,#2846));
#2848=FACE_OUTER_BOUND('',#2847,.F.);
#2849=ADVANCED_FACE('',(#2848),#2841,.T.);
#2850=CARTESIAN_POINT('',(-5.199706934368E0,1.258807988740E-1,
3.942571007039E0));
#2851=DIRECTION('',(0.E0,0.E0,1.E0));
#2852=DIRECTION('',(1.E0,0.E0,0.E0));
#2853=AXIS2_PLACEMENT_3D('',#2850,#2851,#2852);
#2854=PLANE('',#2853);
#2855=ORIENTED_EDGE('',*,*,#2842,.F.);
#2856=ORIENTED_EDGE('',*,*,#2695,.F.);
#2858=ORIENTED_EDGE('',*,*,#2857,.T.);
#2859=ORIENTED_EDGE('',*,*,#2815,.T.);
#2860=EDGE_LOOP('',(#2855,#2856,#2858,#2859));
#2861=FACE_OUTER_BOUND('',#2860,.F.);
#2862=ADVANCED_FACE('',(#2861),#2854,.T.);
#2863=CARTESIAN_POINT('',(-3.799785836654E0,3.472938206499E0,2.139918662356E0));
#2864=DIRECTION('',(-1.E0,0.E0,0.E0));
#2865=DIRECTION('',(0.E0,0.E0,-1.E0));
#2866=AXIS2_PLACEMENT_3D('',#2863,#2864,#2865);
#2867=CYLINDRICAL_SURFACE('',#2866,1.802652344682E0);
#2868=ORIENTED_EDGE('',*,*,#2817,.F.);
#2869=ORIENTED_EDGE('',*,*,#2857,.F.);
#2870=ORIENTED_EDGE('',*,*,#2693,.F.);
#2872=ORIENTED_EDGE('',*,*,#2871,.F.);
#2873=EDGE_LOOP('',(#2868,#2869,#2870,#2872));
#2874=FACE_OUTER_BOUND('',#2873,.F.);
#2875=ADVANCED_FACE('',(#2874),#2867,.T.);
#2876=CARTESIAN_POINT('',(-5.199706934368E0,5.275590551181E0,2.139918662356E0));
#2877=DIRECTION('',(0.E0,1.E0,0.E0));
#2878=DIRECTION('',(1.E0,0.E0,0.E0));
#2879=AXIS2_PLACEMENT_3D('',#2876,#2877,#2878);
#2880=PLANE('',#2879);
#2881=ORIENTED_EDGE('',*,*,#2724,.T.);
#2882=ORIENTED_EDGE('',*,*,#2819,.T.);
#2883=ORIENTED_EDGE('',*,*,#2871,.T.);
#2884=ORIENTED_EDGE('',*,*,#2691,.F.);
#2885=EDGE_LOOP('',(#2881,#2882,#2883,#2884));
#2886=FACE_OUTER_BOUND('',#2885,.F.);
#2887=ADVANCED_FACE('',(#2886),#2880,.T.);
#2888=CLOSED_SHELL('',(#1366,#1381,#1396,#1425,#1440,#1453,#1480,#1493,#1536,
#1581,#1595,#1639,#1652,#1674,#1689,#1703,#1717,#1730,#1752,#1767,#1782,#1817,
#1831,#1845,#1878,#1891,#1904,#1917,#1930,#1943,#1956,#1969,#1982,#1995,#2007,
#2022,#2037,#2050,#2063,#2075,#2090,#2104,#2118,#2131,#2143,#2158,#2172,#2186,
#2199,#2211,#2226,#2240,#2254,#2267,#2279,#2294,#2308,#2322,#2335,#2347,#2362,
#2376,#2390,#2403,#2415,#2428,#2441,#2454,#2467,#2479,#2510,#2525,#2539,#2553,
#2567,#2581,#2594,#2619,#2632,#2645,#2658,#2671,#2683,#2714,#2729,#2743,#2757,
#2771,#2785,#2798,#2823,#2836,#2849,#2862,#2875,#2887));
#2889=MANIFOLD_SOLID_BREP('',#2888);
#2891=DIMENSIONAL_EXPONENTS(0.E0,0.E0,0.E0,0.E0,0.E0,0.E0,0.E0);
#2893=PLANE_ANGLE_MEASURE_WITH_UNIT(PLANE_ANGLE_MEASURE(1.745329251994E-2),
#2892);
#2894=(CONVERSION_BASED_UNIT('DEGREE',#2893)NAMED_UNIT(*)PLANE_ANGLE_UNIT());
#2896=UNCERTAINTY_MEASURE_WITH_UNIT(LENGTH_MEASURE(2.314225574006E-3),#2890,
'closure',
'Maximum model space distance between geometric entities at asserted connectivities');
#2897=(GEOMETRIC_REPRESENTATION_CONTEXT(3)GLOBAL_UNCERTAINTY_ASSIGNED_CONTEXT((
#2896))GLOBAL_UNIT_ASSIGNED_CONTEXT((#2890,#2894,#2895))REPRESENTATION_CONTEXT(
'ID1','3'));
#2898=CARTESIAN_POINT('',(0.E0,0.E0,0.E0));
#2899=DIRECTION('',(0.E0,0.E0,1.E0));
#2900=DIRECTION('',(1.E0,0.E0,0.E0));
#2903=APPLICATION_CONTEXT(
'CONFIGURATION CONTROLLED 3D DESIGNS OF MECHANICAL PARTS AND ASSEMBLIES');
#2904=APPLICATION_PROTOCOL_DEFINITION('international standard',
'config_control_design',1994,#2903);
#2905=DESIGN_CONTEXT('',#2903,'design');
#2906=MECHANICAL_CONTEXT('',#2903,'mechanical');
#2907=PRODUCT('COMPOUND-517_1','COMPOUND-517_1','NOT SPECIFIED',(#2906));
#2908=PRODUCT_DEFINITION_FORMATION_WITH_SPECIFIED_SOURCE('1','LAST_VERSION',
#2907,.MADE.);
#2917=CARTESIAN_POINT('',(0.E0,0.E0,0.E0));
#2918=DIRECTION('',(0.E0,0.E0,1.E0));
#2919=DIRECTION('',(1.E0,0.E0,0.E0));
#2920=AXIS2_PLACEMENT_3D('',#2917,#2918,#2919);
#2921=ITEM_DEFINED_TRANSFORMATION('','',#2901,#2920);
#2922=CARTESIAN_POINT('',(0.E0,0.E0,0.E0));
#2923=DIRECTION('',(0.E0,0.E0,1.E0));
#2924=DIRECTION('',(1.E0,0.E0,0.E0));
#2926=(REPRESENTATION_RELATIONSHIP('','',#2902,#2914)REPRESENTATION_RELATIONSHIP_WITH_TRANSFORMATION(#2921)SHAPE_REPRESENTATION_RELATIONSHIP());
#2927=CONTEXT_DEPENDENT_SHAPE_REPRESENTATION(#2926,#2916);
#2928=CARTESIAN_POINT('',(0.E0,-2.821972332932E0,-7.206375798766E-3));
#2929=DIRECTION('',(0.E0,0.E0,-1.E0));
#2930=DIRECTION('',(1.E0,0.E0,0.E0));
#2931=AXIS2_PLACEMENT_3D('',#2928,#2929,#2930);
#2933=DIRECTION('',(0.E0,1.E0,0.E0));
#2934=VECTOR('',#2933,1.947909490581E0);
#2935=CARTESIAN_POINT('',(-7.499577309190E-1,-2.821972332932E0,
-7.206375798769E-3));
#2936=LINE('',#2935,#2934);
#2937=DIRECTION('',(0.E0,-1.E0,5.133735082839E-14));
#2938=VECTOR('',#2937,4.999718206121E0);
#2939=CARTESIAN_POINT('',(-6.499633667960E0,-8.740628423510E-1,
-7.206375798770E-3));
#2940=LINE('',#2939,#2938);
#2941=DIRECTION('',(-5.611155201661E-1,-8.277375024902E-1,0.E0));
#2942=VECTOR('',#2941,4.484107838331E-1);
#2943=CARTESIAN_POINT('',(1.194958528193E0,-4.256101317442E0,
-7.206375798770E-3));
#2944=LINE('',#2943,#2942);
#2945=DIRECTION('',(6.333515064537E-1,-7.738642447309E-1,0.E0));
#2946=VECTOR('',#2945,5.796098827906E-1);
#2947=CARTESIAN_POINT('',(9.433482779744E-1,-4.627267739741E0,
-7.206375798770E-3));
#2948=LINE('',#2947,#2946);
#2949=DIRECTION('',(-1.E0,0.E0,0.E0));
#2950=VECTOR('',#2949,1.832654327371E-1);
#2951=CARTESIAN_POINT('',(1.310445070395E0,-5.075807103926E0,
-7.206375798770E-3));
#2952=LINE('',#2951,#2950);
#2953=DIRECTION('',(-6.347204490949E-1,7.727418401386E-1,0.E0));
#2954=VECTOR('',#2953,4.200930511712E-1);
#2955=CARTESIAN_POINT('',(1.127179637658E0,-5.075807103926E0,
-7.206375798770E-3));
#2956=LINE('',#2955,#2954);
#2957=DIRECTION('',(-5.635319992070E-1,-8.260942354658E-1,0.E0));
#2958=VECTOR('',#2957,3.928609128877E-1);
#2959=CARTESIAN_POINT('',(8.605379875571E-1,-4.751183626534E0,
-7.206375798770E-3));
#2960=LINE('',#2959,#2958);
#2961=DIRECTION('',(-1.E0,0.E0,0.E0));
#2962=VECTOR('',#2961,1.705874546984E-1);
#2963=CARTESIAN_POINT('',(6.391482919072E-1,-5.075723762011E0,
-7.206375798770E-3));
#2964=LINE('',#2963,#2962);
#2965=DIRECTION('',(5.600109296524E-1,8.284852193430E-1,0.E0));
#2966=VECTOR('',#2965,5.310079960189E-1);
#2967=CARTESIAN_POINT('',(4.685608372088E-1,-5.075723762011E0,
-7.206375798770E-3));
#2968=LINE('',#2967,#2966);
#2969=DIRECTION('',(-6.342094986164E-1,7.731612457080E-1,0.E0));
#2970=VECTOR('',#2969,4.495700234260E-1);
#2971=CARTESIAN_POINT('',(7.659311187122E-1,-4.635791485956E0,
-7.206375798770E-3));
#2972=LINE('',#2971,#2970);
#2973=DIRECTION('',(-1.E0,0.E0,0.E0));
#2974=VECTOR('',#2973,2.164597336932E-1);
#2975=CARTESIAN_POINT('',(4.808095395622E-1,-4.288201366611E0,
-7.206375798770E-3));
#2976=LINE('',#2975,#2974);
#2977=DIRECTION('',(1.388036347469E-1,-9.903199235505E-1,0.E0));
#2978=VECTOR('',#2977,7.955389258603E-1);
#2979=CARTESIAN_POINT('',(2.643498058690E-1,-4.288201366611E0,
-7.206375798770E-3));
#2980=LINE('',#2979,#2978);
#2981=DIRECTION('',(-1.E0,0.E0,0.E0));
#2982=VECTOR('',#2981,1.422108984889E-1);
#2983=CARTESIAN_POINT('',(3.747735003611E-1,-5.076039414850E0,
-7.206375798770E-3));
#2984=LINE('',#2983,#2982);
#2985=DIRECTION('',(-1.399101418738E-1,9.901642046655E-1,0.E0));
#2986=VECTOR('',#2985,3.576659367182E-1);
#2987=CARTESIAN_POINT('',(2.325626018722E-1,-5.076039414850E0,
-7.206375798770E-3));
#2988=LINE('',#2987,#2986);
#2989=DIRECTION('',(-7.595474665405E-1,6.504518783676E-1,0.E0));
#2990=VECTOR('',#2989,1.018881315308E-1);
#2991=CARTESIAN_POINT('',(1.825215099225E-1,-4.721891407084E0,
-7.206375798770E-3));
#2992=LINE('',#2991,#2990);
#2993=DIRECTION('',(-4.402439037561E-1,-8.978782240402E-1,0.E0));
#2994=VECTOR('',#2993,4.678533717547E-1);
#2995=CARTESIAN_POINT('',(1.051326377478E-1,-4.655618080546E0,
-7.206375798770E-3));
#2996=LINE('',#2995,#2994);
#2997=DIRECTION('',(-1.E0,0.E0,0.E0));
#2998=VECTOR('',#2997,8.739849252446E-1);
#2999=CARTESIAN_POINT('',(-1.008369570190E-1,-5.075693435089E0,
-7.206375798770E-3));
#3000=LINE('',#2999,#2998);
#3001=CARTESIAN_POINT('',(-9.748218822636E-1,-5.024261860232E0,
-7.206375798770E-3));
#3002=DIRECTION('',(0.E0,0.E0,-1.E0));
#3003=DIRECTION('',(-5.634052821288E-13,-1.E0,0.E0));
#3004=AXIS2_PLACEMENT_3D('',#3001,#3002,#3003);
#3006=DIRECTION('',(-1.457360580062E-1,9.893235069465E-1,0.E0));
#3007=VECTOR('',#3006,2.686469226081E-1);
#3008=CARTESIAN_POINT('',(-1.025704348269E0,-5.031757295208E0,
-7.206375798770E-3));
#3009=LINE('',#3008,#3007);
#3010=DIRECTION('',(6.416943221112E-1,7.669604924442E-1,0.E0));
#3011=VECTOR('',#3010,1.505143302910E-1);
#3012=CARTESIAN_POINT('',(-1.064855891765E0,-4.765978579603E0,
-7.206375798770E-3));
#3013=LINE('',#3012,#3011);
#3014=DIRECTION('',(-7.457939389221E-1,6.661767037859E-1,0.E0));
#3015=VECTOR('',#3014,1.743616704809E-1);
#3016=CARTESIAN_POINT('',(-9.682717006214E-1,-4.650540034723E0,
-7.206375798770E-3));
#3017=LINE('',#3016,#3015);
#3018=DIRECTION('',(-1.392529326286E-1,9.902568458508E-1,0.E0));
#3019=VECTOR('',#3018,1.745149297618E-1);
#3020=CARTESIAN_POINT('',(-1.098309577646E0,-4.534384351816E0,
-7.206375798770E-3));
#3021=LINE('',#3020,#3019);
#3022=CARTESIAN_POINT('',(-1.030936449032E0,-4.348678152185E0,
-7.206375798770E-3));
#3023=DIRECTION('',(0.E0,0.E0,-1.E0));
#3024=DIRECTION('',(-9.902568458508E-1,-1.392529326286E-1,0.E0));
#3025=AXIS2_PLACEMENT_3D('',#3022,#3023,#3024);
#3027=DIRECTION('',(1.E0,0.E0,0.E0));
#3028=VECTOR('',#3027,2.773152352250E-1);
#3029=CARTESIAN_POINT('',(-1.030936449032E0,-4.256101317442E0,
-7.206375798770E-3));
#3030=LINE('',#3029,#3028);
#3031=DIRECTION('',(1.314555783830E-1,-9.913220621534E-1,0.E0));
#3032=VECTOR('',#3031,1.416833959769E-1);
#3033=CARTESIAN_POINT('',(-7.536212138068E-1,-4.256101317442E0,
-7.206375798770E-3));
#3034=LINE('',#3033,#3032);
#3035=DIRECTION('',(-1.E0,0.E0,0.E0));
#3036=VECTOR('',#3035,1.356811214382E-1);
#3037=CARTESIAN_POINT('',(-7.349961410414E-1,-4.396555193714E0,
-7.206375798770E-3));
#3038=LINE('',#3037,#3036);
#3039=DIRECTION('',(7.540487996393E-1,-6.568183978563E-1,0.E0));
#3040=VECTOR('',#3039,1.715777699308E-2);
#3041=CARTESIAN_POINT('',(-8.706772624796E-1,-4.396555193714E0,
-7.206375798770E-3));
#3042=LINE('',#3041,#3040);
#3043=DIRECTION('',(-9.983990735416E-1,5.656226614278E-2,0.E0));
#3044=VECTOR('',#3043,6.446049585382E-2);
#3045=CARTESIAN_POINT('',(-8.577394613335E-1,-4.407824737310E0,
-7.206375798770E-3));
#3046=LINE('',#3045,#3044);
#3047=DIRECTION('',(-3.660879197961E-1,-9.305802678863E-1,0.E0));
#3048=VECTOR('',#3047,6.161969349134E-2);
#3049=CARTESIAN_POINT('',(-9.220967606740E-1,-4.404178705588E0,
-7.206375798770E-3));
#3050=LINE('',#3049,#3048);
#3051=DIRECTION('',(-2.673143540600E-1,9.636093794238E-1,0.E0));
#3052=VECTOR('',#3051,6.329130484322E-2);
#3053=CARTESIAN_POINT('',(-9.446549860827E-1,-4.461520776464E0,
-7.206375798770E-3));
#3054=LINE('',#3053,#3052);
#3055=DIRECTION('',(-1.E0,0.E0,0.E0));
#3056=VECTOR('',#3055,1.293780114679E-2);
#3057=CARTESIAN_POINT('',(-9.615736603545E-1,-4.400532681481E0,
-7.206375798770E-3));
#3058=LINE('',#3057,#3056);
#3059=DIRECTION('',(1.350594607138E-1,-9.908374952896E-1,0.E0));
#3060=VECTOR('',#3059,1.480667627471E-1);
#3061=CARTESIAN_POINT('',(-9.745114615013E-1,-4.400532681481E0,
-7.206375798770E-3));
#3062=LINE('',#3061,#3060);
#3063=CARTESIAN_POINT('',(-9.137453781268E-1,-4.541685725206E0,
-7.206375798770E-3));
#3064=DIRECTION('',(0.E0,0.E0,-1.E0));
#3065=DIRECTION('',(-1.753895753753E-13,-1.E0,0.E0));
#3066=AXIS2_PLACEMENT_3D('',#3063,#3064,#3065);
#3068=DIRECTION('',(1.E0,0.E0,0.E0));
#3069=VECTOR('',#3068,2.050576831419E-1);
#3070=CARTESIAN_POINT('',(-9.137453781268E-1,-4.582830985092E0,
-7.206375798770E-3));
#3071=LINE('',#3070,#3069);
#3072=DIRECTION('',(1.318860874763E-1,-9.912648787939E-1,0.E0));
#3073=VECTOR('',#3072,1.414670840374E-1);
#3074=CARTESIAN_POINT('',(-7.086876949848E-1,-4.582830985092E0,
-7.206375798770E-3));
#3075=LINE('',#3074,#3073);
#3076=DIRECTION('',(-1.E0,-1.308112340062E-14,0.E0));
#3077=VECTOR('',#3076,2.036931521474E-1);
#3078=CARTESIAN_POINT('',(-6.900301547645E-1,-4.723062337003E0,
-7.206375798770E-3));
#3079=LINE('',#3078,#3077);
#3080=CARTESIAN_POINT('',(-8.937233069118E-1,-4.753921281918E0,
-7.206375798770E-3));
#3081=DIRECTION('',(0.E0,0.E0,-1.E0));
#3082=DIRECTION('',(-9.911123529331E-1,-1.330274552994E-1,0.E0));
#3083=AXIS2_PLACEMENT_3D('',#3080,#3081,#3082);
#3085=DIRECTION('',(1.330274552994E-1,-9.911123529331E-1,0.E0));
#3086=VECTOR('',#3085,1.801186805526E-1);
#3087=CARTESIAN_POINT('',(-9.243079884149E-1,-4.758026368833E0,
-7.206375798770E-3));
#3088=LINE('',#3087,#3086);
#3089=DIRECTION('',(1.E0,0.E0,0.E0));
#3090=VECTOR('',#3089,3.911862256031E-1);
#3091=CARTESIAN_POINT('',(-9.003472586891E-1,-4.936544218122E0,
-7.206375798770E-3));
#3092=LINE('',#3091,#3090);
#3093=DIRECTION('',(-1.387818926428E-1,9.903229706891E-1,0.E0));
#3094=VECTOR('',#3093,6.870919092256E-1);
#3095=CARTESIAN_POINT('',(-5.091610330860E-1,-4.936544218122E0,
-7.206375798770E-3));
#3096=LINE('',#3095,#3094);
#3097=DIRECTION('',(1.E0,0.E0,0.E0));
#3098=VECTOR('',#3097,1.404095598165E-1);
#3099=CARTESIAN_POINT('',(-6.045169486679E-1,-4.256101317442E0,
-7.206375798770E-3));
#3100=LINE('',#3099,#3098);
#3101=DIRECTION('',(1.395676511827E-1,-9.902125381671E-1,0.E0));
#3102=VECTOR('',#3101,7.967358588890E-1);
#3103=CARTESIAN_POINT('',(-4.641073888514E-1,-4.256101317442E0,
-7.206375798770E-3));
#3104=LINE('',#3103,#3102);
#3105=DIRECTION('',(1.E0,0.E0,0.E0));
#3106=VECTOR('',#3105,1.105239554975E-1);
#3107=CARTESIAN_POINT('',(-3.529088364132E-1,-5.045039154521E0,
-7.206375798770E-3));
#3108=LINE('',#3107,#3106);
#3109=DIRECTION('',(4.373203441733E-1,8.993057970302E-1,0.E0));
#3110=VECTOR('',#3109,5.398528807296E-1);
#3111=CARTESIAN_POINT('',(-2.423848809158E-1,-5.045039154521E0,
-7.206375798770E-3));
#3112=LINE('',#3111,#3110);
#3113=DIRECTION('',(-7.653688854924E-1,6.435918497931E-1,0.E0));
#3114=VECTOR('',#3113,4.714867225139E-1);
#3115=CARTESIAN_POINT('',(-6.296233312129E-3,-4.559546329337E0,
-7.206375798770E-3));
#3116=LINE('',#3115,#3114);
#3117=DIRECTION('',(1.E0,0.E0,0.E0));
#3118=VECTOR('',#3117,2.173875183632E-1);
#3119=CARTESIAN_POINT('',(-3.671575006471E-1,-4.256101317442E0,
-7.206375798770E-3));
#3120=LINE('',#3119,#3118);
#3121=DIRECTION('',(7.596174409829E-1,-6.503701587209E-1,0.E0));
#3122=VECTOR('',#3121,3.975544837276E-1);
#3123=CARTESIAN_POINT('',(-1.497699822838E-1,-4.256101317442E0,
-7.206375798770E-3));
#3124=LINE('',#3123,#3122);
#3125=DIRECTION('',(-1.344684278816E-1,9.909178784859E-1,0.E0));
#3126=VECTOR('',#3125,2.609273465499E-1);
#3127=CARTESIAN_POINT('',(1.522193372966E-1,-4.514658890124E0,
-7.206375798770E-3));
#3128=LINE('',#3127,#3126);
#3129=DIRECTION('',(1.E0,0.E0,0.E0));
#3130=VECTOR('',#3129,5.212304458828E-1);
#3131=CARTESIAN_POINT('',(1.171328472147E-1,-4.256101317442E0,
-7.206375798770E-3));
#3132=LINE('',#3131,#3130);
#3133=DIRECTION('',(6.314457257560E-1,-7.754200767484E-1,0.E0));
#3134=VECTOR('',#3133,3.343836198317E-1);
#3135=CARTESIAN_POINT('',(6.383632930975E-1,-4.256101317442E0,
-7.206375798770E-3));
#3136=LINE('',#3135,#3134);
#3137=DIRECTION('',(5.595381882782E-1,8.288045703653E-1,0.E0));
#3138=VECTOR('',#3137,3.128454902692E-1);
#3139=CARTESIAN_POINT('',(8.495084006031E-1,-4.515389089595E0,
-7.206375798770E-3));
#3140=LINE('',#3139,#3138);
#3141=DIRECTION('',(1.E0,0.E0,0.E0));
#3142=VECTOR('',#3141,1.704011287537E-1);
#3143=CARTESIAN_POINT('',(1.024557399439E0,-4.256101317442E0,
-7.206375798770E-3));
#3144=LINE('',#3143,#3142);
#3145=DIRECTION('',(0.E0,1.E0,0.E0));
#3146=VECTOR('',#3145,1.947909490581E0);
#3147=CARTESIAN_POINT('',(7.499577309190E-1,-2.821972332932E0,
-7.206375798769E-3));
#3148=LINE('',#3147,#3146);
#3149=DIRECTION('',(0.E0,0.E0,1.E0));
#3150=VECTOR('',#3149,1.999887282448E-1);
#3151=CARTESIAN_POINT('',(7.499577309190E-1,-2.821972332932E0,
-7.206375798769E-3));
#3152=LINE('',#3151,#3150);
#3153=DIRECTION('',(0.E0,0.E0,-1.E0));
#3154=VECTOR('',#3153,1.999887282448E-1);
#3155=CARTESIAN_POINT('',(-7.499577309190E-1,-2.821972332932E0,
1.927823524460E-1));
#3156=LINE('',#3155,#3154);
#3157=CARTESIAN_POINT('',(0.E0,-2.821972332932E0,1.927823524460E-1));
#3158=DIRECTION('',(0.E0,0.E0,1.E0));
#3159=DIRECTION('',(-1.E0,0.E0,0.E0));
#3160=AXIS2_PLACEMENT_3D('',#3157,#3158,#3159);
#3162=DIRECTION('',(0.E0,1.E0,0.E0));
#3163=VECTOR('',#3162,1.947909490581E0);
#3164=CARTESIAN_POINT('',(7.499577309190E-1,-2.821972332932E0,
1.927823524460E-1));
#3165=LINE('',#3164,#3163);
#3166=DIRECTION('',(1.E0,0.E0,0.E0));
#3167=VECTOR('',#3166,5.749675937041E0);
#3168=CARTESIAN_POINT('',(7.499577309190E-1,-8.740628423510E-1,
1.927823524460E-1));
#3169=LINE('',#3168,#3167);
#3170=DIRECTION('',(0.E0,1.E0,-3.533483918697E-14));
#3171=VECTOR('',#3170,4.999718206122E0);
#3172=CARTESIAN_POINT('',(-6.499633667960E0,-5.873781048473E0,
1.927823524462E-1));
#3173=LINE('',#3172,#3171);
#3174=DIRECTION('',(1.E0,0.E0,0.E0));
#3175=VECTOR('',#3174,5.749675937041E0);
#3176=CARTESIAN_POINT('',(-6.499633667960E0,-8.740628423510E-1,
1.927823524460E-1));
#3177=LINE('',#3176,#3175);
#3178=DIRECTION('',(0.E0,1.E0,0.E0));
#3179=VECTOR('',#3178,1.499915461837E0);
#3180=CARTESIAN_POINT('',(5.143510101731E0,-3.571930063851E0,
1.927823524460E-1));
#3181=LINE('',#3180,#3179);
#3182=DIRECTION('',(-1.E0,0.E0,0.E0));
#3183=VECTOR('',#3182,2.999830923674E0);
#3184=CARTESIAN_POINT('',(5.143510101731E0,-2.072014602014E0,
1.927823524460E-1));
#3185=LINE('',#3184,#3183);
#3186=DIRECTION('',(0.E0,-1.E0,0.E0));
#3187=VECTOR('',#3186,1.499915461837E0);
#3188=CARTESIAN_POINT('',(2.143679178057E0,-2.072014602014E0,
1.927823524460E-1));
#3189=LINE('',#3188,#3187);
#3190=DIRECTION('',(1.E0,0.E0,0.E0));
#3191=VECTOR('',#3190,2.999830923674E0);
#3192=CARTESIAN_POINT('',(2.143679178057E0,-3.571930063851E0,
1.927823524460E-1));
#3193=LINE('',#3192,#3191);
#3194=DIRECTION('',(-1.E0,0.E0,0.E0));
#3195=VECTOR('',#3194,2.999830923674E0);
#3196=CARTESIAN_POINT('',(-2.143679178057E0,-2.072014602014E0,
1.927823524460E-1));
#3197=LINE('',#3196,#3195);
#3198=DIRECTION('',(0.E0,-1.E0,0.E0));
#3199=VECTOR('',#3198,1.499915461837E0);
#3200=CARTESIAN_POINT('',(-5.143510101731E0,-2.072014602014E0,
1.927823524460E-1));
#3201=LINE('',#3200,#3199);
#3202=DIRECTION('',(1.E0,0.E0,0.E0));
#3203=VECTOR('',#3202,2.999830923674E0);
#3204=CARTESIAN_POINT('',(-5.143510101731E0,-3.571930063851E0,
1.927823524460E-1));
#3205=LINE('',#3204,#3203);
#3206=DIRECTION('',(0.E0,1.E0,0.E0));
#3207=VECTOR('',#3206,1.499915461837E0);
#3208=CARTESIAN_POINT('',(-2.143679178057E0,-3.571930063851E0,
1.927823524460E-1));
#3209=LINE('',#3208,#3207);
#3210=DIRECTION('',(0.E0,1.E0,0.E0));
#3211=VECTOR('',#3210,1.947909490581E0);
#3212=CARTESIAN_POINT('',(-7.499577309190E-1,-2.821972332932E0,
1.927823524460E-1));
#3213=LINE('',#3212,#3211);
#3214=DIRECTION('',(0.E0,0.E0,-1.E0));
#3215=VECTOR('',#3214,1.999887282448E-1);
#3216=CARTESIAN_POINT('',(-7.499577309190E-1,-8.740628423510E-1,
1.927823524460E-1));
#3217=LINE('',#3216,#3215);
#3218=DIRECTION('',(0.E0,0.E0,-1.E0));
#3219=VECTOR('',#3218,1.999887282448E-1);
#3220=CARTESIAN_POINT('',(-6.499633667960E0,-8.740628423510E-1,
1.927823524460E-1));
#3221=LINE('',#3220,#3219);
#3222=DIRECTION('',(1.E0,0.E0,0.E0));
#3223=VECTOR('',#3222,5.749675937041E0);
#3224=CARTESIAN_POINT('',(-6.499633667960E0,-8.740628423510E-1,
-7.206375798770E-3));
#3225=LINE('',#3224,#3223);
#3226=DIRECTION('',(0.E0,-1.E0,0.E0));
#3227=VECTOR('',#3226,1.999887282450E-1);
#3228=CARTESIAN_POINT('',(-6.499633667960E0,-5.973775412596E0,
3.927710806910E-1));
#3229=LINE('',#3228,#3227);
#3230=CARTESIAN_POINT('',(-6.499633667960E0,-5.873781048474E0,
2.927767165690E-1));
#3231=DIRECTION('',(1.E0,0.E0,0.E0));
#3232=DIRECTION('',(0.E0,-1.E0,-2.239075957909E-14));
#3233=AXIS2_PLACEMENT_3D('',#3230,#3231,#3232);
#3235=CARTESIAN_POINT('',(-6.499633667960E0,-5.873781048474E0,
2.927767165690E-1));
#3236=DIRECTION('',(-1.E0,0.E0,0.E0));
#3237=DIRECTION('',(0.E0,3.335297939281E-11,-1.E0));
#3238=AXIS2_PLACEMENT_3D('',#3235,#3236,#3237);
#3240=CARTESIAN_POINT('',(-6.499633667960E0,-5.923778230535E0,
3.927710806910E-1));
#3241=DIRECTION('',(0.E0,0.E0,1.E0));
#3242=DIRECTION('',(-1.E0,3.027437948403E-11,0.E0));
#3243=AXIS2_PLACEMENT_3D('',#3240,#3241,#3242);
#3245=DIRECTION('',(-1.E0,0.E0,0.E0));
#3246=VECTOR('',#3245,1.999887282450E-1);
#3247=CARTESIAN_POINT('',(-6.549630850022E0,-5.218817963472E0,
3.927710806910E-1));
#3248=LINE('',#3247,#3246);
#3249=DIRECTION('',(0.E0,0.E0,-1.E0));
#3250=VECTOR('',#3249,5.799673119103E0);
#3251=CARTESIAN_POINT('',(-6.749619578267E0,-5.923778230532E0,
6.192444199794E0));
#3252=LINE('',#3251,#3250);
#3253=DIRECTION('',(0.E0,0.E0,1.E0));
#3254=VECTOR('',#3253,5.799673119103E0);
#3255=CARTESIAN_POINT('',(-6.499633667960E0,-6.173764140841E0,
3.927710806910E-1));
#3256=LINE('',#3255,#3254);
#3257=DIRECTION('',(-4.737218555590E-13,1.E0,0.E0));
#3258=VECTOR('',#3257,7.049602670605E-1);
#3259=CARTESIAN_POINT('',(-6.749619578267E0,-5.923778230532E0,
3.927710806910E-1));
#3260=LINE('',#3259,#3258);
#3261=CARTESIAN_POINT('',(-6.749619578267E0,-4.593853187706E0,
-2.182083795462E0));
#3262=DIRECTION('',(1.E0,0.E0,0.E0));
#3263=DIRECTION('',(0.E0,-1.E0,1.315999314738E-11));
#3264=AXIS2_PLACEMENT_3D('',#3261,#3262,#3263);
#3266=DIRECTION('',(1.708306435643E-13,-1.E0,0.E0));
#3267=VECTOR('',#3266,1.954889818591E0);
#3268=CARTESIAN_POINT('',(-6.749619578267E0,-3.968888411941E0,
6.192444199794E0));
#3269=LINE('',#3268,#3267);
#3270=DIRECTION('',(0.E0,-1.293536620151E-13,1.E0));
#3271=VECTOR('',#3270,2.574854876150E0);
#3272=CARTESIAN_POINT('',(-6.749619578267E0,-5.218817963472E0,
-2.182083795459E0));
#3273=LINE('',#3272,#3271);
#3274=DIRECTION('',(-1.E0,0.E0,5.329370875015E-14));
#3275=VECTOR('',#3274,1.999887282450E-1);
#3276=CARTESIAN_POINT('',(-6.549630850022E0,-5.218817963472E0,
-2.182083795459E0));
#3277=LINE('',#3276,#3275);
#3278=DIRECTION('',(1.E0,0.E0,0.E0));
#3279=VECTOR('',#3278,1.999887282450E-1);
#3280=CARTESIAN_POINT('',(-6.749619578267E0,-3.968888411941E0,
-2.182083795462E0));
#3281=LINE('',#3280,#3279);
#3282=CARTESIAN_POINT('',(-6.549630850022E0,-4.593853187706E0,
-2.182083795462E0));
#3283=DIRECTION('',(-1.E0,0.E0,0.E0));
#3284=DIRECTION('',(0.E0,1.E0,0.E0));
#3285=AXIS2_PLACEMENT_3D('',#3282,#3283,#3284);
#3287=DIRECTION('',(0.E0,-1.293536620151E-13,1.E0));
#3288=VECTOR('',#3287,2.574854876150E0);
#3289=CARTESIAN_POINT('',(-6.549630850022E0,-5.218817963472E0,
-2.182083795459E0));
#3290=LINE('',#3289,#3288);
#3291=DIRECTION('',(0.E0,-1.E0,0.E0));
#3292=VECTOR('',#3291,7.549574491240E-1);
#3293=CARTESIAN_POINT('',(-6.549630850022E0,-5.218817963472E0,
3.927710806910E-1));
#3294=LINE('',#3293,#3292);
#3295=DIRECTION('',(0.E0,1.E0,0.E0));
#3296=VECTOR('',#3295,2.004887000655E0);
#3297=CARTESIAN_POINT('',(-6.549630850022E0,-5.973775412596E0,
6.192444199794E0));
#3298=LINE('',#3297,#3296);
#3299=DIRECTION('',(0.E0,0.E0,-1.E0));
#3300=VECTOR('',#3299,8.374527995256E0);
#3301=CARTESIAN_POINT('',(-6.549630850022E0,-3.968888411941E0,
6.192444199794E0));
#3302=LINE('',#3301,#3300);
#3303=DIRECTION('',(0.E0,0.E0,-1.E0));
#3304=VECTOR('',#3303,5.799673119103E0);
#3305=CARTESIAN_POINT('',(-6.549630850022E0,-5.973775412596E0,
6.192444199794E0));
#3306=LINE('',#3305,#3304);
#3307=DIRECTION('',(1.E0,0.E0,0.E0));
#3308=VECTOR('',#3307,4.999718206200E-2);
#3309=CARTESIAN_POINT('',(-6.549630850022E0,-5.973775412596E0,
3.927710806910E-1));
#3310=LINE('',#3309,#3308);
#3311=DIRECTION('',(0.E0,-1.563282123330E-12,-1.E0));
#3312=VECTOR('',#3311,9.999436412299E-2);
#3313=CARTESIAN_POINT('',(-6.499633667960E0,-5.973775412596E0,
3.927710806910E-1));
#3314=LINE('',#3313,#3312);
#3315=DIRECTION('',(-1.E0,0.E0,0.E0));
#3316=VECTOR('',#3315,4.999718206200E-2);
#3317=CARTESIAN_POINT('',(6.549630850022E0,-5.973775412596E0,6.192444199794E0));
#3318=LINE('',#3317,#3316);
#3319=DIRECTION('',(0.E0,1.572164408106E-12,-1.E0));
#3320=VECTOR('',#3319,9.999436412398E-2);
#3321=CARTESIAN_POINT('',(-6.499633667960E0,-5.973775412596E0,
6.292438563918E0));
#3322=LINE('',#3321,#3320);
#3323=DIRECTION('',(0.E0,0.E0,1.E0));
#3324=VECTOR('',#3323,4.199763293143E0);
#3325=CARTESIAN_POINT('',(-3.249816833980E0,-5.973775412596E0,
1.192725993671E0));
#3326=LINE('',#3325,#3324);
#3327=DIRECTION('',(1.E0,0.E0,0.E0));
#3328=VECTOR('',#3327,6.499633667960E0);
#3329=CARTESIAN_POINT('',(-3.249816833980E0,-5.973775412596E0,
5.392489286814E0));
#3330=LINE('',#3329,#3328);
#3331=DIRECTION('',(0.E0,0.E0,-1.E0));
#3332=VECTOR('',#3331,4.199763293143E0);
#3333=CARTESIAN_POINT('',(3.249816833980E0,-5.973775412596E0,5.392489286814E0));
#3334=LINE('',#3333,#3332);
#3335=DIRECTION('',(-1.E0,0.E0,0.E0));
#3336=VECTOR('',#3335,6.499633667960E0);
#3337=CARTESIAN_POINT('',(3.249816833980E0,-5.973775412596E0,1.192725993671E0));
#3338=LINE('',#3337,#3336);
#3339=DIRECTION('',(-1.E0,0.E0,0.E0));
#3340=VECTOR('',#3339,1.299926733592E1);
#3341=CARTESIAN_POINT('',(6.499633667960E0,-5.973775412596E0,
2.927767165680E-1));
#3342=LINE('',#3341,#3340);
#3343=DIRECTION('',(1.E0,0.E0,0.E0));
#3344=VECTOR('',#3343,1.299926733592E1);
#3345=CARTESIAN_POINT('',(-6.499633667960E0,-5.873781048473E0,
1.927823524462E-1));
#3346=LINE('',#3345,#3344);
#3347=DIRECTION('',(0.E0,-1.572164408122E-12,-1.E0));
#3348=VECTOR('',#3347,9.999436412299E-2);
#3349=CARTESIAN_POINT('',(6.499633667960E0,-5.973775412596E0,
3.927710806910E-1));
#3350=LINE('',#3349,#3348);
#3351=CARTESIAN_POINT('',(6.499633667960E0,-5.873781048474E0,
2.927767165690E-1));
#3352=DIRECTION('',(1.E0,0.E0,0.E0));
#3353=DIRECTION('',(0.E0,-1.E0,-2.956468492915E-11));
#3354=AXIS2_PLACEMENT_3D('',#3351,#3352,#3353);
#3356=DIRECTION('',(0.E0,1.E0,-3.533483918697E-14));
#3357=VECTOR('',#3356,4.999718206122E0);
#3358=CARTESIAN_POINT('',(6.499633667960E0,-5.873781048473E0,
1.927823524462E-1));
#3359=LINE('',#3358,#3357);
#3360=DIRECTION('',(0.E0,0.E0,-1.E0));
#3361=VECTOR('',#3360,1.999887282448E-1);
#3362=CARTESIAN_POINT('',(6.499633667960E0,-8.740628423510E-1,
1.927823524460E-1));
#3363=LINE('',#3362,#3361);
#3364=DIRECTION('',(0.E0,-1.E0,5.133735082839E-14));
#3365=VECTOR('',#3364,4.999718206121E0);
#3366=CARTESIAN_POINT('',(6.499633667960E0,-8.740628423510E-1,
-7.206375798770E-3));
#3367=LINE('',#3366,#3365);
#3368=CARTESIAN_POINT('',(6.499633667960E0,-5.873781048474E0,
2.927767165690E-1));
#3369=DIRECTION('',(-1.E0,0.E0,0.E0));
#3370=DIRECTION('',(0.E0,1.944332140904E-11,-1.E0));
#3371=AXIS2_PLACEMENT_3D('',#3368,#3369,#3370);
#3373=DIRECTION('',(0.E0,0.E0,1.E0));
#3374=VECTOR('',#3373,9.999436412200E-2);
#3375=CARTESIAN_POINT('',(6.499633667960E0,-6.173764140841E0,
2.927767165690E-1));
#3376=LINE('',#3375,#3374);
#3377=CARTESIAN_POINT('',(6.499633667960E0,-5.923778230535E0,
3.927710806910E-1));
#3378=DIRECTION('',(0.E0,0.E0,1.E0));
#3379=DIRECTION('',(0.E0,-1.E0,0.E0));
#3380=AXIS2_PLACEMENT_3D('',#3377,#3378,#3379);
#3382=DIRECTION('',(0.E0,-1.E0,0.E0));
#3383=VECTOR('',#3382,7.549574491240E-1);
#3384=CARTESIAN_POINT('',(6.549630850022E0,-5.218817963472E0,
3.927710806910E-1));
#3385=LINE('',#3384,#3383);
#3386=DIRECTION('',(-1.E0,0.E0,0.E0));
#3387=VECTOR('',#3386,4.999718206200E-2);
#3388=CARTESIAN_POINT('',(6.549630850022E0,-5.973775412596E0,
3.927710806910E-1));
#3389=LINE('',#3388,#3387);
#3390=DIRECTION('',(0.E0,-1.E0,0.E0));
#3391=VECTOR('',#3390,1.999887282450E-1);
#3392=CARTESIAN_POINT('',(6.499633667960E0,-5.973775412596E0,
3.927710806910E-1));
#3393=LINE('',#3392,#3391);
#3394=DIRECTION('',(0.E0,0.E0,1.E0));
#3395=VECTOR('',#3394,5.799673119103E0);
#3396=CARTESIAN_POINT('',(6.749619578267E0,-5.923778230532E0,
3.927710806910E-1));
#3397=LINE('',#3396,#3395);
#3398=DIRECTION('',(0.E0,0.E0,-1.E0));
#3399=VECTOR('',#3398,5.799673119103E0);
#3400=CARTESIAN_POINT('',(6.499633667960E0,-6.173764140841E0,6.192444199794E0));
#3401=LINE('',#3400,#3399);
#3402=DIRECTION('',(1.708306435643E-13,1.E0,0.E0));
#3403=VECTOR('',#3402,1.954889818591E0);
#3404=CARTESIAN_POINT('',(6.749619578267E0,-5.923778230532E0,6.192444199794E0));
#3405=LINE('',#3404,#3403);
#3406=DIRECTION('',(0.E0,0.E0,-1.E0));
#3407=VECTOR('',#3406,8.374527995256E0);
#3408=CARTESIAN_POINT('',(6.749619578267E0,-3.968888411941E0,6.192444199794E0));
#3409=LINE('',#3408,#3407);
#3410=CARTESIAN_POINT('',(6.749619578267E0,-4.593853187706E0,
-2.182083795462E0));
#3411=DIRECTION('',(-1.E0,0.E0,0.E0));
#3412=DIRECTION('',(0.E0,1.E0,0.E0));
#3413=AXIS2_PLACEMENT_3D('',#3410,#3411,#3412);
#3415=DIRECTION('',(0.E0,-1.293536620151E-13,1.E0));
#3416=VECTOR('',#3415,2.574854876150E0);
#3417=CARTESIAN_POINT('',(6.749619578267E0,-5.218817963472E0,
-2.182083795459E0));
#3418=LINE('',#3417,#3416);
#3419=DIRECTION('',(-4.737218555590E-13,-1.E0,0.E0));
#3420=VECTOR('',#3419,7.049602670605E-1);
#3421=CARTESIAN_POINT('',(6.749619578267E0,-5.218817963472E0,
3.927710806910E-1));
#3422=LINE('',#3421,#3420);
#3423=CARTESIAN_POINT('',(6.499633667960E0,-5.923778230535E0,6.192444199794E0));
#3424=DIRECTION('',(0.E0,0.E0,-1.E0));
#3425=DIRECTION('',(1.E0,3.027437948403E-11,0.E0));
#3426=AXIS2_PLACEMENT_3D('',#3423,#3424,#3425);
#3428=DIRECTION('',(0.E0,1.E0,0.E0));
#3429=VECTOR('',#3428,2.004887000655E0);
#3430=CARTESIAN_POINT('',(6.549630850022E0,-5.973775412596E0,6.192444199794E0));
#3431=LINE('',#3430,#3429);
#3432=DIRECTION('',(1.E0,0.E0,0.E0));
#3433=VECTOR('',#3432,1.999887282450E-1);
#3434=CARTESIAN_POINT('',(6.549630850022E0,-3.968888411941E0,6.192444199794E0));
#3435=LINE('',#3434,#3433);
#3436=DIRECTION('',(0.E0,-1.E0,0.E0));
#3437=VECTOR('',#3436,1.999887282450E-1);
#3438=CARTESIAN_POINT('',(6.499633667960E0,-5.973775412596E0,6.192444199794E0));
#3439=LINE('',#3438,#3437);
#3440=DIRECTION('',(0.E0,0.E0,1.E0));
#3441=VECTOR('',#3440,9.999436412300E-2);
#3442=CARTESIAN_POINT('',(6.499633667960E0,-6.173764140841E0,6.192444199794E0));
#3443=LINE('',#3442,#3441);
#3444=CARTESIAN_POINT('',(6.499633667960E0,-5.873781048474E0,6.292438563917E0));
#3445=DIRECTION('',(-1.E0,0.E0,0.E0));
#3446=DIRECTION('',(0.E0,-1.E0,2.368609277788E-14));
#3447=AXIS2_PLACEMENT_3D('',#3444,#3445,#3446);
#3449=DIRECTION('',(0.E0,1.E0,0.E0));
#3450=VECTOR('',#3449,4.999718206123E0);
#3451=CARTESIAN_POINT('',(6.499633667960E0,-5.873781048474E0,6.592421656284E0));
#3452=LINE('',#3451,#3450);
#3453=DIRECTION('',(0.E0,0.E0,-1.E0));
#3454=VECTOR('',#3453,1.999887282450E-1);
#3455=CARTESIAN_POINT('',(6.499633667960E0,-8.740628423510E-1,
6.592421656284E0));
#3456=LINE('',#3455,#3454);
#3457=DIRECTION('',(0.E0,-1.E0,3.126564246676E-14));
#3458=VECTOR('',#3457,4.999718206124E0);
#3459=CARTESIAN_POINT('',(6.499633667960E0,-8.740628423510E-1,
6.392432928039E0));
#3460=LINE('',#3459,#3458);
#3461=CARTESIAN_POINT('',(6.499633667960E0,-5.873781048474E0,6.292438563917E0));
#3462=DIRECTION('',(1.E0,0.E0,0.E0));
#3463=DIRECTION('',(0.E0,-2.956912607155E-11,1.E0));
#3464=AXIS2_PLACEMENT_3D('',#3461,#3462,#3463);
#3466=DIRECTION('',(0.E0,1.563282123314E-12,-1.E0));
#3467=VECTOR('',#3466,9.999436412398E-2);
#3468=CARTESIAN_POINT('',(6.499633667960E0,-5.973775412596E0,6.292438563918E0));
#3469=LINE('',#3468,#3467);
#3470=DIRECTION('',(0.E0,0.E0,1.E0));
#3471=VECTOR('',#3470,9.999436412300E-2);
#3472=CARTESIAN_POINT('',(-6.499633667960E0,-6.173764140841E0,
6.192444199794E0));
#3473=LINE('',#3472,#3471);
#3474=DIRECTION('',(0.E0,0.E0,1.E0));
#3475=VECTOR('',#3474,9.999436412200E-2);
#3476=CARTESIAN_POINT('',(-6.499633667960E0,-6.173764140841E0,
2.927767165690E-1));
#3477=LINE('',#3476,#3475);
#3478=CARTESIAN_POINT('',(-6.499633667960E0,-5.873781048474E0,
6.292438563917E0));
#3479=DIRECTION('',(-1.E0,0.E0,0.E0));
#3480=DIRECTION('',(0.E0,-1.E0,2.956912607155E-11));
#3481=AXIS2_PLACEMENT_3D('',#3478,#3479,#3480);
#3483=CARTESIAN_POINT('',(-6.499633667960E0,-5.873781048474E0,
6.292438563917E0));
#3484=DIRECTION('',(1.E0,0.E0,0.E0));
#3485=DIRECTION('',(0.E0,0.E0,1.E0));
#3486=AXIS2_PLACEMENT_3D('',#3483,#3484,#3485);
#3488=CARTESIAN_POINT('',(-6.499633667960E0,-5.923778230535E0,
6.192444199794E0));
#3489=DIRECTION('',(0.E0,0.E0,-1.E0));
#3490=DIRECTION('',(0.E0,-1.E0,0.E0));
#3491=AXIS2_PLACEMENT_3D('',#3488,#3489,#3490);
#3493=DIRECTION('',(1.E0,0.E0,0.E0));
#3494=VECTOR('',#3493,4.999718206200E-2);
#3495=CARTESIAN_POINT('',(-6.549630850022E0,-5.973775412596E0,
6.192444199794E0));
#3496=LINE('',#3495,#3494);
#3497=DIRECTION('',(0.E0,-1.E0,0.E0));
#3498=VECTOR('',#3497,1.999887282450E-1);
#3499=CARTESIAN_POINT('',(-6.499633667960E0,-5.973775412596E0,
6.192444199794E0));
#3500=LINE('',#3499,#3498);
#3501=DIRECTION('',(-1.E0,0.E0,0.E0));
#3502=VECTOR('',#3501,1.999887282450E-1);
#3503=CARTESIAN_POINT('',(-6.549630850022E0,-3.968888411941E0,
6.192444199794E0));
#3504=LINE('',#3503,#3502);
#3505=DIRECTION('',(0.E0,0.E0,-1.E0));
#3506=VECTOR('',#3505,8.374527995256E0);
#3507=CARTESIAN_POINT('',(-6.749619578267E0,-3.968888411941E0,
6.192444199794E0));
#3508=LINE('',#3507,#3506);
#3509=DIRECTION('',(-1.E0,0.E0,0.E0));
#3510=VECTOR('',#3509,1.299926733592E1);
#3511=CARTESIAN_POINT('',(6.499633667960E0,-5.873781048475E0,6.392432928039E0));
#3512=LINE('',#3511,#3510);
#3513=DIRECTION('',(1.E0,0.E0,0.E0));
#3514=VECTOR('',#3513,1.299926733592E1);
#3515=CARTESIAN_POINT('',(-6.499633667960E0,-5.973775412596E0,
6.292438563918E0));
#3516=LINE('',#3515,#3514);
#3517=CARTESIAN_POINT('',(0.E0,-2.821972332932E0,6.392432928039E0));
#3518=DIRECTION('',(0.E0,0.E0,-1.E0));
#3519=DIRECTION('',(1.E0,0.E0,0.E0));
#3520=AXIS2_PLACEMENT_3D('',#3517,#3518,#3519);
#3522=DIRECTION('',(0.E0,1.E0,0.E0));
#3523=VECTOR('',#3522,1.947909490581E0);
#3524=CARTESIAN_POINT('',(-7.499577309190E-1,-2.821972332932E0,
6.392432928039E0));
#3525=LINE('',#3524,#3523);
#3526=DIRECTION('',(0.E0,-1.E0,3.126564246676E-14));
#3527=VECTOR('',#3526,4.999718206124E0);
#3528=CARTESIAN_POINT('',(-6.499633667960E0,-8.740628423510E-1,
6.392432928039E0));
#3529=LINE('',#3528,#3527);
#3530=DIRECTION('',(0.E0,1.E0,0.E0));
#3531=VECTOR('',#3530,1.947909490581E0);
#3532=CARTESIAN_POINT('',(7.499577309190E-1,-2.821972332932E0,
6.392432928039E0));
#3533=LINE('',#3532,#3531);
#3534=DIRECTION('',(0.E0,0.E0,1.E0));
#3535=VECTOR('',#3534,1.999887282450E-1);
#3536=CARTESIAN_POINT('',(7.499577309190E-1,-2.821972332932E0,
6.392432928039E0));
#3537=LINE('',#3536,#3535);
#3538=DIRECTION('',(0.E0,0.E0,-1.E0));
#3539=VECTOR('',#3538,1.999887282450E-1);
#3540=CARTESIAN_POINT('',(-7.499577309190E-1,-2.821972332932E0,
6.592421656284E0));
#3541=LINE('',#3540,#3539);
#3542=CARTESIAN_POINT('',(0.E0,-2.821972332932E0,6.592421656284E0));
#3543=DIRECTION('',(0.E0,0.E0,1.E0));
#3544=DIRECTION('',(-1.E0,0.E0,0.E0));
#3545=AXIS2_PLACEMENT_3D('',#3542,#3543,#3544);
#3547=DIRECTION('',(0.E0,1.E0,0.E0));
#3548=VECTOR('',#3547,1.947909490581E0);
#3549=CARTESIAN_POINT('',(7.499577309190E-1,-2.821972332932E0,
6.592421656284E0));
#3550=LINE('',#3549,#3548);
#3551=DIRECTION('',(1.E0,0.E0,0.E0));
#3552=VECTOR('',#3551,5.749675937041E0);
#3553=CARTESIAN_POINT('',(7.499577309190E-1,-8.740628423510E-1,
6.592421656284E0));
#3554=LINE('',#3553,#3552);
#3555=DIRECTION('',(0.E0,1.E0,0.E0));
#3556=VECTOR('',#3555,4.999718206123E0);
#3557=CARTESIAN_POINT('',(-6.499633667960E0,-5.873781048474E0,
6.592421656284E0));
#3558=LINE('',#3557,#3556);
#3559=DIRECTION('',(1.E0,0.E0,0.E0));
#3560=VECTOR('',#3559,5.749675937041E0);
#3561=CARTESIAN_POINT('',(-6.499633667960E0,-8.740628423510E-1,
6.592421656284E0));
#3562=LINE('',#3561,#3560);
#3563=DIRECTION('',(0.E0,1.E0,0.E0));
#3564=VECTOR('',#3563,1.499915461837E0);
#3565=CARTESIAN_POINT('',(5.143510101731E0,-3.571930063851E0,6.592421656284E0));
#3566=LINE('',#3565,#3564);
#3567=DIRECTION('',(-1.E0,0.E0,0.E0));
#3568=VECTOR('',#3567,2.999830923674E0);
#3569=CARTESIAN_POINT('',(5.143510101731E0,-2.072014602014E0,6.592421656284E0));
#3570=LINE('',#3569,#3568);
#3571=DIRECTION('',(0.E0,-1.E0,0.E0));
#3572=VECTOR('',#3571,1.499915461837E0);
#3573=CARTESIAN_POINT('',(2.143679178057E0,-2.072014602014E0,6.592421656284E0));
#3574=LINE('',#3573,#3572);
#3575=DIRECTION('',(1.E0,0.E0,0.E0));
#3576=VECTOR('',#3575,2.999830923674E0);
#3577=CARTESIAN_POINT('',(2.143679178057E0,-3.571930063851E0,6.592421656284E0));
#3578=LINE('',#3577,#3576);
#3579=DIRECTION('',(-1.E0,0.E0,0.E0));
#3580=VECTOR('',#3579,2.999830923674E0);
#3581=CARTESIAN_POINT('',(-2.143679178057E0,-2.072014602014E0,
6.592421656284E0));
#3582=LINE('',#3581,#3580);
#3583=DIRECTION('',(0.E0,-1.E0,0.E0));
#3584=VECTOR('',#3583,1.499915461837E0);
#3585=CARTESIAN_POINT('',(-5.143510101731E0,-2.072014602014E0,
6.592421656284E0));
#3586=LINE('',#3585,#3584);
#3587=DIRECTION('',(1.E0,0.E0,0.E0));
#3588=VECTOR('',#3587,2.999830923674E0);
#3589=CARTESIAN_POINT('',(-5.143510101731E0,-3.571930063851E0,
6.592421656284E0));
#3590=LINE('',#3589,#3588);
#3591=DIRECTION('',(0.E0,1.E0,0.E0));
#3592=VECTOR('',#3591,1.499915461837E0);
#3593=CARTESIAN_POINT('',(-2.143679178057E0,-3.571930063851E0,
6.592421656284E0));
#3594=LINE('',#3593,#3592);
#3595=DIRECTION('',(0.E0,1.E0,0.E0));
#3596=VECTOR('',#3595,1.947909490581E0);
#3597=CARTESIAN_POINT('',(-7.499577309190E-1,-2.821972332932E0,
6.592421656284E0));
#3598=LINE('',#3597,#3596);
#3599=DIRECTION('',(0.E0,0.E0,-1.E0));
#3600=VECTOR('',#3599,1.999887282450E-1);
#3601=CARTESIAN_POINT('',(-7.499577309190E-1,-8.740628423510E-1,
6.592421656284E0));
#3602=LINE('',#3601,#3600);
#3603=DIRECTION('',(0.E0,0.E0,-1.E0));
#3604=VECTOR('',#3603,1.999887282450E-1);
#3605=CARTESIAN_POINT('',(-6.499633667960E0,-8.740628423510E-1,
6.592421656284E0));
#3606=LINE('',#3605,#3604);
#3607=DIRECTION('',(1.E0,0.E0,0.E0));
#3608=VECTOR('',#3607,5.749675937041E0);
#3609=CARTESIAN_POINT('',(-6.499633667960E0,-8.740628423510E-1,
6.392432928039E0));
#3610=LINE('',#3609,#3608);
#3611=DIRECTION('',(0.E0,0.E0,-1.E0));
#3612=VECTOR('',#3611,1.999887282450E-1);
#3613=CARTESIAN_POINT('',(7.499577309190E-1,-8.740628423510E-1,
6.592421656284E0));
#3614=LINE('',#3613,#3612);
#3615=DIRECTION('',(1.E0,0.E0,0.E0));
#3616=VECTOR('',#3615,5.749675937041E0);
#3617=CARTESIAN_POINT('',(7.499577309190E-1,-8.740628423510E-1,
6.392432928039E0));
#3618=LINE('',#3617,#3616);
#3619=DIRECTION('',(-1.E0,0.E0,0.E0));
#3620=VECTOR('',#3619,1.299926733592E1);
#3621=CARTESIAN_POINT('',(6.499633667960E0,-5.873781048474E0,6.592421656284E0));
#3622=LINE('',#3621,#3620);
#3623=DIRECTION('',(1.E0,0.E0,0.E0));
#3624=VECTOR('',#3623,1.299926733592E1);
#3625=CARTESIAN_POINT('',(-6.499633667960E0,-6.173764140841E0,
6.292438563917E0));
#3626=LINE('',#3625,#3624);
#3627=DIRECTION('',(0.E0,0.E0,1.E0));
#3628=VECTOR('',#3627,1.999887282450E-1);
#3629=CARTESIAN_POINT('',(5.143510101731E0,-2.072014602014E0,6.392432928039E0));
#3630=LINE('',#3629,#3628);
#3631=DIRECTION('',(0.E0,1.E0,0.E0));
#3632=VECTOR('',#3631,1.499915461837E0);
#3633=CARTESIAN_POINT('',(5.143510101731E0,-3.571930063851E0,6.392432928039E0));
#3634=LINE('',#3633,#3632);
#3635=DIRECTION('',(-1.E0,0.E0,0.E0));
#3636=VECTOR('',#3635,2.999830923674E0);
#3637=CARTESIAN_POINT('',(5.143510101731E0,-2.072014602014E0,6.392432928039E0));
#3638=LINE('',#3637,#3636);
#3639=DIRECTION('',(0.E0,0.E0,1.E0));
#3640=VECTOR('',#3639,1.999887282450E-1);
#3641=CARTESIAN_POINT('',(2.143679178057E0,-2.072014602014E0,6.392432928039E0));
#3642=LINE('',#3641,#3640);
#3643=DIRECTION('',(0.E0,0.E0,1.E0));
#3644=VECTOR('',#3643,1.999887282450E-1);
#3645=CARTESIAN_POINT('',(2.143679178057E0,-3.571930063851E0,6.392432928039E0));
#3646=LINE('',#3645,#3644);
#3647=DIRECTION('',(0.E0,-1.E0,0.E0));
#3648=VECTOR('',#3647,1.499915461837E0);
#3649=CARTESIAN_POINT('',(2.143679178057E0,-2.072014602014E0,6.392432928039E0));
#3650=LINE('',#3649,#3648);
#3651=DIRECTION('',(0.E0,0.E0,1.E0));
#3652=VECTOR('',#3651,1.999887282450E-1);
#3653=CARTESIAN_POINT('',(5.143510101731E0,-3.571930063851E0,6.392432928039E0));
#3654=LINE('',#3653,#3652);
#3655=DIRECTION('',(1.E0,0.E0,0.E0));
#3656=VECTOR('',#3655,2.999830923674E0);
#3657=CARTESIAN_POINT('',(2.143679178057E0,-3.571930063851E0,6.392432928039E0));
#3658=LINE('',#3657,#3656);
#3659=DIRECTION('',(0.E0,0.E0,1.E0));
#3660=VECTOR('',#3659,1.999887282450E-1);
#3661=CARTESIAN_POINT('',(-5.143510101731E0,-2.072014602014E0,
6.392432928039E0));
#3662=LINE('',#3661,#3660);
#3663=DIRECTION('',(-1.E0,0.E0,0.E0));
#3664=VECTOR('',#3663,2.999830923674E0);
#3665=CARTESIAN_POINT('',(-2.143679178057E0,-2.072014602014E0,
6.392432928039E0));
#3666=LINE('',#3665,#3664);
#3667=DIRECTION('',(0.E0,-1.E0,0.E0));
#3668=VECTOR('',#3667,1.499915461837E0);
#3669=CARTESIAN_POINT('',(-5.143510101731E0,-2.072014602014E0,
6.392432928039E0));
#3670=LINE('',#3669,#3668);
#3671=DIRECTION('',(0.E0,0.E0,1.E0));
#3672=VECTOR('',#3671,1.999887282450E-1);
#3673=CARTESIAN_POINT('',(-5.143510101731E0,-3.571930063851E0,
6.392432928039E0));
#3674=LINE('',#3673,#3672);
#3675=DIRECTION('',(0.E0,0.E0,1.E0));
#3676=VECTOR('',#3675,1.999887282450E-1);
#3677=CARTESIAN_POINT('',(-2.143679178057E0,-3.571930063851E0,
6.392432928039E0));
#3678=LINE('',#3677,#3676);
#3679=DIRECTION('',(1.E0,0.E0,0.E0));
#3680=VECTOR('',#3679,2.999830923674E0);
#3681=CARTESIAN_POINT('',(-5.143510101731E0,-3.571930063851E0,
6.392432928039E0));
#3682=LINE('',#3681,#3680);
#3683=DIRECTION('',(0.E0,0.E0,1.E0));
#3684=VECTOR('',#3683,1.999887282450E-1);
#3685=CARTESIAN_POINT('',(-2.143679178057E0,-2.072014602014E0,
6.392432928039E0));
#3686=LINE('',#3685,#3684);
#3687=DIRECTION('',(0.E0,1.E0,0.E0));
#3688=VECTOR('',#3687,1.499915461837E0);
#3689=CARTESIAN_POINT('',(-2.143679178057E0,-3.571930063851E0,
6.392432928039E0));
#3690=LINE('',#3689,#3688);
#3691=DIRECTION('',(-1.E0,0.E0,0.E0));
#3692=VECTOR('',#3691,1.299926733592E1);
#3693=CARTESIAN_POINT('',(6.499633667960E0,-6.173764140841E0,
2.927767165690E-1));
#3694=LINE('',#3693,#3692);
#3695=DIRECTION('',(1.E0,0.E0,0.E0));
#3696=VECTOR('',#3695,1.299926733592E1);
#3697=CARTESIAN_POINT('',(-6.499633667960E0,-5.873781048472E0,
-7.206375798513E-3));
#3698=LINE('',#3697,#3696);
#3699=DIRECTION('',(0.E0,0.E0,1.E0));
#3700=VECTOR('',#3699,4.199763293143E0);
#3701=CARTESIAN_POINT('',(-3.249816833980E0,-6.173764140841E0,
1.192725993671E0));
#3702=LINE('',#3701,#3700);
#3703=DIRECTION('',(0.E0,-1.E0,0.E0));
#3704=VECTOR('',#3703,1.999887282450E-1);
#3705=CARTESIAN_POINT('',(-3.249816833980E0,-5.973775412596E0,
1.192725993671E0));
#3706=LINE('',#3705,#3704);
#3707=DIRECTION('',(1.E0,0.E0,0.E0));
#3708=VECTOR('',#3707,6.499633667960E0);
#3709=CARTESIAN_POINT('',(-3.249816833980E0,-6.173764140841E0,
5.392489286814E0));
#3710=LINE('',#3709,#3708);
#3711=DIRECTION('',(0.E0,-1.E0,0.E0));
#3712=VECTOR('',#3711,1.999887282450E-1);
#3713=CARTESIAN_POINT('',(-3.249816833980E0,-5.973775412596E0,
5.392489286814E0));
#3714=LINE('',#3713,#3712);
#3715=DIRECTION('',(0.E0,0.E0,-1.E0));
#3716=VECTOR('',#3715,4.199763293143E0);
#3717=CARTESIAN_POINT('',(3.249816833980E0,-6.173764140841E0,5.392489286814E0));
#3718=LINE('',#3717,#3716);
#3719=DIRECTION('',(0.E0,-1.E0,0.E0));
#3720=VECTOR('',#3719,1.999887282450E-1);
#3721=CARTESIAN_POINT('',(3.249816833980E0,-5.973775412596E0,5.392489286814E0));
#3722=LINE('',#3721,#3720);
#3723=DIRECTION('',(-1.E0,0.E0,0.E0));
#3724=VECTOR('',#3723,6.499633667960E0);
#3725=CARTESIAN_POINT('',(3.249816833980E0,-6.173764140841E0,1.192725993671E0));
#3726=LINE('',#3725,#3724);
#3727=DIRECTION('',(0.E0,-1.E0,0.E0));
#3728=VECTOR('',#3727,1.999887282450E-1);
#3729=CARTESIAN_POINT('',(3.249816833980E0,-5.973775412596E0,1.192725993671E0));
#3730=LINE('',#3729,#3728);
#3731=CARTESIAN_POINT('',(6.549630850022E0,-4.593853187706E0,
-2.182083795462E0));
#3732=DIRECTION('',(1.E0,0.E0,0.E0));
#3733=DIRECTION('',(0.E0,-1.E0,1.315999314738E-11));
#3734=AXIS2_PLACEMENT_3D('',#3731,#3732,#3733);
#3736=DIRECTION('',(0.E0,0.E0,-1.E0));
#3737=VECTOR('',#3736,5.799673119103E0);
#3738=CARTESIAN_POINT('',(6.549630850022E0,-5.973775412596E0,6.192444199794E0));
#3739=LINE('',#3738,#3737);
#3740=DIRECTION('',(-1.E0,0.E0,5.329370875015E-14));
#3741=VECTOR('',#3740,1.999887282450E-1);
#3742=CARTESIAN_POINT('',(6.749619578267E0,-5.218817963472E0,
-2.182083795459E0));
#3743=LINE('',#3742,#3741);
#3744=DIRECTION('',(1.E0,0.E0,0.E0));
#3745=VECTOR('',#3744,1.999887282450E-1);
#3746=CARTESIAN_POINT('',(6.549630850022E0,-3.968888411941E0,
-2.182083795462E0));
#3747=LINE('',#3746,#3745);
#3748=DIRECTION('',(0.E0,-1.293536620151E-13,1.E0));
#3749=VECTOR('',#3748,2.574854876150E0);
#3750=CARTESIAN_POINT('',(6.549630850022E0,-5.218817963472E0,
-2.182083795459E0));
#3751=LINE('',#3750,#3749);
#3752=DIRECTION('',(1.E0,0.E0,0.E0));
#3753=VECTOR('',#3752,1.999887282450E-1);
#3754=CARTESIAN_POINT('',(6.549630850022E0,-5.218817963472E0,
3.927710806910E-1));
#3755=LINE('',#3754,#3753);
#3756=DIRECTION('',(0.E0,0.E0,-1.E0));
#3757=VECTOR('',#3756,8.374527995256E0);
#3758=CARTESIAN_POINT('',(6.549630850022E0,-3.968888411941E0,6.192444199794E0));
#3759=LINE('',#3758,#3757);
#3760=DIRECTION('',(0.E0,0.E0,-1.E0));
#3761=VECTOR('',#3760,1.999887282448E-1);
#3762=CARTESIAN_POINT('',(7.499577309190E-1,-8.740628423510E-1,
1.927823524460E-1));
#3763=LINE('',#3762,#3761);
#3764=DIRECTION('',(1.E0,0.E0,0.E0));
#3765=VECTOR('',#3764,5.749675937041E0);
#3766=CARTESIAN_POINT('',(7.499577309190E-1,-8.740628423510E-1,
-7.206375798770E-3));
#3767=LINE('',#3766,#3765);
#3768=DIRECTION('',(0.E0,1.E0,0.E0));
#3769=VECTOR('',#3768,1.499915461837E0);
#3770=CARTESIAN_POINT('',(5.143510101731E0,-3.571930063851E0,
-7.206375798770E-3));
#3771=LINE('',#3770,#3769);
#3772=DIRECTION('',(0.E0,0.E0,-1.E0));
#3773=VECTOR('',#3772,1.999887282448E-1);
#3774=CARTESIAN_POINT('',(5.143510101731E0,-3.571930063851E0,
1.927823524460E-1));
#3775=LINE('',#3774,#3773);
#3776=DIRECTION('',(-1.E0,0.E0,0.E0));
#3777=VECTOR('',#3776,2.999830923674E0);
#3778=CARTESIAN_POINT('',(5.143510101731E0,-2.072014602014E0,
-7.206375798770E-3));
#3779=LINE('',#3778,#3777);
#3780=DIRECTION('',(0.E0,0.E0,-1.E0));
#3781=VECTOR('',#3780,1.999887282448E-1);
#3782=CARTESIAN_POINT('',(5.143510101731E0,-2.072014602014E0,
1.927823524460E-1));
#3783=LINE('',#3782,#3781);
#3784=DIRECTION('',(0.E0,-1.E0,0.E0));
#3785=VECTOR('',#3784,1.499915461837E0);
#3786=CARTESIAN_POINT('',(2.143679178057E0,-2.072014602014E0,
-7.206375798770E-3));
#3787=LINE('',#3786,#3785);
#3788=DIRECTION('',(0.E0,0.E0,-1.E0));
#3789=VECTOR('',#3788,1.999887282448E-1);
#3790=CARTESIAN_POINT('',(2.143679178057E0,-2.072014602014E0,
1.927823524460E-1));
#3791=LINE('',#3790,#3789);
#3792=DIRECTION('',(1.E0,0.E0,0.E0));
#3793=VECTOR('',#3792,2.999830923674E0);
#3794=CARTESIAN_POINT('',(2.143679178057E0,-3.571930063851E0,
-7.206375798770E-3));
#3795=LINE('',#3794,#3793);
#3796=DIRECTION('',(0.E0,0.E0,-1.E0));
#3797=VECTOR('',#3796,1.999887282448E-1);
#3798=CARTESIAN_POINT('',(2.143679178057E0,-3.571930063851E0,
1.927823524460E-1));
#3799=LINE('',#3798,#3797);
#3800=DIRECTION('',(-1.E0,0.E0,0.E0));
#3801=VECTOR('',#3800,2.999830923674E0);
#3802=CARTESIAN_POINT('',(-2.143679178057E0,-2.072014602014E0,
-7.206375798770E-3));
#3803=LINE('',#3802,#3801);
#3804=DIRECTION('',(0.E0,0.E0,-1.E0));
#3805=VECTOR('',#3804,1.999887282448E-1);
#3806=CARTESIAN_POINT('',(-2.143679178057E0,-2.072014602014E0,
1.927823524460E-1));
#3807=LINE('',#3806,#3805);
#3808=DIRECTION('',(0.E0,-1.E0,0.E0));
#3809=VECTOR('',#3808,1.499915461837E0);
#3810=CARTESIAN_POINT('',(-5.143510101731E0,-2.072014602014E0,
-7.206375798770E-3));
#3811=LINE('',#3810,#3809);
#3812=DIRECTION('',(0.E0,0.E0,-1.E0));
#3813=VECTOR('',#3812,1.999887282448E-1);
#3814=CARTESIAN_POINT('',(-5.143510101731E0,-2.072014602014E0,
1.927823524460E-1));
#3815=LINE('',#3814,#3813);
#3816=DIRECTION('',(1.E0,0.E0,0.E0));
#3817=VECTOR('',#3816,2.999830923674E0);
#3818=CARTESIAN_POINT('',(-5.143510101731E0,-3.571930063851E0,
-7.206375798770E-3));
#3819=LINE('',#3818,#3817);
#3820=DIRECTION('',(0.E0,0.E0,-1.E0));
#3821=VECTOR('',#3820,1.999887282448E-1);
#3822=CARTESIAN_POINT('',(-5.143510101731E0,-3.571930063851E0,
1.927823524460E-1));
#3823=LINE('',#3822,#3821);
#3824=DIRECTION('',(0.E0,1.E0,0.E0));
#3825=VECTOR('',#3824,1.499915461837E0);
#3826=CARTESIAN_POINT('',(-2.143679178057E0,-3.571930063851E0,
-7.206375798770E-3));
#3827=LINE('',#3826,#3825);
#3828=DIRECTION('',(0.E0,0.E0,-1.E0));
#3829=VECTOR('',#3828,1.999887282448E-1);
#3830=CARTESIAN_POINT('',(-2.143679178057E0,-3.571930063851E0,
1.927823524460E-1));
#3831=LINE('',#3830,#3829);
#3832=DIRECTION('',(-1.110223024625E-14,0.E0,-1.E0));
#3833=VECTOR('',#3832,2.E-2);
#3834=CARTESIAN_POINT('',(1.194958528193E0,-4.256101317442E0,
-7.206375798770E-3));
#3835=LINE('',#3834,#3833);
#3836=DIRECTION('',(1.110223024625E-14,0.E0,-1.E0));
#3837=VECTOR('',#3836,2.E-2);
#3838=CARTESIAN_POINT('',(1.024557399439E0,-4.256101317442E0,
-7.206375798770E-3));
#3839=LINE('',#3838,#3837);
#3840=DIRECTION('',(1.665334536938E-14,0.E0,-1.E0));
#3841=VECTOR('',#3840,2.E-2);
#3842=CARTESIAN_POINT('',(8.495084006031E-1,-4.515389089595E0,
-7.206375798770E-3));
#3843=LINE('',#3842,#3841);
#3844=DIRECTION('',(0.E0,0.E0,-1.E0));
#3845=VECTOR('',#3844,2.E-2);
#3846=CARTESIAN_POINT('',(6.383632930975E-1,-4.256101317442E0,
-7.206375798770E-3));
#3847=LINE('',#3846,#3845);
#3848=DIRECTION('',(0.E0,0.E0,-1.E0));
#3849=VECTOR('',#3848,2.E-2);
#3850=CARTESIAN_POINT('',(1.171328472147E-1,-4.256101317442E0,
-7.206375798770E-3));
#3851=LINE('',#3850,#3849);
#3852=DIRECTION('',(1.942890293094E-14,-4.440892098501E-14,-1.E0));
#3853=VECTOR('',#3852,2.E-2);
#3854=CARTESIAN_POINT('',(1.522193372966E-1,-4.514658890124E0,
-7.206375798770E-3));
#3855=LINE('',#3854,#3853);
#3856=DIRECTION('',(-1.665334536938E-14,0.E0,-1.E0));
#3857=VECTOR('',#3856,2.E-2);
#3858=CARTESIAN_POINT('',(-1.497699822838E-1,-4.256101317442E0,
-7.206375798770E-3));
#3859=LINE('',#3858,#3857);
#3860=DIRECTION('',(0.E0,0.E0,-1.E0));
#3861=VECTOR('',#3860,2.E-2);
#3862=CARTESIAN_POINT('',(-3.671575006471E-1,-4.256101317442E0,
-7.206375798770E-3));
#3863=LINE('',#3862,#3861);
#3864=DIRECTION('',(0.E0,0.E0,-1.E0));
#3865=VECTOR('',#3864,2.E-2);
#3866=CARTESIAN_POINT('',(-6.296233312129E-3,-4.559546329337E0,
-7.206375798770E-3));
#3867=LINE('',#3866,#3865);
#3868=DIRECTION('',(0.E0,0.E0,-1.E0));
#3869=VECTOR('',#3868,2.E-2);
#3870=CARTESIAN_POINT('',(-2.423848809158E-1,-5.045039154521E0,
-7.206375798770E-3));
#3871=LINE('',#3870,#3869);
#3872=DIRECTION('',(0.E0,0.E0,-1.E0));
#3873=VECTOR('',#3872,2.E-2);
#3874=CARTESIAN_POINT('',(-3.529088364132E-1,-5.045039154521E0,
-7.206375798770E-3));
#3875=LINE('',#3874,#3873);
#3876=DIRECTION('',(0.E0,0.E0,-1.E0));
#3877=VECTOR('',#3876,2.E-2);
#3878=CARTESIAN_POINT('',(-4.641073888514E-1,-4.256101317442E0,
-7.206375798770E-3));
#3879=LINE('',#3878,#3877);
#3880=DIRECTION('',(0.E0,0.E0,-1.E0));
#3881=VECTOR('',#3880,2.E-2);
#3882=CARTESIAN_POINT('',(-6.045169486679E-1,-4.256101317442E0,
-7.206375798770E-3));
#3883=LINE('',#3882,#3881);
#3884=DIRECTION('',(1.110223024625E-14,0.E0,-1.E0));
#3885=VECTOR('',#3884,2.E-2);
#3886=CARTESIAN_POINT('',(-5.091610330860E-1,-4.936544218122E0,
-7.206375798770E-3));
#3887=LINE('',#3886,#3885);
#3888=DIRECTION('',(0.E0,0.E0,-1.E0));
#3889=VECTOR('',#3888,2.E-2);
#3890=CARTESIAN_POINT('',(-9.003472586891E-1,-4.936544218122E0,
-7.206375798770E-3));
#3891=LINE('',#3890,#3889);
#3892=DIRECTION('',(0.E0,0.E0,-1.E0));
#3893=VECTOR('',#3892,2.E-2);
#3894=CARTESIAN_POINT('',(-9.243079884149E-1,-4.758026368833E0,
-7.206375798770E-3));
#3895=LINE('',#3894,#3893);
#3896=DIRECTION('',(-1.221245327088E-13,0.E0,-1.E0));
#3897=VECTOR('',#3896,2.E-2);
#3898=CARTESIAN_POINT('',(-8.937233069118E-1,-4.723062337003E0,
-7.206375798770E-3));
#3899=LINE('',#3898,#3897);
#3900=DIRECTION('',(0.E0,0.E0,-1.E0));
#3901=VECTOR('',#3900,2.E-2);
#3902=CARTESIAN_POINT('',(-6.900301547645E-1,-4.723062337003E0,
-7.206375798770E-3));
#3903=LINE('',#3902,#3901);
#3904=DIRECTION('',(0.E0,0.E0,-1.E0));
#3905=VECTOR('',#3904,2.E-2);
#3906=CARTESIAN_POINT('',(-7.086876949848E-1,-4.582830985092E0,
-7.206375798770E-3));
#3907=LINE('',#3906,#3905);
#3908=DIRECTION('',(0.E0,0.E0,-1.E0));
#3909=VECTOR('',#3908,2.E-2);
#3910=CARTESIAN_POINT('',(-9.137453781268E-1,-4.582830985092E0,
-7.206375798770E-3));
#3911=LINE('',#3910,#3909);
#3912=DIRECTION('',(0.E0,0.E0,-1.E0));
#3913=VECTOR('',#3912,2.E-2);
#3914=CARTESIAN_POINT('',(-9.545136443750E-1,-4.547242781817E0,
-7.206375798770E-3));
#3915=LINE('',#3914,#3913);
#3916=DIRECTION('',(0.E0,0.E0,-1.E0));
#3917=VECTOR('',#3916,2.E-2);
#3918=CARTESIAN_POINT('',(-9.745114615013E-1,-4.400532681481E0,
-7.206375798770E-3));
#3919=LINE('',#3918,#3917);
#3920=DIRECTION('',(0.E0,0.E0,-1.E0));
#3921=VECTOR('',#3920,2.E-2);
#3922=CARTESIAN_POINT('',(-9.615736603545E-1,-4.400532681481E0,
-7.206375798770E-3));
#3923=LINE('',#3922,#3921);
#3924=DIRECTION('',(0.E0,0.E0,-1.E0));
#3925=VECTOR('',#3924,2.E-2);
#3926=CARTESIAN_POINT('',(-9.446549860827E-1,-4.461520776464E0,
-7.206375798770E-3));
#3927=LINE('',#3926,#3925);
#3928=DIRECTION('',(0.E0,0.E0,-1.E0));
#3929=VECTOR('',#3928,2.E-2);
#3930=CARTESIAN_POINT('',(-9.220967606740E-1,-4.404178705588E0,
-7.206375798770E-3));
#3931=LINE('',#3930,#3929);
#3932=DIRECTION('',(1.110223024625E-14,0.E0,-1.E0));
#3933=VECTOR('',#3932,2.E-2);
#3934=CARTESIAN_POINT('',(-8.577394613335E-1,-4.407824737310E0,
-7.206375798770E-3));
#3935=LINE('',#3934,#3933);
#3936=DIRECTION('',(0.E0,0.E0,-1.E0));
#3937=VECTOR('',#3936,2.E-2);
#3938=CARTESIAN_POINT('',(-8.706772624796E-1,-4.396555193714E0,
-7.206375798770E-3));
#3939=LINE('',#3938,#3937);
#3940=DIRECTION('',(0.E0,0.E0,-1.E0));
#3941=VECTOR('',#3940,2.E-2);
#3942=CARTESIAN_POINT('',(-7.349961410414E-1,-4.396555193714E0,
-7.206375798770E-3));
#3943=LINE('',#3942,#3941);
#3944=DIRECTION('',(0.E0,0.E0,-1.E0));
#3945=VECTOR('',#3944,2.E-2);
#3946=CARTESIAN_POINT('',(-7.536212138068E-1,-4.256101317442E0,
-7.206375798770E-3));
#3947=LINE('',#3946,#3945);
#3948=DIRECTION('',(-4.440892098501E-14,0.E0,-1.E0));
#3949=VECTOR('',#3948,2.E-2);
#3950=CARTESIAN_POINT('',(-1.030936449032E0,-4.256101317442E0,
-7.206375798770E-3));
#3951=LINE('',#3950,#3949);
#3952=DIRECTION('',(0.E0,0.E0,-1.E0));
#3953=VECTOR('',#3952,2.E-2);
#3954=CARTESIAN_POINT('',(-1.122611293403E0,-4.361569747916E0,
-7.206375798770E-3));
#3955=LINE('',#3954,#3953);
#3956=DIRECTION('',(-2.220446049250E-14,0.E0,-1.E0));
#3957=VECTOR('',#3956,2.E-2);
#3958=CARTESIAN_POINT('',(-1.098309577646E0,-4.534384351816E0,
-7.206375798770E-3));
#3959=LINE('',#3958,#3957);
#3960=DIRECTION('',(0.E0,-4.440892098501E-14,-1.E0));
#3961=VECTOR('',#3960,2.E-2);
#3962=CARTESIAN_POINT('',(-9.682717006214E-1,-4.650540034723E0,
-7.206375798770E-3));
#3963=LINE('',#3962,#3961);
#3964=DIRECTION('',(-1.110223024625E-14,0.E0,-1.E0));
#3965=VECTOR('',#3964,2.E-2);
#3966=CARTESIAN_POINT('',(-1.064855891765E0,-4.765978579603E0,
-7.206375798770E-3));
#3967=LINE('',#3966,#3965);
#3968=DIRECTION('',(2.220446049250E-14,-4.440892098501E-14,-1.E0));
#3969=VECTOR('',#3968,2.E-2);
#3970=CARTESIAN_POINT('',(-1.025704348269E0,-5.031757295208E0,
-7.206375798770E-3));
#3971=LINE('',#3970,#3969);
#3972=DIRECTION('',(1.110223024625E-13,0.E0,-1.E0));
#3973=VECTOR('',#3972,2.E-2);
#3974=CARTESIAN_POINT('',(-9.748218822636E-1,-5.075693435089E0,
-7.206375798770E-3));
#3975=LINE('',#3974,#3973);
#3976=DIRECTION('',(0.E0,0.E0,-1.E0));
#3977=VECTOR('',#3976,2.E-2);
#3978=CARTESIAN_POINT('',(-1.008369570190E-1,-5.075693435089E0,
-7.206375798770E-3));
#3979=LINE('',#3978,#3977);
#3980=DIRECTION('',(0.E0,0.E0,-1.E0));
#3981=VECTOR('',#3980,2.E-2);
#3982=CARTESIAN_POINT('',(1.051326377478E-1,-4.655618080546E0,
-7.206375798770E-3));
#3983=LINE('',#3982,#3981);
#3984=DIRECTION('',(0.E0,0.E0,-1.E0));
#3985=VECTOR('',#3984,2.E-2);
#3986=CARTESIAN_POINT('',(1.825215099225E-1,-4.721891407084E0,
-7.206375798770E-3));
#3987=LINE('',#3986,#3985);
#3988=DIRECTION('',(0.E0,0.E0,-1.E0));
#3989=VECTOR('',#3988,2.E-2);
#3990=CARTESIAN_POINT('',(2.325626018722E-1,-5.076039414850E0,
-7.206375798770E-3));
#3991=LINE('',#3990,#3989);
#3992=DIRECTION('',(0.E0,0.E0,-1.E0));
#3993=VECTOR('',#3992,2.E-2);
#3994=CARTESIAN_POINT('',(3.747735003611E-1,-5.076039414850E0,
-7.206375798770E-3));
#3995=LINE('',#3994,#3993);
#3996=DIRECTION('',(-1.110223024625E-14,0.E0,-1.E0));
#3997=VECTOR('',#3996,2.E-2);
#3998=CARTESIAN_POINT('',(2.643498058690E-1,-4.288201366611E0,
-7.206375798770E-3));
#3999=LINE('',#3998,#3997);
#4000=DIRECTION('',(1.110223024625E-14,0.E0,-1.E0));
#4001=VECTOR('',#4000,2.E-2);
#4002=CARTESIAN_POINT('',(4.808095395622E-1,-4.288201366611E0,
-7.206375798770E-3));
#4003=LINE('',#4002,#4001);
#4004=DIRECTION('',(0.E0,0.E0,-1.E0));
#4005=VECTOR('',#4004,2.E-2);
#4006=CARTESIAN_POINT('',(7.659311187122E-1,-4.635791485956E0,
-7.206375798770E-3));
#4007=LINE('',#4006,#4005);
#4008=DIRECTION('',(0.E0,0.E0,-1.E0));
#4009=VECTOR('',#4008,2.E-2);
#4010=CARTESIAN_POINT('',(4.685608372088E-1,-5.075723762011E0,
-7.206375798770E-3));
#4011=LINE('',#4010,#4009);
#4012=DIRECTION('',(0.E0,0.E0,-1.E0));
#4013=VECTOR('',#4012,2.E-2);
#4014=CARTESIAN_POINT('',(6.391482919072E-1,-5.075723762011E0,
-7.206375798770E-3));
#4015=LINE('',#4014,#4013);
#4016=DIRECTION('',(0.E0,0.E0,-1.E0));
#4017=VECTOR('',#4016,2.E-2);
#4018=CARTESIAN_POINT('',(8.605379875571E-1,-4.751183626534E0,
-7.206375798770E-3));
#4019=LINE('',#4018,#4017);
#4020=DIRECTION('',(0.E0,0.E0,-1.E0));
#4021=VECTOR('',#4020,2.E-2);
#4022=CARTESIAN_POINT('',(1.127179637658E0,-5.075807103926E0,
-7.206375798770E-3));
#4023=LINE('',#4022,#4021);
#4024=DIRECTION('',(0.E0,0.E0,-1.E0));
#4025=VECTOR('',#4024,2.E-2);
#4026=CARTESIAN_POINT('',(1.310445070395E0,-5.075807103926E0,
-7.206375798770E-3));
#4027=LINE('',#4026,#4025);
#4028=DIRECTION('',(-1.665334536938E-14,0.E0,-1.E0));
#4029=VECTOR('',#4028,2.E-2);
#4030=CARTESIAN_POINT('',(9.433482779744E-1,-4.627267739741E0,
-7.206375798770E-3));
#4031=LINE('',#4030,#4029);
#4032=DIRECTION('',(-5.611155201661E-1,-8.277375024902E-1,0.E0));
#4033=VECTOR('',#4032,4.484107838331E-1);
#4034=CARTESIAN_POINT('',(1.194958528193E0,-4.256101317442E0,
-2.720637579877E-2));
#4035=LINE('',#4034,#4033);
#4036=DIRECTION('',(1.E0,0.E0,0.E0));
#4037=VECTOR('',#4036,1.704011287537E-1);
#4038=CARTESIAN_POINT('',(1.024557399439E0,-4.256101317442E0,
-2.720637579877E-2));
#4039=LINE('',#4038,#4037);
#4040=DIRECTION('',(5.595381882782E-1,8.288045703653E-1,0.E0));
#4041=VECTOR('',#4040,3.128454902692E-1);
#4042=CARTESIAN_POINT('',(8.495084006031E-1,-4.515389089595E0,
-2.720637579877E-2));
#4043=LINE('',#4042,#4041);
#4044=DIRECTION('',(6.314457257560E-1,-7.754200767484E-1,0.E0));
#4045=VECTOR('',#4044,3.343836198317E-1);
#4046=CARTESIAN_POINT('',(6.383632930975E-1,-4.256101317442E0,
-2.720637579877E-2));
#4047=LINE('',#4046,#4045);
#4048=DIRECTION('',(1.E0,0.E0,0.E0));
#4049=VECTOR('',#4048,5.212304458828E-1);
#4050=CARTESIAN_POINT('',(1.171328472147E-1,-4.256101317442E0,
-2.720637579877E-2));
#4051=LINE('',#4050,#4049);
#4052=DIRECTION('',(-1.344684278816E-1,9.909178784859E-1,0.E0));
#4053=VECTOR('',#4052,2.609273465499E-1);
#4054=CARTESIAN_POINT('',(1.522193372966E-1,-4.514658890124E0,
-2.720637579877E-2));
#4055=LINE('',#4054,#4053);
#4056=DIRECTION('',(7.596174409829E-1,-6.503701587209E-1,0.E0));
#4057=VECTOR('',#4056,3.975544837276E-1);
#4058=CARTESIAN_POINT('',(-1.497699822838E-1,-4.256101317442E0,
-2.720637579877E-2));
#4059=LINE('',#4058,#4057);
#4060=DIRECTION('',(1.E0,0.E0,0.E0));
#4061=VECTOR('',#4060,2.173875183632E-1);
#4062=CARTESIAN_POINT('',(-3.671575006471E-1,-4.256101317442E0,
-2.720637579877E-2));
#4063=LINE('',#4062,#4061);
#4064=DIRECTION('',(-7.653688854924E-1,6.435918497931E-1,0.E0));
#4065=VECTOR('',#4064,4.714867225139E-1);
#4066=CARTESIAN_POINT('',(-6.296233312129E-3,-4.559546329337E0,
-2.720637579877E-2));
#4067=LINE('',#4066,#4065);
#4068=DIRECTION('',(4.373203441733E-1,8.993057970302E-1,0.E0));
#4069=VECTOR('',#4068,5.398528807296E-1);
#4070=CARTESIAN_POINT('',(-2.423848809158E-1,-5.045039154521E0,
-2.720637579877E-2));
#4071=LINE('',#4070,#4069);
#4072=DIRECTION('',(1.E0,0.E0,0.E0));
#4073=VECTOR('',#4072,1.105239554975E-1);
#4074=CARTESIAN_POINT('',(-3.529088364132E-1,-5.045039154521E0,
-2.720637579877E-2));
#4075=LINE('',#4074,#4073);
#4076=DIRECTION('',(1.395676511827E-1,-9.902125381671E-1,0.E0));
#4077=VECTOR('',#4076,7.967358588890E-1);
#4078=CARTESIAN_POINT('',(-4.641073888514E-1,-4.256101317442E0,
-2.720637579877E-2));
#4079=LINE('',#4078,#4077);
#4080=DIRECTION('',(1.E0,0.E0,0.E0));
#4081=VECTOR('',#4080,1.404095598165E-1);
#4082=CARTESIAN_POINT('',(-6.045169486679E-1,-4.256101317442E0,
-2.720637579877E-2));
#4083=LINE('',#4082,#4081);
#4084=DIRECTION('',(-1.387818926428E-1,9.903229706891E-1,0.E0));
#4085=VECTOR('',#4084,6.870919092256E-1);
#4086=CARTESIAN_POINT('',(-5.091610330860E-1,-4.936544218122E0,
-2.720637579877E-2));
#4087=LINE('',#4086,#4085);
#4088=DIRECTION('',(1.E0,0.E0,0.E0));
#4089=VECTOR('',#4088,3.911862256031E-1);
#4090=CARTESIAN_POINT('',(-9.003472586891E-1,-4.936544218122E0,
-2.720637579877E-2));
#4091=LINE('',#4090,#4089);
#4092=DIRECTION('',(1.330274552994E-1,-9.911123529331E-1,0.E0));
#4093=VECTOR('',#4092,1.801186805526E-1);
#4094=CARTESIAN_POINT('',(-9.243079884149E-1,-4.758026368833E0,
-2.720637579877E-2));
#4095=LINE('',#4094,#4093);
#4096=CARTESIAN_POINT('',(-8.937233069118E-1,-4.753921281918E0,
-2.720637579877E-2));
#4097=DIRECTION('',(0.E0,0.E0,1.E0));
#4098=DIRECTION('',(6.907650968629E-13,1.E0,0.E0));
#4099=AXIS2_PLACEMENT_3D('',#4096,#4097,#4098);
#4101=DIRECTION('',(-1.E0,-1.308112340062E-14,0.E0));
#4102=VECTOR('',#4101,2.036931521474E-1);
#4103=CARTESIAN_POINT('',(-6.900301547645E-1,-4.723062337003E0,
-2.720637579877E-2));
#4104=LINE('',#4103,#4102);
#4105=DIRECTION('',(1.318860874763E-1,-9.912648787939E-1,0.E0));
#4106=VECTOR('',#4105,1.414670840374E-1);
#4107=CARTESIAN_POINT('',(-7.086876949848E-1,-4.582830985092E0,
-2.720637579877E-2));
#4108=LINE('',#4107,#4106);
#4109=DIRECTION('',(1.E0,0.E0,0.E0));
#4110=VECTOR('',#4109,2.050576831419E-1);
#4111=CARTESIAN_POINT('',(-9.137453781268E-1,-4.582830985092E0,
-2.720637579877E-2));
#4112=LINE('',#4111,#4110);
#4113=CARTESIAN_POINT('',(-9.137453781268E-1,-4.541685725206E0,
-2.720637579877E-2));
#4114=DIRECTION('',(0.E0,0.E0,1.E0));
#4115=DIRECTION('',(-9.908374952896E-1,-1.350594607138E-1,0.E0));
#4116=AXIS2_PLACEMENT_3D('',#4113,#4114,#4115);
#4118=DIRECTION('',(1.350594607138E-1,-9.908374952896E-1,0.E0));
#4119=VECTOR('',#4118,1.480667627471E-1);
#4120=CARTESIAN_POINT('',(-9.745114615013E-1,-4.400532681481E0,
-2.720637579877E-2));
#4121=LINE('',#4120,#4119);
#4122=DIRECTION('',(-1.E0,0.E0,0.E0));
#4123=VECTOR('',#4122,1.293780114679E-2);
#4124=CARTESIAN_POINT('',(-9.615736603545E-1,-4.400532681481E0,
-2.720637579877E-2));
#4125=LINE('',#4124,#4123);
#4126=DIRECTION('',(-2.673143540600E-1,9.636093794238E-1,0.E0));
#4127=VECTOR('',#4126,6.329130484322E-2);
#4128=CARTESIAN_POINT('',(-9.446549860827E-1,-4.461520776464E0,
-2.720637579877E-2));
#4129=LINE('',#4128,#4127);
#4130=DIRECTION('',(-3.660879197961E-1,-9.305802678863E-1,0.E0));
#4131=VECTOR('',#4130,6.161969349134E-2);
#4132=CARTESIAN_POINT('',(-9.220967606740E-1,-4.404178705588E0,
-2.720637579877E-2));
#4133=LINE('',#4132,#4131);
#4134=DIRECTION('',(-9.983990735416E-1,5.656226614278E-2,0.E0));
#4135=VECTOR('',#4134,6.446049585382E-2);
#4136=CARTESIAN_POINT('',(-8.577394613335E-1,-4.407824737310E0,
-2.720637579877E-2));
#4137=LINE('',#4136,#4135);
#4138=DIRECTION('',(7.540487996393E-1,-6.568183978563E-1,0.E0));
#4139=VECTOR('',#4138,1.715777699308E-2);
#4140=CARTESIAN_POINT('',(-8.706772624796E-1,-4.396555193714E0,
-2.720637579877E-2));
#4141=LINE('',#4140,#4139);
#4142=DIRECTION('',(-1.E0,0.E0,0.E0));
#4143=VECTOR('',#4142,1.356811214382E-1);
#4144=CARTESIAN_POINT('',(-7.349961410414E-1,-4.396555193714E0,
-2.720637579877E-2));
#4145=LINE('',#4144,#4143);
#4146=DIRECTION('',(1.314555783830E-1,-9.913220621534E-1,0.E0));
#4147=VECTOR('',#4146,1.416833959769E-1);
#4148=CARTESIAN_POINT('',(-7.536212138068E-1,-4.256101317442E0,
-2.720637579877E-2));
#4149=LINE('',#4148,#4147);
#4150=DIRECTION('',(1.E0,0.E0,0.E0));
#4151=VECTOR('',#4150,2.773152352250E-1);
#4152=CARTESIAN_POINT('',(-1.030936449032E0,-4.256101317442E0,
-2.720637579877E-2));
#4153=LINE('',#4152,#4151);
#4154=CARTESIAN_POINT('',(-1.030936449032E0,-4.348678152185E0,
-2.720637579877E-2));
#4155=DIRECTION('',(0.E0,0.E0,-1.E0));
#4156=DIRECTION('',(-9.902568458508E-1,-1.392529326286E-1,0.E0));
#4157=AXIS2_PLACEMENT_3D('',#4154,#4155,#4156);
#4159=DIRECTION('',(-1.392529326286E-1,9.902568458508E-1,0.E0));
#4160=VECTOR('',#4159,1.745149297618E-1);
#4161=CARTESIAN_POINT('',(-1.098309577646E0,-4.534384351816E0,
-2.720637579877E-2));
#4162=LINE('',#4161,#4160);
#4163=DIRECTION('',(-7.457939389221E-1,6.661767037860E-1,0.E0));
#4164=VECTOR('',#4163,1.743616704809E-1);
#4165=CARTESIAN_POINT('',(-9.682717006214E-1,-4.650540034723E0,
-2.720637579877E-2));
#4166=LINE('',#4165,#4164);
#4167=DIRECTION('',(6.416943221112E-1,7.669604924442E-1,0.E0));
#4168=VECTOR('',#4167,1.505143302910E-1);
#4169=CARTESIAN_POINT('',(-1.064855891765E0,-4.765978579603E0,
-2.720637579877E-2));
#4170=LINE('',#4169,#4168);
#4171=DIRECTION('',(-1.457360580062E-1,9.893235069464E-1,0.E0));
#4172=VECTOR('',#4171,2.686469226081E-1);
#4173=CARTESIAN_POINT('',(-1.025704348269E0,-5.031757295208E0,
-2.720637579877E-2));
#4174=LINE('',#4173,#4172);
#4175=CARTESIAN_POINT('',(-9.748218822636E-1,-5.024261860232E0,
-2.720637579877E-2));
#4176=DIRECTION('',(0.E0,0.E0,-1.E0));
#4177=DIRECTION('',(-4.274109036839E-13,-1.E0,0.E0));
#4178=AXIS2_PLACEMENT_3D('',#4175,#4176,#4177);
#4180=DIRECTION('',(-1.E0,0.E0,0.E0));
#4181=VECTOR('',#4180,8.739849252446E-1);
#4182=CARTESIAN_POINT('',(-1.008369570190E-1,-5.075693435089E0,
-2.720637579877E-2));
#4183=LINE('',#4182,#4181);
#4184=DIRECTION('',(-4.402439037561E-1,-8.978782240402E-1,0.E0));
#4185=VECTOR('',#4184,4.678533717547E-1);
#4186=CARTESIAN_POINT('',(1.051326377478E-1,-4.655618080546E0,
-2.720637579877E-2));
#4187=LINE('',#4186,#4185);
#4188=DIRECTION('',(-7.595474665405E-1,6.504518783676E-1,0.E0));
#4189=VECTOR('',#4188,1.018881315308E-1);
#4190=CARTESIAN_POINT('',(1.825215099225E-1,-4.721891407084E0,
-2.720637579877E-2));
#4191=LINE('',#4190,#4189);
#4192=DIRECTION('',(-1.399101418738E-1,9.901642046655E-1,0.E0));
#4193=VECTOR('',#4192,3.576659367182E-1);
#4194=CARTESIAN_POINT('',(2.325626018722E-1,-5.076039414850E0,
-2.720637579877E-2));
#4195=LINE('',#4194,#4193);
#4196=DIRECTION('',(-1.E0,0.E0,0.E0));
#4197=VECTOR('',#4196,1.422108984889E-1);
#4198=CARTESIAN_POINT('',(3.747735003611E-1,-5.076039414850E0,
-2.720637579877E-2));
#4199=LINE('',#4198,#4197);
#4200=DIRECTION('',(1.388036347469E-1,-9.903199235505E-1,0.E0));
#4201=VECTOR('',#4200,7.955389258603E-1);
#4202=CARTESIAN_POINT('',(2.643498058690E-1,-4.288201366611E0,
-2.720637579877E-2));
#4203=LINE('',#4202,#4201);
#4204=DIRECTION('',(-1.E0,0.E0,0.E0));
#4205=VECTOR('',#4204,2.164597336932E-1);
#4206=CARTESIAN_POINT('',(4.808095395622E-1,-4.288201366611E0,
-2.720637579877E-2));
#4207=LINE('',#4206,#4205);
#4208=DIRECTION('',(-6.342094986164E-1,7.731612457080E-1,0.E0));
#4209=VECTOR('',#4208,4.495700234260E-1);
#4210=CARTESIAN_POINT('',(7.659311187122E-1,-4.635791485956E0,
-2.720637579877E-2));
#4211=LINE('',#4210,#4209);
#4212=DIRECTION('',(5.600109296524E-1,8.284852193430E-1,0.E0));
#4213=VECTOR('',#4212,5.310079960189E-1);
#4214=CARTESIAN_POINT('',(4.685608372088E-1,-5.075723762011E0,
-2.720637579877E-2));
#4215=LINE('',#4214,#4213);
#4216=DIRECTION('',(-1.E0,0.E0,0.E0));
#4217=VECTOR('',#4216,1.705874546984E-1);
#4218=CARTESIAN_POINT('',(6.391482919072E-1,-5.075723762011E0,
-2.720637579877E-2));
#4219=LINE('',#4218,#4217);
#4220=DIRECTION('',(-5.635319992070E-1,-8.260942354658E-1,0.E0));
#4221=VECTOR('',#4220,3.928609128877E-1);
#4222=CARTESIAN_POINT('',(8.605379875571E-1,-4.751183626534E0,
-2.720637579877E-2));
#4223=LINE('',#4222,#4221);
#4224=DIRECTION('',(-6.347204490949E-1,7.727418401386E-1,0.E0));
#4225=VECTOR('',#4224,4.200930511712E-1);
#4226=CARTESIAN_POINT('',(1.127179637658E0,-5.075807103926E0,
-2.720637579877E-2));
#4227=LINE('',#4226,#4225);
#4228=DIRECTION('',(-1.E0,0.E0,0.E0));
#4229=VECTOR('',#4228,1.832654327371E-1);
#4230=CARTESIAN_POINT('',(1.310445070395E0,-5.075807103926E0,
-2.720637579877E-2));
#4231=LINE('',#4230,#4229);
#4232=DIRECTION('',(6.333515064537E-1,-7.738642447309E-1,0.E0));
#4233=VECTOR('',#4232,5.796098827906E-1);
#4234=CARTESIAN_POINT('',(9.433482779744E-1,-4.627267739741E0,
-2.720637579877E-2));
#4235=LINE('',#4234,#4233);
#4236=CARTESIAN_POINT('',(7.499577309190E-1,-2.821972332932E0,
-7.206375798769E-3));
#4237=CARTESIAN_POINT('',(7.499577309190E-1,-8.740628423510E-1,
-7.206375798770E-3));
#4238=VERTEX_POINT('',#4236);
#4239=VERTEX_POINT('',#4237);
#4240=CARTESIAN_POINT('',(-7.499577309190E-1,-2.821972332932E0,
-7.206375798766E-3));
#4241=VERTEX_POINT('',#4240);
#4242=CARTESIAN_POINT('',(-7.499577309190E-1,-8.740628423510E-1,
-7.206375798770E-3));
#4243=VERTEX_POINT('',#4242);
#4244=CARTESIAN_POINT('',(-6.499633667960E0,-8.740628423510E-1,
-7.206375798770E-3));
#4245=VERTEX_POINT('',#4244);
#4246=CARTESIAN_POINT('',(-6.499633667960E0,-5.873781048472E0,
-7.206375798513E-3));
#4247=VERTEX_POINT('',#4246);
#4248=CARTESIAN_POINT('',(6.499633667960E0,-5.873781048472E0,
-7.206375798513E-3));
#4249=VERTEX_POINT('',#4248);
#4250=CARTESIAN_POINT('',(6.499633667960E0,-8.740628423510E-1,
-7.206375798770E-3));
#4251=VERTEX_POINT('',#4250);
#4252=CARTESIAN_POINT('',(-2.143679178057E0,-2.072014602014E0,
-7.206375798770E-3));
#4253=CARTESIAN_POINT('',(-5.143510101731E0,-2.072014602014E0,
-7.206375798770E-3));
#4254=VERTEX_POINT('',#4252);
#4255=VERTEX_POINT('',#4253);
#4256=CARTESIAN_POINT('',(-2.143679178057E0,-3.571930063851E0,
-7.206375798770E-3));
#4257=VERTEX_POINT('',#4256);
#4258=CARTESIAN_POINT('',(-5.143510101731E0,-3.571930063851E0,
-7.206375798770E-3));
#4259=VERTEX_POINT('',#4258);
#4260=CARTESIAN_POINT('',(5.143510101731E0,-3.571930063851E0,
-7.206375798770E-3));
#4261=CARTESIAN_POINT('',(5.143510101731E0,-2.072014602014E0,
-7.206375798770E-3));
#4262=VERTEX_POINT('',#4260);
#4263=VERTEX_POINT('',#4261);
#4264=CARTESIAN_POINT('',(2.143679178057E0,-3.571930063851E0,
-7.206375798770E-3));
#4265=VERTEX_POINT('',#4264);
#4266=CARTESIAN_POINT('',(2.143679178057E0,-2.072014602014E0,
-7.206375798770E-3));
#4267=VERTEX_POINT('',#4266);
#4268=CARTESIAN_POINT('',(-5.143510101731E0,-2.072014602014E0,
1.927823524460E-1));
#4269=VERTEX_POINT('',#4268);
#4270=CARTESIAN_POINT('',(-2.143679178057E0,-2.072014602014E0,
1.927823524460E-1));
#4271=VERTEX_POINT('',#4270);
#4272=CARTESIAN_POINT('',(-5.143510101731E0,-3.571930063851E0,
1.927823524460E-1));
#4273=VERTEX_POINT('',#4272);
#4274=CARTESIAN_POINT('',(-2.143679178057E0,-3.571930063851E0,
1.927823524460E-1));
#4275=VERTEX_POINT('',#4274);
#4276=CARTESIAN_POINT('',(-7.499577309190E-1,-2.821972332932E0,
1.927823524460E-1));
#4277=CARTESIAN_POINT('',(-7.499577309190E-1,-8.740628423510E-1,
1.927823524460E-1));
#4278=VERTEX_POINT('',#4276);
#4279=VERTEX_POINT('',#4277);
#4280=CARTESIAN_POINT('',(7.499577309190E-1,-2.821972332932E0,
1.927823524460E-1));
#4281=VERTEX_POINT('',#4280);
#4282=CARTESIAN_POINT('',(7.499577309190E-1,-8.740628423510E-1,
1.927823524460E-1));
#4283=VERTEX_POINT('',#4282);
#4284=CARTESIAN_POINT('',(6.499633667960E0,-8.740628423510E-1,
1.927823524460E-1));
#4285=VERTEX_POINT('',#4284);
#4286=CARTESIAN_POINT('',(6.499633667960E0,-5.873781048473E0,
1.927823524462E-1));
#4287=VERTEX_POINT('',#4286);
#4288=CARTESIAN_POINT('',(-6.499633667960E0,-5.873781048473E0,
1.927823524462E-1));
#4289=VERTEX_POINT('',#4288);
#4290=CARTESIAN_POINT('',(-6.499633667960E0,-8.740628423510E-1,
1.927823524460E-1));
#4291=VERTEX_POINT('',#4290);
#4292=CARTESIAN_POINT('',(5.143510101731E0,-3.571930063851E0,
1.927823524460E-1));
#4293=CARTESIAN_POINT('',(5.143510101731E0,-2.072014602014E0,
1.927823524460E-1));
#4294=VERTEX_POINT('',#4292);
#4295=VERTEX_POINT('',#4293);
#4296=CARTESIAN_POINT('',(2.143679178057E0,-2.072014602014E0,
1.927823524460E-1));
#4297=VERTEX_POINT('',#4296);
#4298=CARTESIAN_POINT('',(2.143679178057E0,-3.571930063851E0,
1.927823524460E-1));
#4299=VERTEX_POINT('',#4298);
#4300=CARTESIAN_POINT('',(6.499633667960E0,-5.973775412596E0,6.192444199794E0));
#4301=CARTESIAN_POINT('',(6.499633667960E0,-6.173764140841E0,6.192444199794E0));
#4302=VERTEX_POINT('',#4300);
#4303=VERTEX_POINT('',#4301);
#4304=CARTESIAN_POINT('',(6.499633667960E0,-6.173764140841E0,6.292438563917E0));
#4305=VERTEX_POINT('',#4304);
#4306=CARTESIAN_POINT('',(6.499633667960E0,-5.873781048474E0,6.592421656284E0));
#4307=VERTEX_POINT('',#4306);
#4308=CARTESIAN_POINT('',(6.499633667960E0,-8.740628423510E-1,
6.592421656284E0));
#4309=VERTEX_POINT('',#4308);
#4310=CARTESIAN_POINT('',(6.499633667960E0,-8.740628423510E-1,
6.392432928039E0));
#4311=VERTEX_POINT('',#4310);
#4312=CARTESIAN_POINT('',(6.499633667960E0,-5.873781048475E0,6.392432928039E0));
#4313=VERTEX_POINT('',#4312);
#4314=CARTESIAN_POINT('',(6.499633667960E0,-5.973775412596E0,6.292438563920E0));
#4315=VERTEX_POINT('',#4314);
#4316=CARTESIAN_POINT('',(6.499633667960E0,-5.973775412596E0,
3.927710806910E-1));
#4317=CARTESIAN_POINT('',(6.499633667960E0,-6.173764140841E0,
3.927710806910E-1));
#4318=VERTEX_POINT('',#4316);
#4319=VERTEX_POINT('',#4317);
#4320=CARTESIAN_POINT('',(6.499633667960E0,-5.973775412596E0,
2.927767165680E-1));
#4321=VERTEX_POINT('',#4320);
#4322=CARTESIAN_POINT('',(6.499633667960E0,-6.173764140841E0,
2.927767165690E-1));
#4323=VERTEX_POINT('',#4322);
#4324=CARTESIAN_POINT('',(6.749619578266E0,-5.923778230527E0,6.192444199794E0));
#4325=VERTEX_POINT('',#4324);
#4326=CARTESIAN_POINT('',(6.549630850022E0,-5.973775412596E0,6.192444199794E0));
#4327=VERTEX_POINT('',#4326);
#4328=CARTESIAN_POINT('',(6.549630850022E0,-3.968888411941E0,6.192444199794E0));
#4329=VERTEX_POINT('',#4328);
#4330=CARTESIAN_POINT('',(6.749619578267E0,-3.968888411941E0,6.192444199794E0));
#4331=VERTEX_POINT('',#4330);
#4332=CARTESIAN_POINT('',(6.749619578267E0,-5.923778230532E0,
3.927710806910E-1));
#4333=VERTEX_POINT('',#4332);
#4334=CARTESIAN_POINT('',(6.749619578267E0,-5.218817963472E0,
3.927710806910E-1));
#4335=VERTEX_POINT('',#4334);
#4336=CARTESIAN_POINT('',(6.549630850022E0,-5.218817963472E0,
3.927710806910E-1));
#4337=VERTEX_POINT('',#4336);
#4338=CARTESIAN_POINT('',(6.549630850022E0,-5.973775412596E0,
3.927710806910E-1));
#4339=VERTEX_POINT('',#4338);
#4340=CARTESIAN_POINT('',(6.749619578267E0,-3.968888411941E0,
-2.182083795462E0));
#4341=VERTEX_POINT('',#4340);
#4342=CARTESIAN_POINT('',(6.749619578267E0,-5.218817963471E0,
-2.182083795454E0));
#4343=VERTEX_POINT('',#4342);
#4344=CARTESIAN_POINT('',(6.549630850022E0,-3.968888411941E0,
-2.182083795462E0));
#4345=VERTEX_POINT('',#4344);
#4346=CARTESIAN_POINT('',(6.549630850022E0,-5.218817963472E0,
-2.182083795459E0));
#4347=VERTEX_POINT('',#4346);
#4348=CARTESIAN_POINT('',(-6.549630850022E0,-5.973775412596E0,
6.192444199794E0));
#4349=CARTESIAN_POINT('',(-6.549630850022E0,-5.973775412596E0,
3.927710806910E-1));
#4350=VERTEX_POINT('',#4348);
#4351=VERTEX_POINT('',#4349);
#4352=CARTESIAN_POINT('',(-6.499633667960E0,-5.973775412596E0,
3.927710806910E-1));
#4353=VERTEX_POINT('',#4352);
#4354=CARTESIAN_POINT('',(-6.499633667960E0,-5.973775412596E0,
2.927767165680E-1));
#4355=VERTEX_POINT('',#4354);
#4356=CARTESIAN_POINT('',(-6.499633667960E0,-5.973775412596E0,
6.292438563918E0));
#4357=VERTEX_POINT('',#4356);
#4358=CARTESIAN_POINT('',(-6.499633667960E0,-5.973775412596E0,
6.192444199794E0));
#4359=VERTEX_POINT('',#4358);
#4360=CARTESIAN_POINT('',(-3.249816833980E0,-5.973775412596E0,
1.192725993671E0));
#4361=CARTESIAN_POINT('',(-3.249816833980E0,-5.973775412596E0,
5.392489286814E0));
#4362=VERTEX_POINT('',#4360);
#4363=VERTEX_POINT('',#4361);
#4364=CARTESIAN_POINT('',(3.249816833980E0,-5.973775412596E0,5.392489286814E0));
#4365=VERTEX_POINT('',#4364);
#4366=CARTESIAN_POINT('',(3.249816833980E0,-5.973775412596E0,1.192725993671E0));
#4367=VERTEX_POINT('',#4366);
#4368=CARTESIAN_POINT('',(-3.249816833980E0,-6.173764140841E0,
1.192725993671E0));
#4369=CARTESIAN_POINT('',(-3.249816833980E0,-6.173764140841E0,
5.392489286814E0));
#4370=VERTEX_POINT('',#4368);
#4371=VERTEX_POINT('',#4369);
#4372=CARTESIAN_POINT('',(-6.499633667960E0,-6.173764140841E0,
3.927710806910E-1));
#4373=CARTESIAN_POINT('',(-6.499633667960E0,-6.173764140841E0,
6.192444199794E0));
#4374=VERTEX_POINT('',#4372);
#4375=VERTEX_POINT('',#4373);
#4376=CARTESIAN_POINT('',(-6.499633667960E0,-6.173764140841E0,
6.292438563917E0));
#4377=VERTEX_POINT('',#4376);
#4378=CARTESIAN_POINT('',(-6.499633667960E0,-6.173764140841E0,
2.927767165690E-1));
#4379=VERTEX_POINT('',#4378);
#4380=CARTESIAN_POINT('',(3.249816833980E0,-6.173764140841E0,1.192725993671E0));
#4381=VERTEX_POINT('',#4380);
#4382=CARTESIAN_POINT('',(3.249816833980E0,-6.173764140841E0,5.392489286814E0));
#4383=VERTEX_POINT('',#4382);
#4384=CARTESIAN_POINT('',(-6.749619578267E0,-5.923778230532E0,
6.192444199794E0));
#4385=CARTESIAN_POINT('',(-6.749619578267E0,-5.923778230532E0,
3.927710806910E-1));
#4386=VERTEX_POINT('',#4384);
#4387=VERTEX_POINT('',#4385);
#4388=CARTESIAN_POINT('',(-6.749619578267E0,-3.968888411941E0,
6.192444199794E0));
#4389=VERTEX_POINT('',#4388);
#4390=CARTESIAN_POINT('',(-6.549630850022E0,-3.968888411941E0,
6.192444199794E0));
#4391=VERTEX_POINT('',#4390);
#4392=CARTESIAN_POINT('',(-6.749619578267E0,-5.218817963472E0,
3.927710806910E-1));
#4393=VERTEX_POINT('',#4392);
#4394=CARTESIAN_POINT('',(-6.749619578267E0,-5.218817963472E0,
-2.182083795459E0));
#4395=VERTEX_POINT('',#4394);
#4396=CARTESIAN_POINT('',(-6.749619578267E0,-3.968888411941E0,
-2.182083795462E0));
#4397=VERTEX_POINT('',#4396);
#4398=CARTESIAN_POINT('',(-6.549630850022E0,-5.218817963472E0,
3.927710806910E-1));
#4399=VERTEX_POINT('',#4398);
#4400=CARTESIAN_POINT('',(-6.499633667960E0,-5.873781048477E0,
6.392432928039E0));
#4401=VERTEX_POINT('',#4400);
#4402=CARTESIAN_POINT('',(-6.499633667960E0,-8.740628423510E-1,
6.392432928039E0));
#4403=VERTEX_POINT('',#4402);
#4404=CARTESIAN_POINT('',(-6.499633667960E0,-8.740628423510E-1,
6.592421656284E0));
#4405=VERTEX_POINT('',#4404);
#4406=CARTESIAN_POINT('',(-6.499633667960E0,-5.873781048474E0,
6.592421656284E0));
#4407=VERTEX_POINT('',#4406);
#4408=CARTESIAN_POINT('',(7.499577309190E-1,-2.821972332932E0,
6.392432928039E0));
#4409=CARTESIAN_POINT('',(7.499577309190E-1,-8.740628423510E-1,
6.392432928039E0));
#4410=VERTEX_POINT('',#4408);
#4411=VERTEX_POINT('',#4409);
#4412=CARTESIAN_POINT('',(-7.499577309190E-1,-2.821972332932E0,
6.392432928039E0));
#4413=VERTEX_POINT('',#4412);
#4414=CARTESIAN_POINT('',(-7.499577309190E-1,-8.740628423510E-1,
6.392432928039E0));
#4415=VERTEX_POINT('',#4414);
#4416=CARTESIAN_POINT('',(5.143510101731E0,-3.571930063851E0,6.392432928039E0));
#4417=CARTESIAN_POINT('',(5.143510101731E0,-2.072014602014E0,6.392432928039E0));
#4418=VERTEX_POINT('',#4416);
#4419=VERTEX_POINT('',#4417);
#4420=CARTESIAN_POINT('',(2.143679178057E0,-3.571930063851E0,6.392432928039E0));
#4421=VERTEX_POINT('',#4420);
#4422=CARTESIAN_POINT('',(2.143679178057E0,-2.072014602014E0,6.392432928039E0));
#4423=VERTEX_POINT('',#4422);
#4424=CARTESIAN_POINT('',(-2.143679178057E0,-2.072014602014E0,
6.392432928039E0));
#4425=CARTESIAN_POINT('',(-5.143510101731E0,-2.072014602014E0,
6.392432928039E0));
#4426=VERTEX_POINT('',#4424);
#4427=VERTEX_POINT('',#4425);
#4428=CARTESIAN_POINT('',(-2.143679178057E0,-3.571930063851E0,
6.392432928039E0));
#4429=VERTEX_POINT('',#4428);
#4430=CARTESIAN_POINT('',(-5.143510101731E0,-3.571930063851E0,
6.392432928039E0));
#4431=VERTEX_POINT('',#4430);
#4432=CARTESIAN_POINT('',(-5.143510101731E0,-2.072014602014E0,
6.592421656284E0));
#4433=VERTEX_POINT('',#4432);
#4434=CARTESIAN_POINT('',(-2.143679178057E0,-2.072014602014E0,
6.592421656284E0));
#4435=VERTEX_POINT('',#4434);
#4436=CARTESIAN_POINT('',(-5.143510101731E0,-3.571930063851E0,
6.592421656284E0));
#4437=VERTEX_POINT('',#4436);
#4438=CARTESIAN_POINT('',(-2.143679178057E0,-3.571930063851E0,
6.592421656284E0));
#4439=VERTEX_POINT('',#4438);
#4440=CARTESIAN_POINT('',(-7.499577309190E-1,-2.821972332932E0,
6.592421656284E0));
#4441=CARTESIAN_POINT('',(-7.499577309190E-1,-8.740628423510E-1,
6.592421656284E0));
#4442=VERTEX_POINT('',#4440);
#4443=VERTEX_POINT('',#4441);
#4444=CARTESIAN_POINT('',(7.499577309190E-1,-2.821972332932E0,
6.592421656284E0));
#4445=VERTEX_POINT('',#4444);
#4446=CARTESIAN_POINT('',(7.499577309190E-1,-8.740628423510E-1,
6.592421656284E0));
#4447=VERTEX_POINT('',#4446);
#4448=CARTESIAN_POINT('',(5.143510101731E0,-3.571930063851E0,6.592421656284E0));
#4449=CARTESIAN_POINT('',(5.143510101731E0,-2.072014602014E0,6.592421656284E0));
#4450=VERTEX_POINT('',#4448);
#4451=VERTEX_POINT('',#4449);
#4452=CARTESIAN_POINT('',(2.143679178057E0,-2.072014602014E0,6.592421656284E0));
#4453=VERTEX_POINT('',#4452);
#4454=CARTESIAN_POINT('',(2.143679178057E0,-3.571930063851E0,6.592421656284E0));
#4455=VERTEX_POINT('',#4454);
#4456=CARTESIAN_POINT('',(-6.549630850022E0,-3.968888411941E0,
-2.182083795462E0));
#4457=CARTESIAN_POINT('',(-6.549630850022E0,-5.218817963471E0,
-2.182083795454E0));
#4458=VERTEX_POINT('',#4456);
#4459=VERTEX_POINT('',#4457);
#4460=CARTESIAN_POINT('',(1.194958528193E0,-4.256101317442E0,
-2.720637579877E-2));
#4461=CARTESIAN_POINT('',(9.433482779744E-1,-4.627267739741E0,
-2.720637579877E-2));
#4462=VERTEX_POINT('',#4460);
#4463=VERTEX_POINT('',#4461);
#4464=CARTESIAN_POINT('',(1.310445070395E0,-5.075807103926E0,
-2.720637579877E-2));
#4465=VERTEX_POINT('',#4464);
#4466=CARTESIAN_POINT('',(1.127179637658E0,-5.075807103926E0,
-2.720637579877E-2));
#4467=VERTEX_POINT('',#4466);
#4468=CARTESIAN_POINT('',(8.605379875571E-1,-4.751183626534E0,
-2.720637579877E-2));
#4469=VERTEX_POINT('',#4468);
#4470=CARTESIAN_POINT('',(6.391482919072E-1,-5.075723762011E0,
-2.720637579877E-2));
#4471=VERTEX_POINT('',#4470);
#4472=CARTESIAN_POINT('',(4.685608372088E-1,-5.075723762011E0,
-2.720637579877E-2));
#4473=VERTEX_POINT('',#4472);
#4474=CARTESIAN_POINT('',(7.659311187122E-1,-4.635791485956E0,
-2.720637579877E-2));
#4475=VERTEX_POINT('',#4474);
#4476=CARTESIAN_POINT('',(4.808095395622E-1,-4.288201366611E0,
-2.720637579877E-2));
#4477=VERTEX_POINT('',#4476);
#4478=CARTESIAN_POINT('',(2.643498058690E-1,-4.288201366611E0,
-2.720637579877E-2));
#4479=VERTEX_POINT('',#4478);
#4480=CARTESIAN_POINT('',(3.747735003611E-1,-5.076039414850E0,
-2.720637579877E-2));
#4481=VERTEX_POINT('',#4480);
#4482=CARTESIAN_POINT('',(2.325626018722E-1,-5.076039414850E0,
-2.720637579877E-2));
#4483=VERTEX_POINT('',#4482);
#4484=CARTESIAN_POINT('',(1.825215099225E-1,-4.721891407084E0,
-2.720637579877E-2));
#4485=VERTEX_POINT('',#4484);
#4486=CARTESIAN_POINT('',(1.051326377478E-1,-4.655618080546E0,
-2.720637579877E-2));
#4487=VERTEX_POINT('',#4486);
#4488=CARTESIAN_POINT('',(-1.008369570190E-1,-5.075693435089E0,
-2.720637579877E-2));
#4489=VERTEX_POINT('',#4488);
#4490=CARTESIAN_POINT('',(-9.748218822636E-1,-5.075693435089E0,
-2.720637579877E-2));
#4491=VERTEX_POINT('',#4490);
#4492=CARTESIAN_POINT('',(-1.025704348269E0,-5.031757295208E0,
-2.720637579877E-2));
#4493=VERTEX_POINT('',#4492);
#4494=CARTESIAN_POINT('',(-1.064855891765E0,-4.765978579603E0,
-2.720637579877E-2));
#4495=VERTEX_POINT('',#4494);
#4496=CARTESIAN_POINT('',(-9.682717006214E-1,-4.650540034723E0,
-2.720637579877E-2));
#4497=VERTEX_POINT('',#4496);
#4498=CARTESIAN_POINT('',(-1.098309577646E0,-4.534384351816E0,
-2.720637579877E-2));
#4499=VERTEX_POINT('',#4498);
#4500=CARTESIAN_POINT('',(-1.122611293403E0,-4.361569747916E0,
-2.720637579877E-2));
#4501=VERTEX_POINT('',#4500);
#4502=CARTESIAN_POINT('',(-1.030936449032E0,-4.256101317442E0,
-2.720637579877E-2));
#4503=VERTEX_POINT('',#4502);
#4504=CARTESIAN_POINT('',(-7.536212138068E-1,-4.256101317442E0,
-2.720637579877E-2));
#4505=VERTEX_POINT('',#4504);
#4506=CARTESIAN_POINT('',(-7.349961410414E-1,-4.396555193714E0,
-2.720637579877E-2));
#4507=VERTEX_POINT('',#4506);
#4508=CARTESIAN_POINT('',(-8.706772624796E-1,-4.396555193714E0,
-2.720637579877E-2));
#4509=VERTEX_POINT('',#4508);
#4510=CARTESIAN_POINT('',(-8.577394613335E-1,-4.407824737310E0,
-2.720637579877E-2));
#4511=VERTEX_POINT('',#4510);
#4512=CARTESIAN_POINT('',(-9.220967606740E-1,-4.404178705588E0,
-2.720637579877E-2));
#4513=VERTEX_POINT('',#4512);
#4514=CARTESIAN_POINT('',(-9.446549860827E-1,-4.461520776464E0,
-2.720637579877E-2));
#4515=VERTEX_POINT('',#4514);
#4516=CARTESIAN_POINT('',(-9.615736603545E-1,-4.400532681481E0,
-2.720637579877E-2));
#4517=VERTEX_POINT('',#4516);
#4518=CARTESIAN_POINT('',(-9.745114615013E-1,-4.400532681481E0,
-2.720637579877E-2));
#4519=VERTEX_POINT('',#4518);
#4520=CARTESIAN_POINT('',(-9.545136443750E-1,-4.547242781817E0,
-2.720637579877E-2));
#4521=VERTEX_POINT('',#4520);
#4522=CARTESIAN_POINT('',(-9.137453781268E-1,-4.582830985092E0,
-2.720637579877E-2));
#4523=VERTEX_POINT('',#4522);
#4524=CARTESIAN_POINT('',(-7.086876949848E-1,-4.582830985092E0,
-2.720637579877E-2));
#4525=VERTEX_POINT('',#4524);
#4526=CARTESIAN_POINT('',(-6.900301547645E-1,-4.723062337003E0,
-2.720637579877E-2));
#4527=VERTEX_POINT('',#4526);
#4528=CARTESIAN_POINT('',(-8.937233069118E-1,-4.723062337003E0,
-2.720637579877E-2));
#4529=VERTEX_POINT('',#4528);
#4530=CARTESIAN_POINT('',(-9.243079884149E-1,-4.758026368833E0,
-2.720637579877E-2));
#4531=VERTEX_POINT('',#4530);
#4532=CARTESIAN_POINT('',(-9.003472586891E-1,-4.936544218122E0,
-2.720637579877E-2));
#4533=VERTEX_POINT('',#4532);
#4534=CARTESIAN_POINT('',(-5.091610330860E-1,-4.936544218122E0,
-2.720637579877E-2));
#4535=VERTEX_POINT('',#4534);
#4536=CARTESIAN_POINT('',(-6.045169486679E-1,-4.256101317442E0,
-2.720637579877E-2));
#4537=VERTEX_POINT('',#4536);
#4538=CARTESIAN_POINT('',(-4.641073888514E-1,-4.256101317442E0,
-2.720637579877E-2));
#4539=VERTEX_POINT('',#4538);
#4540=CARTESIAN_POINT('',(-3.529088364132E-1,-5.045039154521E0,
-2.720637579877E-2));
#4541=VERTEX_POINT('',#4540);
#4542=CARTESIAN_POINT('',(-2.423848809158E-1,-5.045039154521E0,
-2.720637579877E-2));
#4543=VERTEX_POINT('',#4542);
#4544=CARTESIAN_POINT('',(-6.296233312129E-3,-4.559546329337E0,
-2.720637579877E-2));
#4545=VERTEX_POINT('',#4544);
#4546=CARTESIAN_POINT('',(-3.671575006471E-1,-4.256101317442E0,
-2.720637579877E-2));
#4547=VERTEX_POINT('',#4546);
#4548=CARTESIAN_POINT('',(-1.497699822838E-1,-4.256101317442E0,
-2.720637579877E-2));
#4549=VERTEX_POINT('',#4548);
#4550=CARTESIAN_POINT('',(1.522193372966E-1,-4.514658890124E0,
-2.720637579877E-2));
#4551=VERTEX_POINT('',#4550);
#4552=CARTESIAN_POINT('',(1.171328472147E-1,-4.256101317442E0,
-2.720637579877E-2));
#4553=VERTEX_POINT('',#4552);
#4554=CARTESIAN_POINT('',(6.383632930975E-1,-4.256101317442E0,
-2.720637579877E-2));
#4555=VERTEX_POINT('',#4554);
#4556=CARTESIAN_POINT('',(8.495084006031E-1,-4.515389089595E0,
-2.720637579877E-2));
#4557=VERTEX_POINT('',#4556);
#4558=CARTESIAN_POINT('',(1.024557399439E0,-4.256101317442E0,
-2.720637579877E-2));
#4559=VERTEX_POINT('',#4558);
#4560=CARTESIAN_POINT('',(1.194958528193E0,-4.256101317442E0,
-7.206375798770E-3));
#4561=CARTESIAN_POINT('',(9.433482779744E-1,-4.627267739741E0,
-7.206375798770E-3));
#4562=VERTEX_POINT('',#4560);
#4563=VERTEX_POINT('',#4561);
#4564=CARTESIAN_POINT('',(1.310445070395E0,-5.075807103926E0,
-7.206375798770E-3));
#4565=VERTEX_POINT('',#4564);
#4566=CARTESIAN_POINT('',(1.127179637658E0,-5.075807103926E0,
-7.206375798770E-3));
#4567=VERTEX_POINT('',#4566);
#4568=CARTESIAN_POINT('',(8.605379875571E-1,-4.751183626534E0,
-7.206375798770E-3));
#4569=VERTEX_POINT('',#4568);
#4570=CARTESIAN_POINT('',(6.391482919072E-1,-5.075723762011E0,
-7.206375798770E-3));
#4571=VERTEX_POINT('',#4570);
#4572=CARTESIAN_POINT('',(4.685608372088E-1,-5.075723762011E0,
-7.206375798770E-3));
#4573=VERTEX_POINT('',#4572);
#4574=CARTESIAN_POINT('',(7.659311187122E-1,-4.635791485956E0,
-7.206375798770E-3));
#4575=VERTEX_POINT('',#4574);
#4576=CARTESIAN_POINT('',(4.808095395622E-1,-4.288201366611E0,
-7.206375798770E-3));
#4577=VERTEX_POINT('',#4576);
#4578=CARTESIAN_POINT('',(2.643498058690E-1,-4.288201366611E0,
-7.206375798770E-3));
#4579=VERTEX_POINT('',#4578);
#4580=CARTESIAN_POINT('',(3.747735003611E-1,-5.076039414850E0,
-7.206375798770E-3));
#4581=VERTEX_POINT('',#4580);
#4582=CARTESIAN_POINT('',(2.325626018722E-1,-5.076039414850E0,
-7.206375798770E-3));
#4583=VERTEX_POINT('',#4582);
#4584=CARTESIAN_POINT('',(1.825215099225E-1,-4.721891407084E0,
-7.206375798770E-3));
#4585=VERTEX_POINT('',#4584);
#4586=CARTESIAN_POINT('',(1.051326377478E-1,-4.655618080546E0,
-7.206375798770E-3));
#4587=VERTEX_POINT('',#4586);
#4588=CARTESIAN_POINT('',(-1.008369570190E-1,-5.075693435089E0,
-7.206375798770E-3));
#4589=VERTEX_POINT('',#4588);
#4590=CARTESIAN_POINT('',(-9.748218822636E-1,-5.075693435089E0,
-7.206375798770E-3));
#4591=VERTEX_POINT('',#4590);
#4592=CARTESIAN_POINT('',(-1.025704348269E0,-5.031757295208E0,
-7.206375798770E-3));
#4593=VERTEX_POINT('',#4592);
#4594=CARTESIAN_POINT('',(-1.064855891765E0,-4.765978579603E0,
-7.206375798770E-3));
#4595=VERTEX_POINT('',#4594);
#4596=CARTESIAN_POINT('',(-9.682717006214E-1,-4.650540034723E0,
-7.206375798770E-3));
#4597=VERTEX_POINT('',#4596);
#4598=CARTESIAN_POINT('',(-1.098309577646E0,-4.534384351816E0,
-7.206375798770E-3));
#4599=VERTEX_POINT('',#4598);
#4600=CARTESIAN_POINT('',(-1.122611293403E0,-4.361569747916E0,
-7.206375798770E-3));
#4601=VERTEX_POINT('',#4600);
#4602=CARTESIAN_POINT('',(-1.030936449032E0,-4.256101317442E0,
-7.206375798770E-3));
#4603=VERTEX_POINT('',#4602);
#4604=CARTESIAN_POINT('',(-7.536212138068E-1,-4.256101317442E0,
-7.206375798770E-3));
#4605=VERTEX_POINT('',#4604);
#4606=CARTESIAN_POINT('',(-7.349961410414E-1,-4.396555193714E0,
-7.206375798770E-3));
#4607=VERTEX_POINT('',#4606);
#4608=CARTESIAN_POINT('',(-8.706772624796E-1,-4.396555193714E0,
-7.206375798770E-3));
#4609=VERTEX_POINT('',#4608);
#4610=CARTESIAN_POINT('',(-8.577394613335E-1,-4.407824737310E0,
-7.206375798770E-3));
#4611=VERTEX_POINT('',#4610);
#4612=CARTESIAN_POINT('',(-9.220967606740E-1,-4.404178705588E0,
-7.206375798770E-3));
#4613=VERTEX_POINT('',#4612);
#4614=CARTESIAN_POINT('',(-9.446549860827E-1,-4.461520776464E0,
-7.206375798770E-3));
#4615=VERTEX_POINT('',#4614);
#4616=CARTESIAN_POINT('',(-9.615736603545E-1,-4.400532681481E0,
-7.206375798770E-3));
#4617=VERTEX_POINT('',#4616);
#4618=CARTESIAN_POINT('',(-9.745114615013E-1,-4.400532681481E0,
-7.206375798770E-3));
#4619=VERTEX_POINT('',#4618);
#4620=CARTESIAN_POINT('',(-9.545136443750E-1,-4.547242781817E0,
-7.206375798770E-3));
#4621=VERTEX_POINT('',#4620);
#4622=CARTESIAN_POINT('',(-9.137453781268E-1,-4.582830985092E0,
-7.206375798770E-3));
#4623=VERTEX_POINT('',#4622);
#4624=CARTESIAN_POINT('',(-7.086876949848E-1,-4.582830985092E0,
-7.206375798770E-3));
#4625=VERTEX_POINT('',#4624);
#4626=CARTESIAN_POINT('',(-6.900301547645E-1,-4.723062337003E0,
-7.206375798770E-3));
#4627=VERTEX_POINT('',#4626);
#4628=CARTESIAN_POINT('',(-8.937233069118E-1,-4.723062337003E0,
-7.206375798770E-3));
#4629=VERTEX_POINT('',#4628);
#4630=CARTESIAN_POINT('',(-9.243079884149E-1,-4.758026368833E0,
-7.206375798770E-3));
#4631=VERTEX_POINT('',#4630);
#4632=CARTESIAN_POINT('',(-9.003472586891E-1,-4.936544218122E0,
-7.206375798770E-3));
#4633=VERTEX_POINT('',#4632);
#4634=CARTESIAN_POINT('',(-5.091610330860E-1,-4.936544218122E0,
-7.206375798770E-3));
#4635=VERTEX_POINT('',#4634);
#4636=CARTESIAN_POINT('',(-6.045169486679E-1,-4.256101317442E0,
-7.206375798770E-3));
#4637=VERTEX_POINT('',#4636);
#4638=CARTESIAN_POINT('',(-4.641073888514E-1,-4.256101317442E0,
-7.206375798770E-3));
#4639=VERTEX_POINT('',#4638);
#4640=CARTESIAN_POINT('',(-3.529088364132E-1,-5.045039154521E0,
-7.206375798770E-3));
#4641=VERTEX_POINT('',#4640);
#4642=CARTESIAN_POINT('',(-2.423848809158E-1,-5.045039154521E0,
-7.206375798770E-3));
#4643=VERTEX_POINT('',#4642);
#4644=CARTESIAN_POINT('',(-6.296233312129E-3,-4.559546329337E0,
-7.206375798770E-3));
#4645=VERTEX_POINT('',#4644);
#4646=CARTESIAN_POINT('',(-3.671575006471E-1,-4.256101317442E0,
-7.206375798770E-3));
#4647=VERTEX_POINT('',#4646);
#4648=CARTESIAN_POINT('',(-1.497699822838E-1,-4.256101317442E0,
-7.206375798770E-3));
#4649=VERTEX_POINT('',#4648);
#4650=CARTESIAN_POINT('',(1.522193372966E-1,-4.514658890124E0,
-7.206375798770E-3));
#4651=VERTEX_POINT('',#4650);
#4652=CARTESIAN_POINT('',(1.171328472147E-1,-4.256101317442E0,
-7.206375798770E-3));
#4653=VERTEX_POINT('',#4652);
#4654=CARTESIAN_POINT('',(6.383632930975E-1,-4.256101317442E0,
-7.206375798770E-3));
#4655=VERTEX_POINT('',#4654);
#4656=CARTESIAN_POINT('',(8.495084006031E-1,-4.515389089595E0,
-7.206375798770E-3));
#4657=VERTEX_POINT('',#4656);
#4658=CARTESIAN_POINT('',(1.024557399439E0,-4.256101317442E0,
-7.206375798770E-3));
#4659=VERTEX_POINT('',#4658);
#4660=CARTESIAN_POINT('',(6.499633667960E0,-5.873781048474E0,
-7.206375798770E-3));
#4661=DIRECTION('',(0.E0,0.E0,-1.E0));
#4662=DIRECTION('',(0.E0,1.E0,0.E0));
#4663=AXIS2_PLACEMENT_3D('',#4660,#4661,#4662);
#4664=PLANE('',#4663);
#4666=ORIENTED_EDGE('',*,*,#4665,.F.);
#4668=ORIENTED_EDGE('',*,*,#4667,.T.);
#4670=ORIENTED_EDGE('',*,*,#4669,.T.);
#4672=ORIENTED_EDGE('',*,*,#4671,.F.);
#4674=ORIENTED_EDGE('',*,*,#4673,.T.);
#4676=ORIENTED_EDGE('',*,*,#4675,.T.);
#4678=ORIENTED_EDGE('',*,*,#4677,.F.);
#4680=ORIENTED_EDGE('',*,*,#4679,.F.);
#4681=EDGE_LOOP('',(#4666,#4668,#4670,#4672,#4674,#4676,#4678,#4680));
#4682=FACE_OUTER_BOUND('',#4681,.F.);
#4684=ORIENTED_EDGE('',*,*,#4683,.F.);
#4686=ORIENTED_EDGE('',*,*,#4685,.F.);
#4688=ORIENTED_EDGE('',*,*,#4687,.F.);
#4690=ORIENTED_EDGE('',*,*,#4689,.F.);
#4691=EDGE_LOOP('',(#4684,#4686,#4688,#4690));
#4692=FACE_BOUND('',#4691,.F.);
#4694=ORIENTED_EDGE('',*,*,#4693,.F.);
#4696=ORIENTED_EDGE('',*,*,#4695,.F.);
#4698=ORIENTED_EDGE('',*,*,#4697,.F.);
#4700=ORIENTED_EDGE('',*,*,#4699,.F.);
#4701=EDGE_LOOP('',(#4694,#4696,#4698,#4700));
#4702=FACE_BOUND('',#4701,.F.);
#4704=ORIENTED_EDGE('',*,*,#4703,.T.);
#4706=ORIENTED_EDGE('',*,*,#4705,.T.);
#4708=ORIENTED_EDGE('',*,*,#4707,.T.);
#4710=ORIENTED_EDGE('',*,*,#4709,.T.);
#4712=ORIENTED_EDGE('',*,*,#4711,.T.);
#4714=ORIENTED_EDGE('',*,*,#4713,.T.);
#4716=ORIENTED_EDGE('',*,*,#4715,.T.);
#4718=ORIENTED_EDGE('',*,*,#4717,.T.);
#4720=ORIENTED_EDGE('',*,*,#4719,.T.);
#4722=ORIENTED_EDGE('',*,*,#4721,.T.);
#4724=ORIENTED_EDGE('',*,*,#4723,.T.);
#4726=ORIENTED_EDGE('',*,*,#4725,.T.);
#4728=ORIENTED_EDGE('',*,*,#4727,.T.);
#4730=ORIENTED_EDGE('',*,*,#4729,.T.);
#4732=ORIENTED_EDGE('',*,*,#4731,.T.);
#4734=ORIENTED_EDGE('',*,*,#4733,.T.);
#4736=ORIENTED_EDGE('',*,*,#4735,.T.);
#4738=ORIENTED_EDGE('',*,*,#4737,.T.);
#4740=ORIENTED_EDGE('',*,*,#4739,.T.);
#4742=ORIENTED_EDGE('',*,*,#4741,.T.);
#4744=ORIENTED_EDGE('',*,*,#4743,.T.);
#4746=ORIENTED_EDGE('',*,*,#4745,.T.);
#4748=ORIENTED_EDGE('',*,*,#4747,.T.);
#4750=ORIENTED_EDGE('',*,*,#4749,.T.);
#4752=ORIENTED_EDGE('',*,*,#4751,.T.);
#4754=ORIENTED_EDGE('',*,*,#4753,.T.);
#4756=ORIENTED_EDGE('',*,*,#4755,.T.);
#4758=ORIENTED_EDGE('',*,*,#4757,.T.);
#4760=ORIENTED_EDGE('',*,*,#4759,.T.);
#4762=ORIENTED_EDGE('',*,*,#4761,.T.);
#4764=ORIENTED_EDGE('',*,*,#4763,.F.);
#4766=ORIENTED_EDGE('',*,*,#4765,.T.);
#4768=ORIENTED_EDGE('',*,*,#4767,.T.);
#4770=ORIENTED_EDGE('',*,*,#4769,.T.);
#4772=ORIENTED_EDGE('',*,*,#4771,.F.);
#4774=ORIENTED_EDGE('',*,*,#4773,.T.);
#4776=ORIENTED_EDGE('',*,*,#4775,.T.);
#4778=ORIENTED_EDGE('',*,*,#4777,.T.);
#4780=ORIENTED_EDGE('',*,*,#4779,.T.);
#4782=ORIENTED_EDGE('',*,*,#4781,.T.);
#4784=ORIENTED_EDGE('',*,*,#4783,.T.);
#4786=ORIENTED_EDGE('',*,*,#4785,.T.);
#4788=ORIENTED_EDGE('',*,*,#4787,.T.);
#4790=ORIENTED_EDGE('',*,*,#4789,.T.);
#4792=ORIENTED_EDGE('',*,*,#4791,.T.);
#4794=ORIENTED_EDGE('',*,*,#4793,.T.);
#4796=ORIENTED_EDGE('',*,*,#4795,.T.);
#4798=ORIENTED_EDGE('',*,*,#4797,.T.);
#4800=ORIENTED_EDGE('',*,*,#4799,.T.);
#4802=ORIENTED_EDGE('',*,*,#4801,.T.);
#4803=EDGE_LOOP('',(#4704,#4706,#4708,#4710,#4712,#4714,#4716,#4718,#4720,#4722,
#4724,#4726,#4728,#4730,#4732,#4734,#4736,#4738,#4740,#4742,#4744,#4746,#4748,
#4750,#4752,#4754,#4756,#4758,#4760,#4762,#4764,#4766,#4768,#4770,#4772,#4774,
#4776,#4778,#4780,#4782,#4784,#4786,#4788,#4790,#4792,#4794,#4796,#4798,#4800,
#4802));
#4804=FACE_BOUND('',#4803,.F.);
#4805=ADVANCED_FACE('',(#4682,#4692,#4702,#4804),#4664,.T.);
#4806=CARTESIAN_POINT('',(7.499577309190E-1,-5.720991401770E-1,
-7.206375798770E-3));
#4807=DIRECTION('',(1.E0,0.E0,0.E0));
#4808=DIRECTION('',(0.E0,-1.E0,0.E0));
#4809=AXIS2_PLACEMENT_3D('',#4806,#4807,#4808);
#4810=PLANE('',#4809);
#4812=ORIENTED_EDGE('',*,*,#4811,.F.);
#4813=ORIENTED_EDGE('',*,*,#4665,.T.);
#4815=ORIENTED_EDGE('',*,*,#4814,.F.);
#4817=ORIENTED_EDGE('',*,*,#4816,.F.);
#4818=EDGE_LOOP('',(#4812,#4813,#4815,#4817));
#4819=FACE_OUTER_BOUND('',#4818,.F.);
#4820=ADVANCED_FACE('',(#4819),#4810,.F.);
#4821=CARTESIAN_POINT('',(0.E0,-2.821972332932E0,1.519569675891E1));
#4822=DIRECTION('',(0.E0,0.E0,-1.E0));
#4823=DIRECTION('',(1.E0,0.E0,0.E0));
#4824=AXIS2_PLACEMENT_3D('',#4821,#4822,#4823);
#4825=CYLINDRICAL_SURFACE('',#4824,7.499577309190E-1);
#4826=ORIENTED_EDGE('',*,*,#4811,.T.);
#4828=ORIENTED_EDGE('',*,*,#4827,.F.);
#4830=ORIENTED_EDGE('',*,*,#4829,.T.);
#4831=ORIENTED_EDGE('',*,*,#4667,.F.);
#4832=EDGE_LOOP('',(#4826,#4828,#4830,#4831));
#4833=FACE_OUTER_BOUND('',#4832,.F.);
#4834=ADVANCED_FACE('',(#4833),#4825,.F.);
#4835=CARTESIAN_POINT('',(6.499633667960E0,-8.740628423510E-1,
1.927823524460E-1));
#4836=DIRECTION('',(0.E0,0.E0,1.E0));
#4837=DIRECTION('',(0.E0,-1.E0,0.E0));
#4838=AXIS2_PLACEMENT_3D('',#4835,#4836,#4837);
#4839=PLANE('',#4838);
#4841=ORIENTED_EDGE('',*,*,#4840,.F.);
#4842=ORIENTED_EDGE('',*,*,#4827,.T.);
#4843=ORIENTED_EDGE('',*,*,#4816,.T.);
#4845=ORIENTED_EDGE('',*,*,#4844,.T.);
#4847=ORIENTED_EDGE('',*,*,#4846,.F.);
#4849=ORIENTED_EDGE('',*,*,#4848,.F.);
#4851=ORIENTED_EDGE('',*,*,#4850,.T.);
#4853=ORIENTED_EDGE('',*,*,#4852,.T.);
#4854=EDGE_LOOP('',(#4841,#4842,#4843,#4845,#4847,#4849,#4851,#4853));
#4855=FACE_OUTER_BOUND('',#4854,.F.);
#4857=ORIENTED_EDGE('',*,*,#4856,.T.);
#4859=ORIENTED_EDGE('',*,*,#4858,.T.);
#4861=ORIENTED_EDGE('',*,*,#4860,.T.);
#4863=ORIENTED_EDGE('',*,*,#4862,.T.);
#4864=EDGE_LOOP('',(#4857,#4859,#4861,#4863));
#4865=FACE_BOUND('',#4864,.F.);
#4867=ORIENTED_EDGE('',*,*,#4866,.T.);
#4869=ORIENTED_EDGE('',*,*,#4868,.T.);
#4871=ORIENTED_EDGE('',*,*,#4870,.T.);
#4873=ORIENTED_EDGE('',*,*,#4872,.T.);
#4874=EDGE_LOOP('',(#4867,#4869,#4871,#4873));
#4875=FACE_BOUND('',#4874,.F.);
#4876=ADVANCED_FACE('',(#4855,#4865,#4875),#4839,.T.);
#4877=CARTESIAN_POINT('',(-7.499577309190E-1,-3.571930063851E0,
-7.206375798770E-3));
#4878=DIRECTION('',(-1.E0,0.E0,0.E0));
#4879=DIRECTION('',(0.E0,1.E0,0.E0));
#4880=AXIS2_PLACEMENT_3D('',#4877,#4878,#4879);
#4881=PLANE('',#4880);
#4882=ORIENTED_EDGE('',*,*,#4829,.F.);
#4883=ORIENTED_EDGE('',*,*,#4840,.T.);
#4885=ORIENTED_EDGE('',*,*,#4884,.T.);
#4886=ORIENTED_EDGE('',*,*,#4669,.F.);
#4887=EDGE_LOOP('',(#4882,#4883,#4885,#4886));
#4888=FACE_OUTER_BOUND('',#4887,.F.);
#4889=ADVANCED_FACE('',(#4888),#4881,.F.);
#4890=CARTESIAN_POINT('',(6.499633667960E0,-8.740628423510E-1,
-7.206375798770E-3));
#4891=DIRECTION('',(0.E0,1.E0,0.E0));
#4892=DIRECTION('',(0.E0,0.E0,1.E0));
#4893=AXIS2_PLACEMENT_3D('',#4890,#4891,#4892);
#4894=PLANE('',#4893);
#4895=ORIENTED_EDGE('',*,*,#4884,.F.);
#4896=ORIENTED_EDGE('',*,*,#4852,.F.);
#4898=ORIENTED_EDGE('',*,*,#4897,.T.);
#4899=ORIENTED_EDGE('',*,*,#4671,.T.);
#4900=EDGE_LOOP('',(#4895,#4896,#4898,#4899));
#4901=FACE_OUTER_BOUND('',#4900,.F.);
#4902=ADVANCED_FACE('',(#4901),#4894,.T.);
#4903=CARTESIAN_POINT('',(-6.499633667960E0,1.258807988740E-1,
2.427795345070E-1));
#4904=DIRECTION('',(-1.E0,0.E0,0.E0));
#4905=DIRECTION('',(0.E0,-1.E0,0.E0));
#4906=AXIS2_PLACEMENT_3D('',#4903,#4904,#4905);
#4907=PLANE('',#4906);
#4909=ORIENTED_EDGE('',*,*,#4908,.T.);
#4911=ORIENTED_EDGE('',*,*,#4910,.F.);
#4913=ORIENTED_EDGE('',*,*,#4912,.T.);
#4914=ORIENTED_EDGE('',*,*,#4673,.F.);
#4915=ORIENTED_EDGE('',*,*,#4897,.F.);
#4916=ORIENTED_EDGE('',*,*,#4850,.F.);
#4918=ORIENTED_EDGE('',*,*,#4917,.T.);
#4920=ORIENTED_EDGE('',*,*,#4919,.F.);
#4921=EDGE_LOOP('',(#4909,#4911,#4913,#4914,#4915,#4916,#4918,#4920));
#4922=FACE_OUTER_BOUND('',#4921,.F.);
#4923=ADVANCED_FACE('',(#4922),#4907,.T.);
#4924=CARTESIAN_POINT('',(-6.499633667960E0,-6.173764140841E0,
3.927710806910E-1));
#4925=DIRECTION('',(0.E0,0.E0,1.E0));
#4926=DIRECTION('',(0.E0,1.E0,0.E0));
#4927=AXIS2_PLACEMENT_3D('',#4924,#4925,#4926);
#4928=PLANE('',#4927);
#4930=ORIENTED_EDGE('',*,*,#4929,.T.);
#4931=ORIENTED_EDGE('',*,*,#4908,.F.);
#4933=ORIENTED_EDGE('',*,*,#4932,.F.);
#4935=ORIENTED_EDGE('',*,*,#4934,.F.);
#4937=ORIENTED_EDGE('',*,*,#4936,.T.);
#4939=ORIENTED_EDGE('',*,*,#4938,.F.);
#4940=EDGE_LOOP('',(#4930,#4931,#4933,#4935,#4937,#4939));
#4941=FACE_OUTER_BOUND('',#4940,.F.);
#4942=ADVANCED_FACE('',(#4941),#4928,.F.);
#4943=CARTESIAN_POINT('',(-6.499633667960E0,-5.923778230535E0,
-1.506319812418E1));
#4944=DIRECTION('',(0.E0,0.E0,1.E0));
#4945=DIRECTION('',(-1.E0,0.E0,0.E0));
#4946=AXIS2_PLACEMENT_3D('',#4943,#4944,#4945);
#4947=CYLINDRICAL_SURFACE('',#4946,2.499859103060E-1);
#4949=ORIENTED_EDGE('',*,*,#4948,.F.);
#4951=ORIENTED_EDGE('',*,*,#4950,.F.);
#4953=ORIENTED_EDGE('',*,*,#4952,.F.);
#4954=ORIENTED_EDGE('',*,*,#4929,.F.);
#4955=EDGE_LOOP('',(#4949,#4951,#4953,#4954));
#4956=FACE_OUTER_BOUND('',#4955,.F.);
#4957=ADVANCED_FACE('',(#4956),#4947,.T.);
#4958=CARTESIAN_POINT('',(-6.749619578267E0,-2.898948715831E0,
2.427795345070E-1));
#4959=DIRECTION('',(1.E0,0.E0,0.E0));
#4960=DIRECTION('',(0.E0,0.E0,1.E0));
#4961=AXIS2_PLACEMENT_3D('',#4958,#4959,#4960);
#4962=PLANE('',#4961);
#4963=ORIENTED_EDGE('',*,*,#4948,.T.);
#4964=ORIENTED_EDGE('',*,*,#4938,.T.);
#4966=ORIENTED_EDGE('',*,*,#4965,.F.);
#4968=ORIENTED_EDGE('',*,*,#4967,.T.);
#4970=ORIENTED_EDGE('',*,*,#4969,.F.);
#4972=ORIENTED_EDGE('',*,*,#4971,.T.);
#4973=EDGE_LOOP('',(#4963,#4964,#4966,#4968,#4970,#4972));
#4974=FACE_OUTER_BOUND('',#4973,.F.);
#4975=ADVANCED_FACE('',(#4974),#4962,.F.);
#4976=CARTESIAN_POINT('',(-6.749619578267E0,-5.218817963472E0,
3.927710806910E-1));
#4977=DIRECTION('',(0.E0,1.E0,0.E0));
#4978=DIRECTION('',(0.E0,0.E0,-1.E0));
#4979=AXIS2_PLACEMENT_3D('',#4976,#4977,#4978);
#4980=PLANE('',#4979);
#4982=ORIENTED_EDGE('',*,*,#4981,.T.);
#4983=ORIENTED_EDGE('',*,*,#4965,.T.);
#4984=ORIENTED_EDGE('',*,*,#4936,.F.);
#4986=ORIENTED_EDGE('',*,*,#4985,.F.);
#4987=EDGE_LOOP('',(#4982,#4983,#4984,#4986));
#4988=FACE_OUTER_BOUND('',#4987,.F.);
#4989=ADVANCED_FACE('',(#4988),#4980,.F.);
#4990=CARTESIAN_POINT('',(-2.434722774272E1,-4.593853187706E0,
-2.182083795462E0));
#4991=DIRECTION('',(1.E0,0.E0,0.E0));
#4992=DIRECTION('',(0.E0,1.E0,0.E0));
#4993=AXIS2_PLACEMENT_3D('',#4990,#4991,#4992);
#4994=CYLINDRICAL_SURFACE('',#4993,6.249647757650E-1);
#4995=ORIENTED_EDGE('',*,*,#4981,.F.);
#4997=ORIENTED_EDGE('',*,*,#4996,.F.);
#4999=ORIENTED_EDGE('',*,*,#4998,.F.);
#5000=ORIENTED_EDGE('',*,*,#4967,.F.);
#5001=EDGE_LOOP('',(#4995,#4997,#4999,#5000));
#5002=FACE_OUTER_BOUND('',#5001,.F.);
#5003=ADVANCED_FACE('',(#5002),#4994,.T.);
#5004=CARTESIAN_POINT('',(-6.549630850022E0,-2.898948715831E0,
2.427795345070E-1));
#5005=DIRECTION('',(1.E0,0.E0,0.E0));
#5006=DIRECTION('',(0.E0,0.E0,1.E0));
#5007=AXIS2_PLACEMENT_3D('',#5004,#5005,#5006);
#5008=PLANE('',#5007);
#5009=ORIENTED_EDGE('',*,*,#4996,.T.);
#5010=ORIENTED_EDGE('',*,*,#4985,.T.);
#5011=ORIENTED_EDGE('',*,*,#4934,.T.);
#5013=ORIENTED_EDGE('',*,*,#5012,.F.);
#5015=ORIENTED_EDGE('',*,*,#5014,.T.);
#5017=ORIENTED_EDGE('',*,*,#5016,.T.);
#5018=EDGE_LOOP('',(#5009,#5010,#5011,#5013,#5015,#5017));
#5019=FACE_OUTER_BOUND('',#5018,.F.);
#5020=ADVANCED_FACE('',(#5019),#5008,.T.);
#5021=CARTESIAN_POINT('',(6.499633667960E0,-5.973775412596E0,
2.927767165690E-1));
#5022=DIRECTION('',(0.E0,1.E0,0.E0));
#5023=DIRECTION('',(0.E0,0.E0,1.E0));
#5024=AXIS2_PLACEMENT_3D('',#5021,#5022,#5023);
#5025=PLANE('',#5024);
#5026=ORIENTED_EDGE('',*,*,#5012,.T.);
#5027=ORIENTED_EDGE('',*,*,#4932,.T.);
#5028=ORIENTED_EDGE('',*,*,#4919,.T.);
#5030=ORIENTED_EDGE('',*,*,#5029,.F.);
#5032=ORIENTED_EDGE('',*,*,#5031,.F.);
#5034=ORIENTED_EDGE('',*,*,#5033,.F.);
#5036=ORIENTED_EDGE('',*,*,#5035,.F.);
#5038=ORIENTED_EDGE('',*,*,#5037,.T.);
#5040=ORIENTED_EDGE('',*,*,#5039,.F.);
#5042=ORIENTED_EDGE('',*,*,#5041,.F.);
#5044=ORIENTED_EDGE('',*,*,#5043,.T.);
#5046=ORIENTED_EDGE('',*,*,#5045,.F.);
#5047=EDGE_LOOP('',(#5026,#5027,#5028,#5030,#5032,#5034,#5036,#5038,#5040,#5042,
#5044,#5046));
#5048=FACE_OUTER_BOUND('',#5047,.F.);
#5050=ORIENTED_EDGE('',*,*,#5049,.T.);
#5052=ORIENTED_EDGE('',*,*,#5051,.T.);
#5054=ORIENTED_EDGE('',*,*,#5053,.T.);
#5056=ORIENTED_EDGE('',*,*,#5055,.T.);
#5057=EDGE_LOOP('',(#5050,#5052,#5054,#5056));
#5058=FACE_BOUND('',#5057,.F.);
#5059=ADVANCED_FACE('',(#5048,#5058),#5025,.T.);
#5060=CARTESIAN_POINT('',(6.499633667960E0,-5.873781048474E0,
2.927767165690E-1));
#5061=DIRECTION('',(1.E0,0.E0,0.E0));
#5062=DIRECTION('',(0.E0,0.E0,1.E0));
#5063=AXIS2_PLACEMENT_3D('',#5060,#5061,#5062);
#5064=CYLINDRICAL_SURFACE('',#5063,9.999436412247E-2);
#5066=ORIENTED_EDGE('',*,*,#5065,.F.);
#5067=ORIENTED_EDGE('',*,*,#5029,.T.);
#5068=ORIENTED_EDGE('',*,*,#4917,.F.);
#5069=ORIENTED_EDGE('',*,*,#4848,.T.);
#5070=EDGE_LOOP('',(#5066,#5067,#5068,#5069));
#5071=FACE_OUTER_BOUND('',#5070,.F.);
#5072=ADVANCED_FACE('',(#5071),#5064,.F.);
#5073=CARTESIAN_POINT('',(6.499633667960E0,-2.898948715831E0,
2.427795345070E-1));
#5074=DIRECTION('',(1.E0,0.E0,0.E0));
#5075=DIRECTION('',(0.E0,0.E0,1.E0));
#5076=AXIS2_PLACEMENT_3D('',#5073,#5074,#5075);
#5077=PLANE('',#5076);
#5079=ORIENTED_EDGE('',*,*,#5078,.F.);
#5080=ORIENTED_EDGE('',*,*,#5031,.T.);
#5081=ORIENTED_EDGE('',*,*,#5065,.T.);
#5082=ORIENTED_EDGE('',*,*,#4846,.T.);
#5084=ORIENTED_EDGE('',*,*,#5083,.T.);
#5085=ORIENTED_EDGE('',*,*,#4677,.T.);
#5087=ORIENTED_EDGE('',*,*,#5086,.T.);
#5089=ORIENTED_EDGE('',*,*,#5088,.T.);
#5090=EDGE_LOOP('',(#5079,#5080,#5081,#5082,#5084,#5085,#5087,#5089));
#5091=FACE_OUTER_BOUND('',#5090,.F.);
#5092=ADVANCED_FACE('',(#5091),#5077,.T.);
#5093=CARTESIAN_POINT('',(6.499633667960E0,-6.173764140841E0,
3.927710806910E-1));
#5094=DIRECTION('',(0.E0,0.E0,-1.E0));
#5095=DIRECTION('',(0.E0,1.E0,0.E0));
#5096=AXIS2_PLACEMENT_3D('',#5093,#5094,#5095);
#5097=PLANE('',#5096);
#5099=ORIENTED_EDGE('',*,*,#5098,.T.);
#5101=ORIENTED_EDGE('',*,*,#5100,.F.);
#5103=ORIENTED_EDGE('',*,*,#5102,.F.);
#5105=ORIENTED_EDGE('',*,*,#5104,.T.);
#5106=ORIENTED_EDGE('',*,*,#5033,.T.);
#5107=ORIENTED_EDGE('',*,*,#5078,.T.);
#5108=EDGE_LOOP('',(#5099,#5101,#5103,#5105,#5106,#5107));
#5109=FACE_OUTER_BOUND('',#5108,.F.);
#5110=ADVANCED_FACE('',(#5109),#5097,.T.);
#5111=CARTESIAN_POINT('',(6.499633667960E0,-5.923778230535E0,1.884726882846E1));
#5112=DIRECTION('',(0.E0,0.E0,-1.E0));
#5113=DIRECTION('',(1.E0,0.E0,0.E0));
#5114=AXIS2_PLACEMENT_3D('',#5111,#5112,#5113);
#5115=CYLINDRICAL_SURFACE('',#5114,2.499859103060E-1);
#5117=ORIENTED_EDGE('',*,*,#5116,.F.);
#5118=ORIENTED_EDGE('',*,*,#5098,.F.);
#5120=ORIENTED_EDGE('',*,*,#5119,.F.);
#5122=ORIENTED_EDGE('',*,*,#5121,.F.);
#5123=EDGE_LOOP('',(#5117,#5118,#5120,#5122));
#5124=FACE_OUTER_BOUND('',#5123,.F.);
#5125=ADVANCED_FACE('',(#5124),#5115,.T.);
#5126=CARTESIAN_POINT('',(6.749619578267E0,-2.898948715831E0,
2.427795345070E-1));
#5127=DIRECTION('',(1.E0,0.E0,0.E0));
#5128=DIRECTION('',(0.E0,0.E0,1.E0));
#5129=AXIS2_PLACEMENT_3D('',#5126,#5127,#5128);
#5130=PLANE('',#5129);
#5131=ORIENTED_EDGE('',*,*,#5116,.T.);
#5133=ORIENTED_EDGE('',*,*,#5132,.T.);
#5135=ORIENTED_EDGE('',*,*,#5134,.T.);
#5137=ORIENTED_EDGE('',*,*,#5136,.T.);
#5139=ORIENTED_EDGE('',*,*,#5138,.T.);
#5140=ORIENTED_EDGE('',*,*,#5100,.T.);
#5141=EDGE_LOOP('',(#5131,#5133,#5135,#5137,#5139,#5140));
#5142=FACE_OUTER_BOUND('',#5141,.F.);
#5143=ADVANCED_FACE('',(#5142),#5130,.T.);
#5144=CARTESIAN_POINT('',(6.499633667960E0,-5.973775412596E0,6.192444199794E0));
#5145=DIRECTION('',(0.E0,0.E0,1.E0));
#5146=DIRECTION('',(0.E0,-1.E0,0.E0));
#5147=AXIS2_PLACEMENT_3D('',#5144,#5145,#5146);
#5148=PLANE('',#5147);
#5149=ORIENTED_EDGE('',*,*,#5121,.T.);
#5151=ORIENTED_EDGE('',*,*,#5150,.F.);
#5152=ORIENTED_EDGE('',*,*,#5037,.F.);
#5154=ORIENTED_EDGE('',*,*,#5153,.T.);
#5156=ORIENTED_EDGE('',*,*,#5155,.T.);
#5157=ORIENTED_EDGE('',*,*,#5132,.F.);
#5158=EDGE_LOOP('',(#5149,#5151,#5152,#5154,#5156,#5157));
#5159=FACE_OUTER_BOUND('',#5158,.F.);
#5160=ADVANCED_FACE('',(#5159),#5148,.T.);
#5161=CARTESIAN_POINT('',(6.499633667960E0,-2.898948715831E0,
2.427795345070E-1));
#5162=DIRECTION('',(1.E0,0.E0,0.E0));
#5163=DIRECTION('',(0.E0,0.E0,1.E0));
#5164=AXIS2_PLACEMENT_3D('',#5161,#5162,#5163);
#5165=PLANE('',#5164);
#5166=ORIENTED_EDGE('',*,*,#5150,.T.);
#5168=ORIENTED_EDGE('',*,*,#5167,.T.);
#5170=ORIENTED_EDGE('',*,*,#5169,.T.);
#5172=ORIENTED_EDGE('',*,*,#5171,.T.);
#5174=ORIENTED_EDGE('',*,*,#5173,.T.);
#5176=ORIENTED_EDGE('',*,*,#5175,.T.);
#5178=ORIENTED_EDGE('',*,*,#5177,.T.);
#5179=ORIENTED_EDGE('',*,*,#5039,.T.);
#5180=EDGE_LOOP('',(#5166,#5168,#5170,#5172,#5174,#5176,#5178,#5179));
#5181=FACE_OUTER_BOUND('',#5180,.F.);
#5182=ADVANCED_FACE('',(#5181),#5165,.T.);
#5183=CARTESIAN_POINT('',(6.499633667960E0,-6.173764140841E0,6.292438563917E0));
#5184=DIRECTION('',(0.E0,-1.E0,0.E0));
#5185=DIRECTION('',(0.E0,0.E0,-1.E0));
#5186=AXIS2_PLACEMENT_3D('',#5183,#5184,#5185);
#5187=PLANE('',#5186);
#5188=ORIENTED_EDGE('',*,*,#4952,.T.);
#5190=ORIENTED_EDGE('',*,*,#5189,.T.);
#5192=ORIENTED_EDGE('',*,*,#5191,.T.);
#5193=ORIENTED_EDGE('',*,*,#5167,.F.);
#5194=ORIENTED_EDGE('',*,*,#5119,.T.);
#5195=ORIENTED_EDGE('',*,*,#5088,.F.);
#5197=ORIENTED_EDGE('',*,*,#5196,.T.);
#5198=ORIENTED_EDGE('',*,*,#4910,.T.);
#5199=EDGE_LOOP('',(#5188,#5190,#5192,#5193,#5194,#5195,#5197,#5198));
#5200=FACE_OUTER_BOUND('',#5199,.F.);
#5202=ORIENTED_EDGE('',*,*,#5201,.F.);
#5204=ORIENTED_EDGE('',*,*,#5203,.F.);
#5206=ORIENTED_EDGE('',*,*,#5205,.F.);
#5208=ORIENTED_EDGE('',*,*,#5207,.F.);
#5209=EDGE_LOOP('',(#5202,#5204,#5206,#5208));
#5210=FACE_BOUND('',#5209,.F.);
#5211=ADVANCED_FACE('',(#5200,#5210),#5187,.T.);
#5212=CARTESIAN_POINT('',(-6.499633667960E0,1.258807988740E-1,
2.427795345070E-1));
#5213=DIRECTION('',(-1.E0,0.E0,0.E0));
#5214=DIRECTION('',(0.E0,-1.E0,0.E0));
#5215=AXIS2_PLACEMENT_3D('',#5212,#5213,#5214);
#5216=PLANE('',#5215);
#5218=ORIENTED_EDGE('',*,*,#5217,.F.);
#5219=ORIENTED_EDGE('',*,*,#5043,.F.);
#5221=ORIENTED_EDGE('',*,*,#5220,.T.);
#5223=ORIENTED_EDGE('',*,*,#5222,.F.);
#5225=ORIENTED_EDGE('',*,*,#5224,.F.);
#5227=ORIENTED_EDGE('',*,*,#5226,.F.);
#5229=ORIENTED_EDGE('',*,*,#5228,.T.);
#5230=ORIENTED_EDGE('',*,*,#5189,.F.);
#5231=EDGE_LOOP('',(#5218,#5219,#5221,#5223,#5225,#5227,#5229,#5230));
#5232=FACE_OUTER_BOUND('',#5231,.F.);
#5233=ADVANCED_FACE('',(#5232),#5216,.T.);
#5234=CARTESIAN_POINT('',(-6.499633667960E0,-5.973775412596E0,
6.192444199794E0));
#5235=DIRECTION('',(0.E0,0.E0,-1.E0));
#5236=DIRECTION('',(0.E0,-1.E0,0.E0));
#5237=AXIS2_PLACEMENT_3D('',#5234,#5235,#5236);
#5238=PLANE('',#5237);
#5239=ORIENTED_EDGE('',*,*,#4950,.T.);
#5240=ORIENTED_EDGE('',*,*,#4971,.F.);
#5242=ORIENTED_EDGE('',*,*,#5241,.F.);
#5243=ORIENTED_EDGE('',*,*,#5014,.F.);
#5244=ORIENTED_EDGE('',*,*,#5045,.T.);
#5245=ORIENTED_EDGE('',*,*,#5217,.T.);
#5246=EDGE_LOOP('',(#5239,#5240,#5242,#5243,#5244,#5245));
#5247=FACE_OUTER_BOUND('',#5246,.F.);
#5248=ADVANCED_FACE('',(#5247),#5238,.F.);
#5249=CARTESIAN_POINT('',(-6.749619578267E0,-3.968888411941E0,
-2.807048571228E0));
#5250=DIRECTION('',(0.E0,-1.E0,0.E0));
#5251=DIRECTION('',(0.E0,0.E0,1.E0));
#5252=AXIS2_PLACEMENT_3D('',#5249,#5250,#5251);
#5253=PLANE('',#5252);
#5254=ORIENTED_EDGE('',*,*,#4998,.T.);
#5255=ORIENTED_EDGE('',*,*,#5016,.F.);
#5256=ORIENTED_EDGE('',*,*,#5241,.T.);
#5257=ORIENTED_EDGE('',*,*,#4969,.T.);
#5258=EDGE_LOOP('',(#5254,#5255,#5256,#5257));
#5259=FACE_OUTER_BOUND('',#5258,.F.);
#5260=ADVANCED_FACE('',(#5259),#5253,.F.);
#5261=CARTESIAN_POINT('',(6.499633667960E0,-5.873781048474E0,6.292438563917E0));
#5262=DIRECTION('',(1.E0,0.E0,0.E0));
#5263=DIRECTION('',(0.E0,0.E0,1.E0));
#5264=AXIS2_PLACEMENT_3D('',#5261,#5262,#5263);
#5265=CYLINDRICAL_SURFACE('',#5264,9.999436412247E-2);
#5266=ORIENTED_EDGE('',*,*,#5177,.F.);
#5268=ORIENTED_EDGE('',*,*,#5267,.T.);
#5269=ORIENTED_EDGE('',*,*,#5220,.F.);
#5270=ORIENTED_EDGE('',*,*,#5041,.T.);
#5271=EDGE_LOOP('',(#5266,#5268,#5269,#5270));
#5272=FACE_OUTER_BOUND('',#5271,.F.);
#5273=ADVANCED_FACE('',(#5272),#5265,.F.);
#5274=CARTESIAN_POINT('',(6.499633667960E0,-5.873781048474E0,6.392432928039E0));
#5275=DIRECTION('',(0.E0,0.E0,-1.E0));
#5276=DIRECTION('',(0.E0,1.E0,0.E0));
#5277=AXIS2_PLACEMENT_3D('',#5274,#5275,#5276);
#5278=PLANE('',#5277);
#5280=ORIENTED_EDGE('',*,*,#5279,.F.);
#5282=ORIENTED_EDGE('',*,*,#5281,.T.);
#5284=ORIENTED_EDGE('',*,*,#5283,.T.);
#5286=ORIENTED_EDGE('',*,*,#5285,.F.);
#5287=ORIENTED_EDGE('',*,*,#5222,.T.);
#5288=ORIENTED_EDGE('',*,*,#5267,.F.);
#5289=ORIENTED_EDGE('',*,*,#5175,.F.);
#5291=ORIENTED_EDGE('',*,*,#5290,.F.);
#5292=EDGE_LOOP('',(#5280,#5282,#5284,#5286,#5287,#5288,#5289,#5291));
#5293=FACE_OUTER_BOUND('',#5292,.F.);
#5295=ORIENTED_EDGE('',*,*,#5294,.F.);
#5297=ORIENTED_EDGE('',*,*,#5296,.F.);
#5299=ORIENTED_EDGE('',*,*,#5298,.F.);
#5301=ORIENTED_EDGE('',*,*,#5300,.F.);
#5302=EDGE_LOOP('',(#5295,#5297,#5299,#5301));
#5303=FACE_BOUND('',#5302,.F.);
#5305=ORIENTED_EDGE('',*,*,#5304,.F.);
#5307=ORIENTED_EDGE('',*,*,#5306,.F.);
#5309=ORIENTED_EDGE('',*,*,#5308,.F.);
#5311=ORIENTED_EDGE('',*,*,#5310,.F.);
#5312=EDGE_LOOP('',(#5305,#5307,#5309,#5311));
#5313=FACE_BOUND('',#5312,.F.);
#5314=ADVANCED_FACE('',(#5293,#5303,#5313),#5278,.T.);
#5315=CARTESIAN_POINT('',(7.499577309190E-1,-5.720991401770E-1,
6.592421656284E0));
#5316=DIRECTION('',(-1.E0,0.E0,0.E0));
#5317=DIRECTION('',(0.E0,-1.E0,0.E0));
#5318=AXIS2_PLACEMENT_3D('',#5315,#5316,#5317);
#5319=PLANE('',#5318);
#5321=ORIENTED_EDGE('',*,*,#5320,.F.);
#5322=ORIENTED_EDGE('',*,*,#5279,.T.);
#5324=ORIENTED_EDGE('',*,*,#5323,.F.);
#5326=ORIENTED_EDGE('',*,*,#5325,.F.);
#5327=EDGE_LOOP('',(#5321,#5322,#5324,#5326));
#5328=FACE_OUTER_BOUND('',#5327,.F.);
#5329=ADVANCED_FACE('',(#5328),#5319,.T.);
#5330=CARTESIAN_POINT('',(0.E0,-2.821972332932E0,1.519569675891E1));
#5331=DIRECTION('',(0.E0,0.E0,-1.E0));
#5332=DIRECTION('',(1.E0,0.E0,0.E0));
#5333=AXIS2_PLACEMENT_3D('',#5330,#5331,#5332);
#5334=CYLINDRICAL_SURFACE('',#5333,7.499577309190E-1);
#5335=ORIENTED_EDGE('',*,*,#5320,.T.);
#5337=ORIENTED_EDGE('',*,*,#5336,.F.);
#5339=ORIENTED_EDGE('',*,*,#5338,.T.);
#5340=ORIENTED_EDGE('',*,*,#5281,.F.);
#5341=EDGE_LOOP('',(#5335,#5337,#5339,#5340));
#5342=FACE_OUTER_BOUND('',#5341,.F.);
#5343=ADVANCED_FACE('',(#5342),#5334,.F.);
#5344=CARTESIAN_POINT('',(6.499633667960E0,-8.740628423510E-1,
6.592421656284E0));
#5345=DIRECTION('',(0.E0,0.E0,1.E0));
#5346=DIRECTION('',(0.E0,-1.E0,0.E0));
#5347=AXIS2_PLACEMENT_3D('',#5344,#5345,#5346);
#5348=PLANE('',#5347);
#5350=ORIENTED_EDGE('',*,*,#5349,.F.);
#5351=ORIENTED_EDGE('',*,*,#5336,.T.);
#5352=ORIENTED_EDGE('',*,*,#5325,.T.);
#5354=ORIENTED_EDGE('',*,*,#5353,.T.);
#5355=ORIENTED_EDGE('',*,*,#5171,.F.);
#5357=ORIENTED_EDGE('',*,*,#5356,.T.);
#5358=ORIENTED_EDGE('',*,*,#5226,.T.);
#5360=ORIENTED_EDGE('',*,*,#5359,.T.);
#5361=EDGE_LOOP('',(#5350,#5351,#5352,#5354,#5355,#5357,#5358,#5360));
#5362=FACE_OUTER_BOUND('',#5361,.F.);
#5364=ORIENTED_EDGE('',*,*,#5363,.T.);
#5366=ORIENTED_EDGE('',*,*,#5365,.T.);
#5368=ORIENTED_EDGE('',*,*,#5367,.T.);
#5370=ORIENTED_EDGE('',*,*,#5369,.T.);
#5371=EDGE_LOOP('',(#5364,#5366,#5368,#5370));
#5372=FACE_BOUND('',#5371,.F.);
#5374=ORIENTED_EDGE('',*,*,#5373,.T.);
#5376=ORIENTED_EDGE('',*,*,#5375,.T.);
#5378=ORIENTED_EDGE('',*,*,#5377,.T.);
#5380=ORIENTED_EDGE('',*,*,#5379,.T.);
#5381=EDGE_LOOP('',(#5374,#5376,#5378,#5380));
#5382=FACE_BOUND('',#5381,.F.);
#5383=ADVANCED_FACE('',(#5362,#5372,#5382),#5348,.T.);
#5384=CARTESIAN_POINT('',(-7.499577309190E-1,-3.571930063851E0,
6.592421656284E0));
#5385=DIRECTION('',(1.E0,0.E0,0.E0));
#5386=DIRECTION('',(0.E0,1.E0,0.E0));
#5387=AXIS2_PLACEMENT_3D('',#5384,#5385,#5386);
#5388=PLANE('',#5387);
#5389=ORIENTED_EDGE('',*,*,#5338,.F.);
#5390=ORIENTED_EDGE('',*,*,#5349,.T.);
#5392=ORIENTED_EDGE('',*,*,#5391,.T.);
#5393=ORIENTED_EDGE('',*,*,#5283,.F.);
#5394=EDGE_LOOP('',(#5389,#5390,#5392,#5393));
#5395=FACE_OUTER_BOUND('',#5394,.F.);
#5396=ADVANCED_FACE('',(#5395),#5388,.T.);
#5397=CARTESIAN_POINT('',(6.499633667960E0,-8.740628423510E-1,
6.392432928039E0));
#5398=DIRECTION('',(0.E0,1.E0,0.E0));
#5399=DIRECTION('',(0.E0,0.E0,1.E0));
#5400=AXIS2_PLACEMENT_3D('',#5397,#5398,#5399);
#5401=PLANE('',#5400);
#5402=ORIENTED_EDGE('',*,*,#5391,.F.);
#5403=ORIENTED_EDGE('',*,*,#5359,.F.);
#5404=ORIENTED_EDGE('',*,*,#5224,.T.);
#5405=ORIENTED_EDGE('',*,*,#5285,.T.);
#5406=EDGE_LOOP('',(#5402,#5403,#5404,#5405));
#5407=FACE_OUTER_BOUND('',#5406,.F.);
#5408=ADVANCED_FACE('',(#5407),#5401,.T.);
#5409=CARTESIAN_POINT('',(6.499633667960E0,-8.740628423510E-1,
6.392432928039E0));
#5410=DIRECTION('',(0.E0,1.E0,0.E0));
#5411=DIRECTION('',(0.E0,0.E0,1.E0));
#5412=AXIS2_PLACEMENT_3D('',#5409,#5410,#5411);
#5413=PLANE('',#5412);
#5414=ORIENTED_EDGE('',*,*,#5323,.T.);
#5415=ORIENTED_EDGE('',*,*,#5290,.T.);
#5416=ORIENTED_EDGE('',*,*,#5173,.F.);
#5417=ORIENTED_EDGE('',*,*,#5353,.F.);
#5418=EDGE_LOOP('',(#5414,#5415,#5416,#5417));
#5419=FACE_OUTER_BOUND('',#5418,.F.);
#5420=ADVANCED_FACE('',(#5419),#5413,.T.);
#5421=CARTESIAN_POINT('',(6.499633667960E0,-5.873781048474E0,6.292438563917E0));
#5422=DIRECTION('',(1.E0,0.E0,0.E0));
#5423=DIRECTION('',(0.E0,0.E0,1.E0));
#5424=AXIS2_PLACEMENT_3D('',#5421,#5422,#5423);
#5425=CYLINDRICAL_SURFACE('',#5424,2.999830923670E-1);
#5426=ORIENTED_EDGE('',*,*,#5356,.F.);
#5427=ORIENTED_EDGE('',*,*,#5169,.F.);
#5428=ORIENTED_EDGE('',*,*,#5191,.F.);
#5429=ORIENTED_EDGE('',*,*,#5228,.F.);
#5430=EDGE_LOOP('',(#5426,#5427,#5428,#5429));
#5431=FACE_OUTER_BOUND('',#5430,.F.);
#5432=ADVANCED_FACE('',(#5431),#5425,.T.);
#5433=CARTESIAN_POINT('',(5.143510101731E0,-2.072014602014E0,6.592421656284E0));
#5434=DIRECTION('',(-1.E0,0.E0,0.E0));
#5435=DIRECTION('',(0.E0,-1.E0,0.E0));
#5436=AXIS2_PLACEMENT_3D('',#5433,#5434,#5435);
#5437=PLANE('',#5436);
#5439=ORIENTED_EDGE('',*,*,#5438,.T.);
#5440=ORIENTED_EDGE('',*,*,#5363,.F.);
#5442=ORIENTED_EDGE('',*,*,#5441,.F.);
#5443=ORIENTED_EDGE('',*,*,#5294,.T.);
#5444=EDGE_LOOP('',(#5439,#5440,#5442,#5443));
#5445=FACE_OUTER_BOUND('',#5444,.F.);
#5446=ADVANCED_FACE('',(#5445),#5437,.T.);
#5447=CARTESIAN_POINT('',(2.143679178057E0,-2.072014602014E0,6.592421656284E0));
#5448=DIRECTION('',(0.E0,-1.E0,0.E0));
#5449=DIRECTION('',(1.E0,0.E0,0.E0));
#5450=AXIS2_PLACEMENT_3D('',#5447,#5448,#5449);
#5451=PLANE('',#5450);
#5452=ORIENTED_EDGE('',*,*,#5438,.F.);
#5453=ORIENTED_EDGE('',*,*,#5300,.T.);
#5455=ORIENTED_EDGE('',*,*,#5454,.T.);
#5456=ORIENTED_EDGE('',*,*,#5365,.F.);
#5457=EDGE_LOOP('',(#5452,#5453,#5455,#5456));
#5458=FACE_OUTER_BOUND('',#5457,.F.);
#5459=ADVANCED_FACE('',(#5458),#5451,.T.);
#5460=CARTESIAN_POINT('',(2.143679178057E0,-3.571930063851E0,6.592421656284E0));
#5461=DIRECTION('',(1.E0,0.E0,0.E0));
#5462=DIRECTION('',(0.E0,1.E0,0.E0));
#5463=AXIS2_PLACEMENT_3D('',#5460,#5461,#5462);
#5464=PLANE('',#5463);
#5466=ORIENTED_EDGE('',*,*,#5465,.T.);
#5467=ORIENTED_EDGE('',*,*,#5367,.F.);
#5468=ORIENTED_EDGE('',*,*,#5454,.F.);
#5469=ORIENTED_EDGE('',*,*,#5298,.T.);
#5470=EDGE_LOOP('',(#5466,#5467,#5468,#5469));
#5471=FACE_OUTER_BOUND('',#5470,.F.);
#5472=ADVANCED_FACE('',(#5471),#5464,.T.);
#5473=CARTESIAN_POINT('',(5.143510101731E0,-3.571930063851E0,6.592421656284E0));
#5474=DIRECTION('',(0.E0,1.E0,0.E0));
#5475=DIRECTION('',(-1.E0,0.E0,0.E0));
#5476=AXIS2_PLACEMENT_3D('',#5473,#5474,#5475);
#5477=PLANE('',#5476);
#5478=ORIENTED_EDGE('',*,*,#5441,.T.);
#5479=ORIENTED_EDGE('',*,*,#5369,.F.);
#5480=ORIENTED_EDGE('',*,*,#5465,.F.);
#5481=ORIENTED_EDGE('',*,*,#5296,.T.);
#5482=EDGE_LOOP('',(#5478,#5479,#5480,#5481));
#5483=FACE_OUTER_BOUND('',#5482,.F.);
#5484=ADVANCED_FACE('',(#5483),#5477,.T.);
#5485=CARTESIAN_POINT('',(-5.143510101731E0,-2.072014602014E0,
6.592421656284E0));
#5486=DIRECTION('',(0.E0,-1.E0,0.E0));
#5487=DIRECTION('',(1.E0,0.E0,0.E0));
#5488=AXIS2_PLACEMENT_3D('',#5485,#5486,#5487);
#5489=PLANE('',#5488);
#5491=ORIENTED_EDGE('',*,*,#5490,.T.);
#5492=ORIENTED_EDGE('',*,*,#5373,.F.);
#5494=ORIENTED_EDGE('',*,*,#5493,.F.);
#5495=ORIENTED_EDGE('',*,*,#5304,.T.);
#5496=EDGE_LOOP('',(#5491,#5492,#5494,#5495));
#5497=FACE_OUTER_BOUND('',#5496,.F.);
#5498=ADVANCED_FACE('',(#5497),#5489,.T.);
#5499=CARTESIAN_POINT('',(-5.143510101731E0,-3.571930063851E0,
6.592421656284E0));
#5500=DIRECTION('',(1.E0,0.E0,0.E0));
#5501=DIRECTION('',(0.E0,1.E0,0.E0));
#5502=AXIS2_PLACEMENT_3D('',#5499,#5500,#5501);
#5503=PLANE('',#5502);
#5504=ORIENTED_EDGE('',*,*,#5490,.F.);
#5505=ORIENTED_EDGE('',*,*,#5310,.T.);
#5507=ORIENTED_EDGE('',*,*,#5506,.T.);
#5508=ORIENTED_EDGE('',*,*,#5375,.F.);
#5509=EDGE_LOOP('',(#5504,#5505,#5507,#5508));
#5510=FACE_OUTER_BOUND('',#5509,.F.);
#5511=ADVANCED_FACE('',(#5510),#5503,.T.);
#5512=CARTESIAN_POINT('',(-2.143679178057E0,-3.571930063851E0,
6.592421656284E0));
#5513=DIRECTION('',(0.E0,1.E0,0.E0));
#5514=DIRECTION('',(-1.E0,0.E0,0.E0));
#5515=AXIS2_PLACEMENT_3D('',#5512,#5513,#5514);
#5516=PLANE('',#5515);
#5518=ORIENTED_EDGE('',*,*,#5517,.T.);
#5519=ORIENTED_EDGE('',*,*,#5377,.F.);
#5520=ORIENTED_EDGE('',*,*,#5506,.F.);
#5521=ORIENTED_EDGE('',*,*,#5308,.T.);
#5522=EDGE_LOOP('',(#5518,#5519,#5520,#5521));
#5523=FACE_OUTER_BOUND('',#5522,.F.);
#5524=ADVANCED_FACE('',(#5523),#5516,.T.);
#5525=CARTESIAN_POINT('',(-2.143679178057E0,-2.072014602014E0,
6.592421656284E0));
#5526=DIRECTION('',(-1.E0,0.E0,0.E0));
#5527=DIRECTION('',(0.E0,-1.E0,0.E0));
#5528=AXIS2_PLACEMENT_3D('',#5525,#5526,#5527);
#5529=PLANE('',#5528);
#5530=ORIENTED_EDGE('',*,*,#5493,.T.);
#5531=ORIENTED_EDGE('',*,*,#5379,.F.);
#5532=ORIENTED_EDGE('',*,*,#5517,.F.);
#5533=ORIENTED_EDGE('',*,*,#5306,.T.);
#5534=EDGE_LOOP('',(#5530,#5531,#5532,#5533));
#5535=FACE_OUTER_BOUND('',#5534,.F.);
#5536=ADVANCED_FACE('',(#5535),#5529,.T.);
#5537=CARTESIAN_POINT('',(6.499633667960E0,-5.873781048474E0,
2.927767165690E-1));
#5538=DIRECTION('',(1.E0,0.E0,0.E0));
#5539=DIRECTION('',(0.E0,0.E0,1.E0));
#5540=AXIS2_PLACEMENT_3D('',#5537,#5538,#5539);
#5541=CYLINDRICAL_SURFACE('',#5540,2.999830923670E-1);
#5542=ORIENTED_EDGE('',*,*,#5196,.F.);
#5543=ORIENTED_EDGE('',*,*,#5086,.F.);
#5544=ORIENTED_EDGE('',*,*,#4675,.F.);
#5545=ORIENTED_EDGE('',*,*,#4912,.F.);
#5546=EDGE_LOOP('',(#5542,#5543,#5544,#5545));
#5547=FACE_OUTER_BOUND('',#5546,.F.);
#5548=ADVANCED_FACE('',(#5547),#5541,.T.);
#5549=CARTESIAN_POINT('',(-3.249816833980E0,-6.173764140841E0,
5.392489286814E0));
#5550=DIRECTION('',(-1.E0,0.E0,0.E0));
#5551=DIRECTION('',(0.E0,0.E0,-1.E0));
#5552=AXIS2_PLACEMENT_3D('',#5549,#5550,#5551);
#5553=PLANE('',#5552);
#5554=ORIENTED_EDGE('',*,*,#5201,.T.);
#5556=ORIENTED_EDGE('',*,*,#5555,.F.);
#5557=ORIENTED_EDGE('',*,*,#5049,.F.);
#5559=ORIENTED_EDGE('',*,*,#5558,.T.);
#5560=EDGE_LOOP('',(#5554,#5556,#5557,#5559));
#5561=FACE_OUTER_BOUND('',#5560,.F.);
#5562=ADVANCED_FACE('',(#5561),#5553,.F.);
#5563=CARTESIAN_POINT('',(3.249816833980E0,-6.173764140841E0,5.392489286814E0));
#5564=DIRECTION('',(0.E0,0.E0,1.E0));
#5565=DIRECTION('',(-1.E0,0.E0,0.E0));
#5566=AXIS2_PLACEMENT_3D('',#5563,#5564,#5565);
#5567=PLANE('',#5566);
#5568=ORIENTED_EDGE('',*,*,#5207,.T.);
#5570=ORIENTED_EDGE('',*,*,#5569,.F.);
#5571=ORIENTED_EDGE('',*,*,#5051,.F.);
#5572=ORIENTED_EDGE('',*,*,#5555,.T.);
#5573=EDGE_LOOP('',(#5568,#5570,#5571,#5572));
#5574=FACE_OUTER_BOUND('',#5573,.F.);
#5575=ADVANCED_FACE('',(#5574),#5567,.F.);
#5576=CARTESIAN_POINT('',(3.249816833980E0,-6.173764140841E0,1.192725993671E0));
#5577=DIRECTION('',(1.E0,0.E0,0.E0));
#5578=DIRECTION('',(0.E0,0.E0,1.E0));
#5579=AXIS2_PLACEMENT_3D('',#5576,#5577,#5578);
#5580=PLANE('',#5579);
#5581=ORIENTED_EDGE('',*,*,#5205,.T.);
#5583=ORIENTED_EDGE('',*,*,#5582,.F.);
#5584=ORIENTED_EDGE('',*,*,#5053,.F.);
#5585=ORIENTED_EDGE('',*,*,#5569,.T.);
#5586=EDGE_LOOP('',(#5581,#5583,#5584,#5585));
#5587=FACE_OUTER_BOUND('',#5586,.F.);
#5588=ADVANCED_FACE('',(#5587),#5580,.F.);
#5589=CARTESIAN_POINT('',(-3.249816833980E0,-6.173764140841E0,
1.192725993671E0));
#5590=DIRECTION('',(0.E0,0.E0,-1.E0));
#5591=DIRECTION('',(1.E0,0.E0,0.E0));
#5592=AXIS2_PLACEMENT_3D('',#5589,#5590,#5591);
#5593=PLANE('',#5592);
#5594=ORIENTED_EDGE('',*,*,#5203,.T.);
#5595=ORIENTED_EDGE('',*,*,#5558,.F.);
#5596=ORIENTED_EDGE('',*,*,#5055,.F.);
#5597=ORIENTED_EDGE('',*,*,#5582,.T.);
#5598=EDGE_LOOP('',(#5594,#5595,#5596,#5597));
#5599=FACE_OUTER_BOUND('',#5598,.F.);
#5600=ADVANCED_FACE('',(#5599),#5593,.F.);
#5601=CARTESIAN_POINT('',(6.549630850022E0,-2.898948715831E0,
2.427795345070E-1));
#5602=DIRECTION('',(1.E0,0.E0,0.E0));
#5603=DIRECTION('',(0.E0,0.E0,1.E0));
#5604=AXIS2_PLACEMENT_3D('',#5601,#5602,#5603);
#5605=PLANE('',#5604);
#5607=ORIENTED_EDGE('',*,*,#5606,.T.);
#5609=ORIENTED_EDGE('',*,*,#5608,.F.);
#5610=ORIENTED_EDGE('',*,*,#5153,.F.);
#5611=ORIENTED_EDGE('',*,*,#5035,.T.);
#5612=ORIENTED_EDGE('',*,*,#5104,.F.);
#5614=ORIENTED_EDGE('',*,*,#5613,.F.);
#5615=EDGE_LOOP('',(#5607,#5609,#5610,#5611,#5612,#5614));
#5616=FACE_OUTER_BOUND('',#5615,.F.);
#5617=ADVANCED_FACE('',(#5616),#5605,.F.);
#5618=CARTESIAN_POINT('',(-2.327709505554E1,-4.593853187706E0,
-2.182083795462E0));
#5619=DIRECTION('',(1.E0,0.E0,0.E0));
#5620=DIRECTION('',(0.E0,1.E0,0.E0));
#5621=AXIS2_PLACEMENT_3D('',#5618,#5619,#5620);
#5622=CYLINDRICAL_SURFACE('',#5621,6.249647757650E-1);
#5624=ORIENTED_EDGE('',*,*,#5623,.F.);
#5625=ORIENTED_EDGE('',*,*,#5136,.F.);
#5627=ORIENTED_EDGE('',*,*,#5626,.F.);
#5628=ORIENTED_EDGE('',*,*,#5606,.F.);
#5629=EDGE_LOOP('',(#5624,#5625,#5627,#5628));
#5630=FACE_OUTER_BOUND('',#5629,.F.);
#5631=ADVANCED_FACE('',(#5630),#5622,.T.);
#5632=CARTESIAN_POINT('',(6.749619578267E0,-5.218817963472E0,
3.927710806910E-1));
#5633=DIRECTION('',(0.E0,-1.E0,0.E0));
#5634=DIRECTION('',(0.E0,0.E0,-1.E0));
#5635=AXIS2_PLACEMENT_3D('',#5632,#5633,#5634);
#5636=PLANE('',#5635);
#5637=ORIENTED_EDGE('',*,*,#5623,.T.);
#5638=ORIENTED_EDGE('',*,*,#5613,.T.);
#5639=ORIENTED_EDGE('',*,*,#5102,.T.);
#5640=ORIENTED_EDGE('',*,*,#5138,.F.);
#5641=EDGE_LOOP('',(#5637,#5638,#5639,#5640));
#5642=FACE_OUTER_BOUND('',#5641,.F.);
#5643=ADVANCED_FACE('',(#5642),#5636,.T.);
#5644=CARTESIAN_POINT('',(6.749619578267E0,-3.968888411941E0,
-2.807048571228E0));
#5645=DIRECTION('',(0.E0,1.E0,0.E0));
#5646=DIRECTION('',(0.E0,0.E0,1.E0));
#5647=AXIS2_PLACEMENT_3D('',#5644,#5645,#5646);
#5648=PLANE('',#5647);
#5649=ORIENTED_EDGE('',*,*,#5626,.T.);
#5650=ORIENTED_EDGE('',*,*,#5134,.F.);
#5651=ORIENTED_EDGE('',*,*,#5155,.F.);
#5652=ORIENTED_EDGE('',*,*,#5608,.T.);
#5653=EDGE_LOOP('',(#5649,#5650,#5651,#5652));
#5654=FACE_OUTER_BOUND('',#5653,.F.);
#5655=ADVANCED_FACE('',(#5654),#5648,.T.);
#5656=CARTESIAN_POINT('',(6.499633667960E0,-8.740628423510E-1,
-7.206375798770E-3));
#5657=DIRECTION('',(0.E0,1.E0,0.E0));
#5658=DIRECTION('',(0.E0,0.E0,1.E0));
#5659=AXIS2_PLACEMENT_3D('',#5656,#5657,#5658);
#5660=PLANE('',#5659);
#5661=ORIENTED_EDGE('',*,*,#4814,.T.);
#5662=ORIENTED_EDGE('',*,*,#4679,.T.);
#5663=ORIENTED_EDGE('',*,*,#5083,.F.);
#5664=ORIENTED_EDGE('',*,*,#4844,.F.);
#5665=EDGE_LOOP('',(#5661,#5662,#5663,#5664));
#5666=FACE_OUTER_BOUND('',#5665,.F.);
#5667=ADVANCED_FACE('',(#5666),#5660,.T.);
#5668=CARTESIAN_POINT('',(5.143510101731E0,-2.072014602014E0,
-7.206375798770E-3));
#5669=DIRECTION('',(1.E0,0.E0,0.E0));
#5670=DIRECTION('',(0.E0,-1.E0,0.E0));
#5671=AXIS2_PLACEMENT_3D('',#5668,#5669,#5670);
#5672=PLANE('',#5671);
#5673=ORIENTED_EDGE('',*,*,#4693,.T.);
#5675=ORIENTED_EDGE('',*,*,#5674,.F.);
#5676=ORIENTED_EDGE('',*,*,#4856,.F.);
#5678=ORIENTED_EDGE('',*,*,#5677,.T.);
#5679=EDGE_LOOP('',(#5673,#5675,#5676,#5678));
#5680=FACE_OUTER_BOUND('',#5679,.F.);
#5681=ADVANCED_FACE('',(#5680),#5672,.F.);
#5682=CARTESIAN_POINT('',(2.143679178057E0,-2.072014602014E0,
-7.206375798770E-3));
#5683=DIRECTION('',(0.E0,1.E0,0.E0));
#5684=DIRECTION('',(1.E0,0.E0,0.E0));
#5685=AXIS2_PLACEMENT_3D('',#5682,#5683,#5684);
#5686=PLANE('',#5685);
#5687=ORIENTED_EDGE('',*,*,#4699,.T.);
#5689=ORIENTED_EDGE('',*,*,#5688,.F.);
#5690=ORIENTED_EDGE('',*,*,#4858,.F.);
#5691=ORIENTED_EDGE('',*,*,#5674,.T.);
#5692=EDGE_LOOP('',(#5687,#5689,#5690,#5691));
#5693=FACE_OUTER_BOUND('',#5692,.F.);
#5694=ADVANCED_FACE('',(#5693),#5686,.F.);
#5695=CARTESIAN_POINT('',(2.143679178057E0,-3.571930063851E0,
-7.206375798770E-3));
#5696=DIRECTION('',(-1.E0,0.E0,0.E0));
#5697=DIRECTION('',(0.E0,1.E0,0.E0));
#5698=AXIS2_PLACEMENT_3D('',#5695,#5696,#5697);
#5699=PLANE('',#5698);
#5700=ORIENTED_EDGE('',*,*,#4697,.T.);
#5702=ORIENTED_EDGE('',*,*,#5701,.F.);
#5703=ORIENTED_EDGE('',*,*,#4860,.F.);
#5704=ORIENTED_EDGE('',*,*,#5688,.T.);
#5705=EDGE_LOOP('',(#5700,#5702,#5703,#5704));
#5706=FACE_OUTER_BOUND('',#5705,.F.);
#5707=ADVANCED_FACE('',(#5706),#5699,.F.);
#5708=CARTESIAN_POINT('',(5.143510101731E0,-3.571930063851E0,
-7.206375798770E-3));
#5709=DIRECTION('',(0.E0,-1.E0,0.E0));
#5710=DIRECTION('',(-1.E0,0.E0,0.E0));
#5711=AXIS2_PLACEMENT_3D('',#5708,#5709,#5710);
#5712=PLANE('',#5711);
#5713=ORIENTED_EDGE('',*,*,#4695,.T.);
#5714=ORIENTED_EDGE('',*,*,#5677,.F.);
#5715=ORIENTED_EDGE('',*,*,#4862,.F.);
#5716=ORIENTED_EDGE('',*,*,#5701,.T.);
#5717=EDGE_LOOP('',(#5713,#5714,#5715,#5716));
#5718=FACE_OUTER_BOUND('',#5717,.F.);
#5719=ADVANCED_FACE('',(#5718),#5712,.F.);
#5720=CARTESIAN_POINT('',(-5.143510101731E0,-2.072014602014E0,
-7.206375798770E-3));
#5721=DIRECTION('',(0.E0,1.E0,0.E0));
#5722=DIRECTION('',(1.E0,0.E0,0.E0));
#5723=AXIS2_PLACEMENT_3D('',#5720,#5721,#5722);
#5724=PLANE('',#5723);
#5725=ORIENTED_EDGE('',*,*,#4683,.T.);
#5727=ORIENTED_EDGE('',*,*,#5726,.F.);
#5728=ORIENTED_EDGE('',*,*,#4866,.F.);
#5730=ORIENTED_EDGE('',*,*,#5729,.T.);
#5731=EDGE_LOOP('',(#5725,#5727,#5728,#5730));
#5732=FACE_OUTER_BOUND('',#5731,.F.);
#5733=ADVANCED_FACE('',(#5732),#5724,.F.);
#5734=CARTESIAN_POINT('',(-5.143510101731E0,-3.571930063851E0,
-7.206375798770E-3));
#5735=DIRECTION('',(-1.E0,0.E0,0.E0));
#5736=DIRECTION('',(0.E0,1.E0,0.E0));
#5737=AXIS2_PLACEMENT_3D('',#5734,#5735,#5736);
#5738=PLANE('',#5737);
#5739=ORIENTED_EDGE('',*,*,#4689,.T.);
#5741=ORIENTED_EDGE('',*,*,#5740,.F.);
#5742=ORIENTED_EDGE('',*,*,#4868,.F.);
#5743=ORIENTED_EDGE('',*,*,#5726,.T.);
#5744=EDGE_LOOP('',(#5739,#5741,#5742,#5743));
#5745=FACE_OUTER_BOUND('',#5744,.F.);
#5746=ADVANCED_FACE('',(#5745),#5738,.F.);
#5747=CARTESIAN_POINT('',(-2.143679178057E0,-3.571930063851E0,
-7.206375798770E-3));
#5748=DIRECTION('',(0.E0,-1.E0,0.E0));
#5749=DIRECTION('',(-1.E0,0.E0,0.E0));
#5750=AXIS2_PLACEMENT_3D('',#5747,#5748,#5749);
#5751=PLANE('',#5750);
#5752=ORIENTED_EDGE('',*,*,#4687,.T.);
#5754=ORIENTED_EDGE('',*,*,#5753,.F.);
#5755=ORIENTED_EDGE('',*,*,#4870,.F.);
#5756=ORIENTED_EDGE('',*,*,#5740,.T.);
#5757=EDGE_LOOP('',(#5752,#5754,#5755,#5756));
#5758=FACE_OUTER_BOUND('',#5757,.F.);
#5759=ADVANCED_FACE('',(#5758),#5751,.F.);
#5760=CARTESIAN_POINT('',(-2.143679178057E0,-2.072014602014E0,
-7.206375798770E-3));
#5761=DIRECTION('',(1.E0,0.E0,0.E0));
#5762=DIRECTION('',(0.E0,-1.E0,0.E0));
#5763=AXIS2_PLACEMENT_3D('',#5760,#5761,#5762);
#5764=PLANE('',#5763);
#5765=ORIENTED_EDGE('',*,*,#4685,.T.);
#5766=ORIENTED_EDGE('',*,*,#5729,.F.);
#5767=ORIENTED_EDGE('',*,*,#4872,.F.);
#5768=ORIENTED_EDGE('',*,*,#5753,.T.);
#5769=EDGE_LOOP('',(#5765,#5766,#5767,#5768));
#5770=FACE_OUTER_BOUND('',#5769,.F.);
#5771=ADVANCED_FACE('',(#5770),#5764,.F.);
#5772=CARTESIAN_POINT('',(1.194958528193E0,-4.256101317442E0,
-7.206375798770E-3));
#5773=DIRECTION('',(8.277375024902E-1,-5.611155201661E-1,0.E0));
#5774=DIRECTION('',(-5.611155201661E-1,-8.277375024902E-1,0.E0));
#5775=AXIS2_PLACEMENT_3D('',#5772,#5773,#5774);
#5776=PLANE('',#5775);
#5777=ORIENTED_EDGE('',*,*,#4703,.F.);
#5779=ORIENTED_EDGE('',*,*,#5778,.T.);
#5781=ORIENTED_EDGE('',*,*,#5780,.T.);
#5783=ORIENTED_EDGE('',*,*,#5782,.F.);
#5784=EDGE_LOOP('',(#5777,#5779,#5781,#5783));
#5785=FACE_OUTER_BOUND('',#5784,.F.);
#5786=ADVANCED_FACE('',(#5785),#5776,.T.);
#5787=CARTESIAN_POINT('',(1.024557399439E0,-4.256101317442E0,
-7.206375798770E-3));
#5788=DIRECTION('',(0.E0,1.E0,0.E0));
#5789=DIRECTION('',(1.E0,0.E0,0.E0));
#5790=AXIS2_PLACEMENT_3D('',#5787,#5788,#5789);
#5791=PLANE('',#5790);
#5792=ORIENTED_EDGE('',*,*,#4801,.F.);
#5794=ORIENTED_EDGE('',*,*,#5793,.T.);
#5796=ORIENTED_EDGE('',*,*,#5795,.T.);
#5797=ORIENTED_EDGE('',*,*,#5778,.F.);
#5798=EDGE_LOOP('',(#5792,#5794,#5796,#5797));
#5799=FACE_OUTER_BOUND('',#5798,.F.);
#5800=ADVANCED_FACE('',(#5799),#5791,.T.);
#5801=CARTESIAN_POINT('',(8.495084006031E-1,-4.515389089595E0,
-7.206375798770E-3));
#5802=DIRECTION('',(-8.288045703653E-1,5.595381882782E-1,0.E0));
#5803=DIRECTION('',(5.595381882782E-1,8.288045703653E-1,0.E0));
#5804=AXIS2_PLACEMENT_3D('',#5801,#5802,#5803);
#5805=PLANE('',#5804);
#5806=ORIENTED_EDGE('',*,*,#4799,.F.);
#5808=ORIENTED_EDGE('',*,*,#5807,.T.);
#5810=ORIENTED_EDGE('',*,*,#5809,.T.);
#5811=ORIENTED_EDGE('',*,*,#5793,.F.);
#5812=EDGE_LOOP('',(#5806,#5808,#5810,#5811));
#5813=FACE_OUTER_BOUND('',#5812,.F.);
#5814=ADVANCED_FACE('',(#5813),#5805,.T.);
#5815=CARTESIAN_POINT('',(6.383632930975E-1,-4.256101317442E0,
-7.206375798770E-3));
#5816=DIRECTION('',(7.754200767484E-1,6.314457257560E-1,0.E0));
#5817=DIRECTION('',(6.314457257560E-1,-7.754200767484E-1,0.E0));
#5818=AXIS2_PLACEMENT_3D('',#5815,#5816,#5817);
#5819=PLANE('',#5818);
#5820=ORIENTED_EDGE('',*,*,#4797,.F.);
#5822=ORIENTED_EDGE('',*,*,#5821,.T.);
#5824=ORIENTED_EDGE('',*,*,#5823,.T.);
#5825=ORIENTED_EDGE('',*,*,#5807,.F.);
#5826=EDGE_LOOP('',(#5820,#5822,#5824,#5825));
#5827=FACE_OUTER_BOUND('',#5826,.F.);
#5828=ADVANCED_FACE('',(#5827),#5819,.T.);
#5829=CARTESIAN_POINT('',(1.171328472147E-1,-4.256101317442E0,
-7.206375798770E-3));
#5830=DIRECTION('',(0.E0,1.E0,0.E0));
#5831=DIRECTION('',(1.E0,0.E0,0.E0));
#5832=AXIS2_PLACEMENT_3D('',#5829,#5830,#5831);
#5833=PLANE('',#5832);
#5834=ORIENTED_EDGE('',*,*,#4795,.F.);
#5836=ORIENTED_EDGE('',*,*,#5835,.T.);
#5838=ORIENTED_EDGE('',*,*,#5837,.T.);
#5839=ORIENTED_EDGE('',*,*,#5821,.F.);
#5840=EDGE_LOOP('',(#5834,#5836,#5838,#5839));
#5841=FACE_OUTER_BOUND('',#5840,.F.);
#5842=ADVANCED_FACE('',(#5841),#5833,.T.);
#5843=CARTESIAN_POINT('',(1.522193372966E-1,-4.514658890124E0,
-7.206375798770E-3));
#5844=DIRECTION('',(-9.909178784859E-1,-1.344684278816E-1,0.E0));
#5845=DIRECTION('',(-1.344684278816E-1,9.909178784859E-1,0.E0));
#5846=AXIS2_PLACEMENT_3D('',#5843,#5844,#5845);
#5847=PLANE('',#5846);
#5848=ORIENTED_EDGE('',*,*,#4793,.F.);
#5850=ORIENTED_EDGE('',*,*,#5849,.T.);
#5852=ORIENTED_EDGE('',*,*,#5851,.T.);
#5853=ORIENTED_EDGE('',*,*,#5835,.F.);
#5854=EDGE_LOOP('',(#5848,#5850,#5852,#5853));
#5855=FACE_OUTER_BOUND('',#5854,.F.);
#5856=ADVANCED_FACE('',(#5855),#5847,.T.);
#5857=CARTESIAN_POINT('',(-1.497699822838E-1,-4.256101317442E0,
-7.206375798770E-3));
#5858=DIRECTION('',(6.503701587209E-1,7.596174409829E-1,0.E0));
#5859=DIRECTION('',(7.596174409829E-1,-6.503701587209E-1,0.E0));
#5860=AXIS2_PLACEMENT_3D('',#5857,#5858,#5859);
#5861=PLANE('',#5860);
#5862=ORIENTED_EDGE('',*,*,#4791,.F.);
#5864=ORIENTED_EDGE('',*,*,#5863,.T.);
#5866=ORIENTED_EDGE('',*,*,#5865,.T.);
#5867=ORIENTED_EDGE('',*,*,#5849,.F.);
#5868=EDGE_LOOP('',(#5862,#5864,#5866,#5867));
#5869=FACE_OUTER_BOUND('',#5868,.F.);
#5870=ADVANCED_FACE('',(#5869),#5861,.T.);
#5871=CARTESIAN_POINT('',(-3.671575006471E-1,-4.256101317442E0,
-7.206375798770E-3));
#5872=DIRECTION('',(0.E0,1.E0,0.E0));
#5873=DIRECTION('',(1.E0,0.E0,0.E0));
#5874=AXIS2_PLACEMENT_3D('',#5871,#5872,#5873);
#5875=PLANE('',#5874);
#5876=ORIENTED_EDGE('',*,*,#4789,.F.);
#5878=ORIENTED_EDGE('',*,*,#5877,.T.);
#5880=ORIENTED_EDGE('',*,*,#5879,.T.);
#5881=ORIENTED_EDGE('',*,*,#5863,.F.);
#5882=EDGE_LOOP('',(#5876,#5878,#5880,#5881));
#5883=FACE_OUTER_BOUND('',#5882,.F.);
#5884=ADVANCED_FACE('',(#5883),#5875,.T.);
#5885=CARTESIAN_POINT('',(-6.296233312129E-3,-4.559546329337E0,
-7.206375798770E-3));
#5886=DIRECTION('',(-6.435918497931E-1,-7.653688854924E-1,0.E0));
#5887=DIRECTION('',(-7.653688854924E-1,6.435918497931E-1,0.E0));
#5888=AXIS2_PLACEMENT_3D('',#5885,#5886,#5887);
#5889=PLANE('',#5888);
#5890=ORIENTED_EDGE('',*,*,#4787,.F.);
#5892=ORIENTED_EDGE('',*,*,#5891,.T.);
#5894=ORIENTED_EDGE('',*,*,#5893,.T.);
#5895=ORIENTED_EDGE('',*,*,#5877,.F.);
#5896=EDGE_LOOP('',(#5890,#5892,#5894,#5895));
#5897=FACE_OUTER_BOUND('',#5896,.F.);
#5898=ADVANCED_FACE('',(#5897),#5889,.T.);
#5899=CARTESIAN_POINT('',(-2.423848809158E-1,-5.045039154521E0,
-7.206375798770E-3));
#5900=DIRECTION('',(-8.993057970302E-1,4.373203441733E-1,0.E0));
#5901=DIRECTION('',(4.373203441733E-1,8.993057970302E-1,0.E0));
#5902=AXIS2_PLACEMENT_3D('',#5899,#5900,#5901);
#5903=PLANE('',#5902);
#5904=ORIENTED_EDGE('',*,*,#4785,.F.);
#5906=ORIENTED_EDGE('',*,*,#5905,.T.);
#5908=ORIENTED_EDGE('',*,*,#5907,.T.);
#5909=ORIENTED_EDGE('',*,*,#5891,.F.);
#5910=EDGE_LOOP('',(#5904,#5906,#5908,#5909));
#5911=FACE_OUTER_BOUND('',#5910,.F.);
#5912=ADVANCED_FACE('',(#5911),#5903,.T.);
#5913=CARTESIAN_POINT('',(-3.529088364132E-1,-5.045039154521E0,
-7.206375798770E-3));
#5914=DIRECTION('',(0.E0,1.E0,0.E0));
#5915=DIRECTION('',(1.E0,0.E0,0.E0));
#5916=AXIS2_PLACEMENT_3D('',#5913,#5914,#5915);
#5917=PLANE('',#5916);
#5918=ORIENTED_EDGE('',*,*,#4783,.F.);
#5920=ORIENTED_EDGE('',*,*,#5919,.T.);
#5922=ORIENTED_EDGE('',*,*,#5921,.T.);
#5923=ORIENTED_EDGE('',*,*,#5905,.F.);
#5924=EDGE_LOOP('',(#5918,#5920,#5922,#5923));
#5925=FACE_OUTER_BOUND('',#5924,.F.);
#5926=ADVANCED_FACE('',(#5925),#5917,.T.);
#5927=CARTESIAN_POINT('',(-4.641073888514E-1,-4.256101317442E0,
-7.206375798770E-3));
#5928=DIRECTION('',(9.902125381671E-1,1.395676511827E-1,0.E0));
#5929=DIRECTION('',(1.395676511827E-1,-9.902125381671E-1,0.E0));
#5930=AXIS2_PLACEMENT_3D('',#5927,#5928,#5929);
#5931=PLANE('',#5930);
#5932=ORIENTED_EDGE('',*,*,#4781,.F.);
#5934=ORIENTED_EDGE('',*,*,#5933,.T.);
#5936=ORIENTED_EDGE('',*,*,#5935,.T.);
#5937=ORIENTED_EDGE('',*,*,#5919,.F.);
#5938=EDGE_LOOP('',(#5932,#5934,#5936,#5937));
#5939=FACE_OUTER_BOUND('',#5938,.F.);
#5940=ADVANCED_FACE('',(#5939),#5931,.T.);
#5941=CARTESIAN_POINT('',(-6.045169486679E-1,-4.256101317442E0,
-7.206375798770E-3));
#5942=DIRECTION('',(0.E0,1.E0,0.E0));
#5943=DIRECTION('',(1.E0,0.E0,0.E0));
#5944=AXIS2_PLACEMENT_3D('',#5941,#5942,#5943);
#5945=PLANE('',#5944);
#5946=ORIENTED_EDGE('',*,*,#4779,.F.);
#5948=ORIENTED_EDGE('',*,*,#5947,.T.);
#5950=ORIENTED_EDGE('',*,*,#5949,.T.);
#5951=ORIENTED_EDGE('',*,*,#5933,.F.);
#5952=EDGE_LOOP('',(#5946,#5948,#5950,#5951));
#5953=FACE_OUTER_BOUND('',#5952,.F.);
#5954=ADVANCED_FACE('',(#5953),#5945,.T.);
#5955=CARTESIAN_POINT('',(-5.091610330860E-1,-4.936544218122E0,
-7.206375798770E-3));
#5956=DIRECTION('',(-9.903229706891E-1,-1.387818926428E-1,0.E0));
#5957=DIRECTION('',(-1.387818926428E-1,9.903229706891E-1,0.E0));
#5958=AXIS2_PLACEMENT_3D('',#5955,#5956,#5957);
#5959=PLANE('',#5958);
#5960=ORIENTED_EDGE('',*,*,#4777,.F.);
#5962=ORIENTED_EDGE('',*,*,#5961,.T.);
#5964=ORIENTED_EDGE('',*,*,#5963,.T.);
#5965=ORIENTED_EDGE('',*,*,#5947,.F.);
#5966=EDGE_LOOP('',(#5960,#5962,#5964,#5965));
#5967=FACE_OUTER_BOUND('',#5966,.F.);
#5968=ADVANCED_FACE('',(#5967),#5959,.T.);
#5969=CARTESIAN_POINT('',(-9.003472586891E-1,-4.936544218122E0,
-7.206375798770E-3));
#5970=DIRECTION('',(0.E0,1.E0,0.E0));
#5971=DIRECTION('',(1.E0,0.E0,0.E0));
#5972=AXIS2_PLACEMENT_3D('',#5969,#5970,#5971);
#5973=PLANE('',#5972);
#5974=ORIENTED_EDGE('',*,*,#4775,.F.);
#5976=ORIENTED_EDGE('',*,*,#5975,.T.);
#5978=ORIENTED_EDGE('',*,*,#5977,.T.);
#5979=ORIENTED_EDGE('',*,*,#5961,.F.);
#5980=EDGE_LOOP('',(#5974,#5976,#5978,#5979));
#5981=FACE_OUTER_BOUND('',#5980,.F.);
#5982=ADVANCED_FACE('',(#5981),#5973,.T.);
#5983=CARTESIAN_POINT('',(-9.243079884149E-1,-4.758026368833E0,
-7.206375798770E-3));
#5984=DIRECTION('',(9.911123529331E-1,1.330274552994E-1,0.E0));
#5985=DIRECTION('',(1.330274552994E-1,-9.911123529331E-1,0.E0));
#5986=AXIS2_PLACEMENT_3D('',#5983,#5984,#5985);
#5987=PLANE('',#5986);
#5988=ORIENTED_EDGE('',*,*,#4773,.F.);
#5990=ORIENTED_EDGE('',*,*,#5989,.T.);
#5992=ORIENTED_EDGE('',*,*,#5991,.T.);
#5993=ORIENTED_EDGE('',*,*,#5975,.F.);
#5994=EDGE_LOOP('',(#5988,#5990,#5992,#5993));
#5995=FACE_OUTER_BOUND('',#5994,.F.);
#5996=ADVANCED_FACE('',(#5995),#5987,.T.);
#5997=CARTESIAN_POINT('',(-8.937233069118E-1,-4.753921281918E0,
-7.206375798770E-3));
#5998=DIRECTION('',(0.E0,0.E0,-1.E0));
#5999=DIRECTION('',(-1.E0,0.E0,0.E0));
#6000=AXIS2_PLACEMENT_3D('',#5997,#5998,#5999);
#6001=CYLINDRICAL_SURFACE('',#6000,3.085894491429E-2);
#6002=ORIENTED_EDGE('',*,*,#4771,.T.);
#6004=ORIENTED_EDGE('',*,*,#6003,.T.);
#6006=ORIENTED_EDGE('',*,*,#6005,.T.);
#6007=ORIENTED_EDGE('',*,*,#5989,.F.);
#6008=EDGE_LOOP('',(#6002,#6004,#6006,#6007));
#6009=FACE_OUTER_BOUND('',#6008,.F.);
#6010=ADVANCED_FACE('',(#6009),#6001,.F.);
#6011=CARTESIAN_POINT('',(-6.900301547645E-1,-4.723062337003E0,
-7.206375798770E-3));
#6012=DIRECTION('',(0.E0,-1.E0,0.E0));
#6013=DIRECTION('',(-1.E0,0.E0,0.E0));
#6014=AXIS2_PLACEMENT_3D('',#6011,#6012,#6013);
#6015=PLANE('',#6014);
#6016=ORIENTED_EDGE('',*,*,#4769,.F.);
#6018=ORIENTED_EDGE('',*,*,#6017,.T.);
#6020=ORIENTED_EDGE('',*,*,#6019,.T.);
#6021=ORIENTED_EDGE('',*,*,#6003,.F.);
#6022=EDGE_LOOP('',(#6016,#6018,#6020,#6021));
#6023=FACE_OUTER_BOUND('',#6022,.F.);
#6024=ADVANCED_FACE('',(#6023),#6015,.T.);
#6025=CARTESIAN_POINT('',(-7.086876949848E-1,-4.582830985092E0,
-7.206375798770E-3));
#6026=DIRECTION('',(9.912648787939E-1,1.318860874763E-1,0.E0));
#6027=DIRECTION('',(1.318860874763E-1,-9.912648787939E-1,0.E0));
#6028=AXIS2_PLACEMENT_3D('',#6025,#6026,#6027);
#6029=PLANE('',#6028);
#6030=ORIENTED_EDGE('',*,*,#4767,.F.);
#6032=ORIENTED_EDGE('',*,*,#6031,.T.);
#6034=ORIENTED_EDGE('',*,*,#6033,.T.);
#6035=ORIENTED_EDGE('',*,*,#6017,.F.);
#6036=EDGE_LOOP('',(#6030,#6032,#6034,#6035));
#6037=FACE_OUTER_BOUND('',#6036,.F.);
#6038=ADVANCED_FACE('',(#6037),#6029,.T.);
#6039=CARTESIAN_POINT('',(-9.137453781268E-1,-4.582830985092E0,
-7.206375798770E-3));
#6040=DIRECTION('',(0.E0,1.E0,0.E0));
#6041=DIRECTION('',(1.E0,0.E0,0.E0));
#6042=AXIS2_PLACEMENT_3D('',#6039,#6040,#6041);
#6043=PLANE('',#6042);
#6044=ORIENTED_EDGE('',*,*,#4765,.F.);
#6046=ORIENTED_EDGE('',*,*,#6045,.T.);
#6048=ORIENTED_EDGE('',*,*,#6047,.T.);
#6049=ORIENTED_EDGE('',*,*,#6031,.F.);
#6050=EDGE_LOOP('',(#6044,#6046,#6048,#6049));
#6051=FACE_OUTER_BOUND('',#6050,.F.);
#6052=ADVANCED_FACE('',(#6051),#6043,.T.);
#6053=CARTESIAN_POINT('',(-9.137453781268E-1,-4.541685725206E0,
-7.206375798770E-3));
#6054=DIRECTION('',(0.E0,0.E0,-1.E0));
#6055=DIRECTION('',(-1.E0,0.E0,0.E0));
#6056=AXIS2_PLACEMENT_3D('',#6053,#6054,#6055);
#6057=CYLINDRICAL_SURFACE('',#6056,4.114525988571E-2);
#6058=ORIENTED_EDGE('',*,*,#4763,.T.);
#6060=ORIENTED_EDGE('',*,*,#6059,.T.);
#6062=ORIENTED_EDGE('',*,*,#6061,.T.);
#6063=ORIENTED_EDGE('',*,*,#6045,.F.);
#6064=EDGE_LOOP('',(#6058,#6060,#6062,#6063));
#6065=FACE_OUTER_BOUND('',#6064,.F.);
#6066=ADVANCED_FACE('',(#6065),#6057,.F.);
#6067=CARTESIAN_POINT('',(-9.745114615013E-1,-4.400532681481E0,
-7.206375798770E-3));
#6068=DIRECTION('',(9.908374952896E-1,1.350594607138E-1,0.E0));
#6069=DIRECTION('',(1.350594607138E-1,-9.908374952896E-1,0.E0));
#6070=AXIS2_PLACEMENT_3D('',#6067,#6068,#6069);
#6071=PLANE('',#6070);
#6072=ORIENTED_EDGE('',*,*,#4761,.F.);
#6074=ORIENTED_EDGE('',*,*,#6073,.T.);
#6076=ORIENTED_EDGE('',*,*,#6075,.T.);
#6077=ORIENTED_EDGE('',*,*,#6059,.F.);
#6078=EDGE_LOOP('',(#6072,#6074,#6076,#6077));
#6079=FACE_OUTER_BOUND('',#6078,.F.);
#6080=ADVANCED_FACE('',(#6079),#6071,.T.);
#6081=CARTESIAN_POINT('',(-9.615736603545E-1,-4.400532681481E0,
-7.206375798770E-3));
#6082=DIRECTION('',(0.E0,-1.E0,0.E0));
#6083=DIRECTION('',(-1.E0,0.E0,0.E0));
#6084=AXIS2_PLACEMENT_3D('',#6081,#6082,#6083);
#6085=PLANE('',#6084);
#6086=ORIENTED_EDGE('',*,*,#4759,.F.);
#6088=ORIENTED_EDGE('',*,*,#6087,.T.);
#6090=ORIENTED_EDGE('',*,*,#6089,.T.);
#6091=ORIENTED_EDGE('',*,*,#6073,.F.);
#6092=EDGE_LOOP('',(#6086,#6088,#6090,#6091));
#6093=FACE_OUTER_BOUND('',#6092,.F.);
#6094=ADVANCED_FACE('',(#6093),#6085,.T.);
#6095=CARTESIAN_POINT('',(-9.446549860827E-1,-4.461520776464E0,
-7.206375798770E-3));
#6096=DIRECTION('',(-9.636093794238E-1,-2.673143540600E-1,0.E0));
#6097=DIRECTION('',(-2.673143540600E-1,9.636093794238E-1,0.E0));
#6098=AXIS2_PLACEMENT_3D('',#6095,#6096,#6097);
#6099=PLANE('',#6098);
#6100=ORIENTED_EDGE('',*,*,#4757,.F.);
#6102=ORIENTED_EDGE('',*,*,#6101,.T.);
#6104=ORIENTED_EDGE('',*,*,#6103,.T.);
#6105=ORIENTED_EDGE('',*,*,#6087,.F.);
#6106=EDGE_LOOP('',(#6100,#6102,#6104,#6105));
#6107=FACE_OUTER_BOUND('',#6106,.F.);
#6108=ADVANCED_FACE('',(#6107),#6099,.T.);
#6109=CARTESIAN_POINT('',(-9.220967606740E-1,-4.404178705588E0,
-7.206375798770E-3));
#6110=DIRECTION('',(9.305802678863E-1,-3.660879197961E-1,0.E0));
#6111=DIRECTION('',(-3.660879197961E-1,-9.305802678863E-1,0.E0));
#6112=AXIS2_PLACEMENT_3D('',#6109,#6110,#6111);
#6113=PLANE('',#6112);
#6114=ORIENTED_EDGE('',*,*,#4755,.F.);
#6116=ORIENTED_EDGE('',*,*,#6115,.T.);
#6118=ORIENTED_EDGE('',*,*,#6117,.T.);
#6119=ORIENTED_EDGE('',*,*,#6101,.F.);
#6120=EDGE_LOOP('',(#6114,#6116,#6118,#6119));
#6121=FACE_OUTER_BOUND('',#6120,.F.);
#6122=ADVANCED_FACE('',(#6121),#6113,.T.);
#6123=CARTESIAN_POINT('',(-8.577394613335E-1,-4.407824737310E0,
-7.206375798770E-3));
#6124=DIRECTION('',(-5.656226614280E-2,-9.983990735416E-1,0.E0));
#6125=DIRECTION('',(-9.983990735416E-1,5.656226614280E-2,0.E0));
#6126=AXIS2_PLACEMENT_3D('',#6123,#6124,#6125);
#6127=PLANE('',#6126);
#6128=ORIENTED_EDGE('',*,*,#4753,.F.);
#6130=ORIENTED_EDGE('',*,*,#6129,.T.);
#6132=ORIENTED_EDGE('',*,*,#6131,.T.);
#6133=ORIENTED_EDGE('',*,*,#6115,.F.);
#6134=EDGE_LOOP('',(#6128,#6130,#6132,#6133));
#6135=FACE_OUTER_BOUND('',#6134,.F.);
#6136=ADVANCED_FACE('',(#6135),#6127,.T.);
#6137=CARTESIAN_POINT('',(-8.706772624796E-1,-4.396555193714E0,
-7.206375798770E-3));
#6138=DIRECTION('',(6.568183978564E-1,7.540487996393E-1,0.E0));
#6139=DIRECTION('',(7.540487996393E-1,-6.568183978564E-1,0.E0));
#6140=AXIS2_PLACEMENT_3D('',#6137,#6138,#6139);
#6141=PLANE('',#6140);
#6142=ORIENTED_EDGE('',*,*,#4751,.F.);
#6144=ORIENTED_EDGE('',*,*,#6143,.T.);
#6146=ORIENTED_EDGE('',*,*,#6145,.T.);
#6147=ORIENTED_EDGE('',*,*,#6129,.F.);
#6148=EDGE_LOOP('',(#6142,#6144,#6146,#6147));
#6149=FACE_OUTER_BOUND('',#6148,.F.);
#6150=ADVANCED_FACE('',(#6149),#6141,.T.);
#6151=CARTESIAN_POINT('',(-7.349961410414E-1,-4.396555193714E0,
-7.206375798770E-3));
#6152=DIRECTION('',(0.E0,-1.E0,0.E0));
#6153=DIRECTION('',(-1.E0,0.E0,0.E0));
#6154=AXIS2_PLACEMENT_3D('',#6151,#6152,#6153);
#6155=PLANE('',#6154);
#6156=ORIENTED_EDGE('',*,*,#4749,.F.);
#6158=ORIENTED_EDGE('',*,*,#6157,.T.);
#6160=ORIENTED_EDGE('',*,*,#6159,.T.);
#6161=ORIENTED_EDGE('',*,*,#6143,.F.);
#6162=EDGE_LOOP('',(#6156,#6158,#6160,#6161));
#6163=FACE_OUTER_BOUND('',#6162,.F.);
#6164=ADVANCED_FACE('',(#6163),#6155,.T.);
#6165=CARTESIAN_POINT('',(-7.536212138068E-1,-4.256101317442E0,
-7.206375798770E-3));
#6166=DIRECTION('',(9.913220621534E-1,1.314555783830E-1,0.E0));
#6167=DIRECTION('',(1.314555783830E-1,-9.913220621534E-1,0.E0));
#6168=AXIS2_PLACEMENT_3D('',#6165,#6166,#6167);
#6169=PLANE('',#6168);
#6170=ORIENTED_EDGE('',*,*,#4747,.F.);
#6172=ORIENTED_EDGE('',*,*,#6171,.T.);
#6174=ORIENTED_EDGE('',*,*,#6173,.T.);
#6175=ORIENTED_EDGE('',*,*,#6157,.F.);
#6176=EDGE_LOOP('',(#6170,#6172,#6174,#6175));
#6177=FACE_OUTER_BOUND('',#6176,.F.);
#6178=ADVANCED_FACE('',(#6177),#6169,.T.);
#6179=CARTESIAN_POINT('',(-1.030936449032E0,-4.256101317442E0,
-7.206375798770E-3));
#6180=DIRECTION('',(0.E0,1.E0,0.E0));
#6181=DIRECTION('',(1.E0,0.E0,0.E0));
#6182=AXIS2_PLACEMENT_3D('',#6179,#6180,#6181);
#6183=PLANE('',#6182);
#6184=ORIENTED_EDGE('',*,*,#4745,.F.);
#6186=ORIENTED_EDGE('',*,*,#6185,.T.);
#6188=ORIENTED_EDGE('',*,*,#6187,.T.);
#6189=ORIENTED_EDGE('',*,*,#6171,.F.);
#6190=EDGE_LOOP('',(#6184,#6186,#6188,#6189));
#6191=FACE_OUTER_BOUND('',#6190,.F.);
#6192=ADVANCED_FACE('',(#6191),#6183,.T.);
#6193=CARTESIAN_POINT('',(-1.030936449032E0,-4.348678152185E0,
-7.206375798770E-3));
#6194=DIRECTION('',(0.E0,0.E0,-1.E0));
#6195=DIRECTION('',(-1.E0,0.E0,0.E0));
#6196=AXIS2_PLACEMENT_3D('',#6193,#6194,#6195);
#6197=CYLINDRICAL_SURFACE('',#6196,9.257683474286E-2);
#6198=ORIENTED_EDGE('',*,*,#4743,.F.);
#6200=ORIENTED_EDGE('',*,*,#6199,.T.);
#6202=ORIENTED_EDGE('',*,*,#6201,.T.);
#6203=ORIENTED_EDGE('',*,*,#6185,.F.);
#6204=EDGE_LOOP('',(#6198,#6200,#6202,#6203));
#6205=FACE_OUTER_BOUND('',#6204,.F.);
#6206=ADVANCED_FACE('',(#6205),#6197,.T.);
#6207=CARTESIAN_POINT('',(-1.098309577646E0,-4.534384351816E0,
-7.206375798770E-3));
#6208=DIRECTION('',(-9.902568458508E-1,-1.392529326286E-1,0.E0));
#6209=DIRECTION('',(-1.392529326286E-1,9.902568458508E-1,0.E0));
#6210=AXIS2_PLACEMENT_3D('',#6207,#6208,#6209);
#6211=PLANE('',#6210);
#6212=ORIENTED_EDGE('',*,*,#4741,.F.);
#6214=ORIENTED_EDGE('',*,*,#6213,.T.);
#6216=ORIENTED_EDGE('',*,*,#6215,.T.);
#6217=ORIENTED_EDGE('',*,*,#6199,.F.);
#6218=EDGE_LOOP('',(#6212,#6214,#6216,#6217));
#6219=FACE_OUTER_BOUND('',#6218,.F.);
#6220=ADVANCED_FACE('',(#6219),#6211,.T.);
#6221=CARTESIAN_POINT('',(-9.682717006214E-1,-4.650540034723E0,
-7.206375798770E-3));
#6222=DIRECTION('',(-6.661767037860E-1,-7.457939389221E-1,0.E0));
#6223=DIRECTION('',(-7.457939389221E-1,6.661767037860E-1,0.E0));
#6224=AXIS2_PLACEMENT_3D('',#6221,#6222,#6223);
#6225=PLANE('',#6224);
#6226=ORIENTED_EDGE('',*,*,#4739,.F.);
#6228=ORIENTED_EDGE('',*,*,#6227,.T.);
#6230=ORIENTED_EDGE('',*,*,#6229,.T.);
#6231=ORIENTED_EDGE('',*,*,#6213,.F.);
#6232=EDGE_LOOP('',(#6226,#6228,#6230,#6231));
#6233=FACE_OUTER_BOUND('',#6232,.F.);
#6234=ADVANCED_FACE('',(#6233),#6225,.T.);
#6235=CARTESIAN_POINT('',(-1.064855891765E0,-4.765978579603E0,
-7.206375798770E-3));
#6236=DIRECTION('',(-7.669604924442E-1,6.416943221112E-1,0.E0));
#6237=DIRECTION('',(6.416943221112E-1,7.669604924442E-1,0.E0));
#6238=AXIS2_PLACEMENT_3D('',#6235,#6236,#6237);
#6239=PLANE('',#6238);
#6240=ORIENTED_EDGE('',*,*,#4737,.F.);
#6242=ORIENTED_EDGE('',*,*,#6241,.T.);
#6244=ORIENTED_EDGE('',*,*,#6243,.T.);
#6245=ORIENTED_EDGE('',*,*,#6227,.F.);
#6246=EDGE_LOOP('',(#6240,#6242,#6244,#6245));
#6247=FACE_OUTER_BOUND('',#6246,.F.);
#6248=ADVANCED_FACE('',(#6247),#6239,.T.);
#6249=CARTESIAN_POINT('',(-1.025704348269E0,-5.031757295208E0,
-7.206375798770E-3));
#6250=DIRECTION('',(-9.893235069464E-1,-1.457360580062E-1,0.E0));
#6251=DIRECTION('',(-1.457360580062E-1,9.893235069464E-1,0.E0));
#6252=AXIS2_PLACEMENT_3D('',#6249,#6250,#6251);
#6253=PLANE('',#6252);
#6254=ORIENTED_EDGE('',*,*,#4735,.F.);
#6256=ORIENTED_EDGE('',*,*,#6255,.T.);
#6258=ORIENTED_EDGE('',*,*,#6257,.T.);
#6259=ORIENTED_EDGE('',*,*,#6241,.F.);
#6260=EDGE_LOOP('',(#6254,#6256,#6258,#6259));
#6261=FACE_OUTER_BOUND('',#6260,.F.);
#6262=ADVANCED_FACE('',(#6261),#6253,.T.);
#6263=CARTESIAN_POINT('',(-9.748218822636E-1,-5.024261860232E0,
-7.206375798770E-3));
#6264=DIRECTION('',(0.E0,0.E0,-1.E0));
#6265=DIRECTION('',(-1.E0,0.E0,0.E0));
#6266=AXIS2_PLACEMENT_3D('',#6263,#6264,#6265);
#6267=CYLINDRICAL_SURFACE('',#6266,5.143157485714E-2);
#6268=ORIENTED_EDGE('',*,*,#4733,.F.);
#6270=ORIENTED_EDGE('',*,*,#6269,.T.);
#6272=ORIENTED_EDGE('',*,*,#6271,.T.);
#6273=ORIENTED_EDGE('',*,*,#6255,.F.);
#6274=EDGE_LOOP('',(#6268,#6270,#6272,#6273));
#6275=FACE_OUTER_BOUND('',#6274,.F.);
#6276=ADVANCED_FACE('',(#6275),#6267,.T.);
#6277=CARTESIAN_POINT('',(-1.008369570190E-1,-5.075693435089E0,
-7.206375798770E-3));
#6278=DIRECTION('',(0.E0,-1.E0,0.E0));
#6279=DIRECTION('',(-1.E0,0.E0,0.E0));
#6280=AXIS2_PLACEMENT_3D('',#6277,#6278,#6279);
#6281=PLANE('',#6280);
#6282=ORIENTED_EDGE('',*,*,#4731,.F.);
#6284=ORIENTED_EDGE('',*,*,#6283,.T.);
#6286=ORIENTED_EDGE('',*,*,#6285,.T.);
#6287=ORIENTED_EDGE('',*,*,#6269,.F.);
#6288=EDGE_LOOP('',(#6282,#6284,#6286,#6287));
#6289=FACE_OUTER_BOUND('',#6288,.F.);
#6290=ADVANCED_FACE('',(#6289),#6281,.T.);
#6291=CARTESIAN_POINT('',(1.051326377478E-1,-4.655618080546E0,
-7.206375798770E-3));
#6292=DIRECTION('',(8.978782240402E-1,-4.402439037561E-1,0.E0));
#6293=DIRECTION('',(-4.402439037561E-1,-8.978782240402E-1,0.E0));
#6294=AXIS2_PLACEMENT_3D('',#6291,#6292,#6293);
#6295=PLANE('',#6294);
#6296=ORIENTED_EDGE('',*,*,#4729,.F.);
#6298=ORIENTED_EDGE('',*,*,#6297,.T.);
#6300=ORIENTED_EDGE('',*,*,#6299,.T.);
#6301=ORIENTED_EDGE('',*,*,#6283,.F.);
#6302=EDGE_LOOP('',(#6296,#6298,#6300,#6301));
#6303=FACE_OUTER_BOUND('',#6302,.F.);
#6304=ADVANCED_FACE('',(#6303),#6295,.T.);
#6305=CARTESIAN_POINT('',(1.825215099225E-1,-4.721891407084E0,
-7.206375798770E-3));
#6306=DIRECTION('',(-6.504518783676E-1,-7.595474665405E-1,0.E0));
#6307=DIRECTION('',(-7.595474665405E-1,6.504518783676E-1,0.E0));
#6308=AXIS2_PLACEMENT_3D('',#6305,#6306,#6307);
#6309=PLANE('',#6308);
#6310=ORIENTED_EDGE('',*,*,#4727,.F.);
#6312=ORIENTED_EDGE('',*,*,#6311,.T.);
#6314=ORIENTED_EDGE('',*,*,#6313,.T.);
#6315=ORIENTED_EDGE('',*,*,#6297,.F.);
#6316=EDGE_LOOP('',(#6310,#6312,#6314,#6315));
#6317=FACE_OUTER_BOUND('',#6316,.F.);
#6318=ADVANCED_FACE('',(#6317),#6309,.T.);
#6319=CARTESIAN_POINT('',(2.325626018722E-1,-5.076039414850E0,
-7.206375798770E-3));
#6320=DIRECTION('',(-9.901642046655E-1,-1.399101418738E-1,0.E0));
#6321=DIRECTION('',(-1.399101418738E-1,9.901642046655E-1,0.E0));
#6322=AXIS2_PLACEMENT_3D('',#6319,#6320,#6321);
#6323=PLANE('',#6322);
#6324=ORIENTED_EDGE('',*,*,#4725,.F.);
#6326=ORIENTED_EDGE('',*,*,#6325,.T.);
#6328=ORIENTED_EDGE('',*,*,#6327,.T.);
#6329=ORIENTED_EDGE('',*,*,#6311,.F.);
#6330=EDGE_LOOP('',(#6324,#6326,#6328,#6329));
#6331=FACE_OUTER_BOUND('',#6330,.F.);
#6332=ADVANCED_FACE('',(#6331),#6323,.T.);
#6333=CARTESIAN_POINT('',(3.747735003611E-1,-5.076039414850E0,
-7.206375798770E-3));
#6334=DIRECTION('',(0.E0,-1.E0,0.E0));
#6335=DIRECTION('',(-1.E0,0.E0,0.E0));
#6336=AXIS2_PLACEMENT_3D('',#6333,#6334,#6335);
#6337=PLANE('',#6336);
#6338=ORIENTED_EDGE('',*,*,#4723,.F.);
#6340=ORIENTED_EDGE('',*,*,#6339,.T.);
#6342=ORIENTED_EDGE('',*,*,#6341,.T.);
#6343=ORIENTED_EDGE('',*,*,#6325,.F.);
#6344=EDGE_LOOP('',(#6338,#6340,#6342,#6343));
#6345=FACE_OUTER_BOUND('',#6344,.F.);
#6346=ADVANCED_FACE('',(#6345),#6337,.T.);
#6347=CARTESIAN_POINT('',(2.643498058690E-1,-4.288201366611E0,
-7.206375798770E-3));
#6348=DIRECTION('',(9.903199235505E-1,1.388036347469E-1,0.E0));
#6349=DIRECTION('',(1.388036347469E-1,-9.903199235505E-1,0.E0));
#6350=AXIS2_PLACEMENT_3D('',#6347,#6348,#6349);
#6351=PLANE('',#6350);
#6352=ORIENTED_EDGE('',*,*,#4721,.F.);
#6354=ORIENTED_EDGE('',*,*,#6353,.T.);
#6356=ORIENTED_EDGE('',*,*,#6355,.T.);
#6357=ORIENTED_EDGE('',*,*,#6339,.F.);
#6358=EDGE_LOOP('',(#6352,#6354,#6356,#6357));
#6359=FACE_OUTER_BOUND('',#6358,.F.);
#6360=ADVANCED_FACE('',(#6359),#6351,.T.);
#6361=CARTESIAN_POINT('',(4.808095395622E-1,-4.288201366611E0,
-7.206375798770E-3));
#6362=DIRECTION('',(0.E0,-1.E0,0.E0));
#6363=DIRECTION('',(-1.E0,0.E0,0.E0));
#6364=AXIS2_PLACEMENT_3D('',#6361,#6362,#6363);
#6365=PLANE('',#6364);
#6366=ORIENTED_EDGE('',*,*,#4719,.F.);
#6368=ORIENTED_EDGE('',*,*,#6367,.T.);
#6370=ORIENTED_EDGE('',*,*,#6369,.T.);
#6371=ORIENTED_EDGE('',*,*,#6353,.F.);
#6372=EDGE_LOOP('',(#6366,#6368,#6370,#6371));
#6373=FACE_OUTER_BOUND('',#6372,.F.);
#6374=ADVANCED_FACE('',(#6373),#6365,.T.);
#6375=CARTESIAN_POINT('',(7.659311187122E-1,-4.635791485956E0,
-7.206375798770E-3));
#6376=DIRECTION('',(-7.731612457080E-1,-6.342094986164E-1,0.E0));
#6377=DIRECTION('',(-6.342094986164E-1,7.731612457080E-1,0.E0));
#6378=AXIS2_PLACEMENT_3D('',#6375,#6376,#6377);
#6379=PLANE('',#6378);
#6380=ORIENTED_EDGE('',*,*,#4717,.F.);
#6382=ORIENTED_EDGE('',*,*,#6381,.T.);
#6384=ORIENTED_EDGE('',*,*,#6383,.T.);
#6385=ORIENTED_EDGE('',*,*,#6367,.F.);
#6386=EDGE_LOOP('',(#6380,#6382,#6384,#6385));
#6387=FACE_OUTER_BOUND('',#6386,.F.);
#6388=ADVANCED_FACE('',(#6387),#6379,.T.);
#6389=CARTESIAN_POINT('',(4.685608372088E-1,-5.075723762011E0,
-7.206375798770E-3));
#6390=DIRECTION('',(-8.284852193430E-1,5.600109296524E-1,0.E0));
#6391=DIRECTION('',(5.600109296524E-1,8.284852193430E-1,0.E0));
#6392=AXIS2_PLACEMENT_3D('',#6389,#6390,#6391);
#6393=PLANE('',#6392);
#6394=ORIENTED_EDGE('',*,*,#4715,.F.);
#6396=ORIENTED_EDGE('',*,*,#6395,.T.);
#6398=ORIENTED_EDGE('',*,*,#6397,.T.);
#6399=ORIENTED_EDGE('',*,*,#6381,.F.);
#6400=EDGE_LOOP('',(#6394,#6396,#6398,#6399));
#6401=FACE_OUTER_BOUND('',#6400,.F.);
#6402=ADVANCED_FACE('',(#6401),#6393,.T.);
#6403=CARTESIAN_POINT('',(6.391482919072E-1,-5.075723762011E0,
-7.206375798770E-3));
#6404=DIRECTION('',(0.E0,-1.E0,0.E0));
#6405=DIRECTION('',(-1.E0,0.E0,0.E0));
#6406=AXIS2_PLACEMENT_3D('',#6403,#6404,#6405);
#6407=PLANE('',#6406);
#6408=ORIENTED_EDGE('',*,*,#4713,.F.);
#6410=ORIENTED_EDGE('',*,*,#6409,.T.);
#6412=ORIENTED_EDGE('',*,*,#6411,.T.);
#6413=ORIENTED_EDGE('',*,*,#6395,.F.);
#6414=EDGE_LOOP('',(#6408,#6410,#6412,#6413));
#6415=FACE_OUTER_BOUND('',#6414,.F.);
#6416=ADVANCED_FACE('',(#6415),#6407,.T.);
#6417=CARTESIAN_POINT('',(8.605379875571E-1,-4.751183626534E0,
-7.206375798770E-3));
#6418=DIRECTION('',(8.260942354658E-1,-5.635319992070E-1,0.E0));
#6419=DIRECTION('',(-5.635319992070E-1,-8.260942354658E-1,0.E0));
#6420=AXIS2_PLACEMENT_3D('',#6417,#6418,#6419);
#6421=PLANE('',#6420);
#6422=ORIENTED_EDGE('',*,*,#4711,.F.);
#6424=ORIENTED_EDGE('',*,*,#6423,.T.);
#6426=ORIENTED_EDGE('',*,*,#6425,.T.);
#6427=ORIENTED_EDGE('',*,*,#6409,.F.);
#6428=EDGE_LOOP('',(#6422,#6424,#6426,#6427));
#6429=FACE_OUTER_BOUND('',#6428,.F.);
#6430=ADVANCED_FACE('',(#6429),#6421,.T.);
#6431=CARTESIAN_POINT('',(1.127179637658E0,-5.075807103926E0,
-7.206375798770E-3));
#6432=DIRECTION('',(-7.727418401386E-1,-6.347204490949E-1,0.E0));
#6433=DIRECTION('',(-6.347204490949E-1,7.727418401386E-1,0.E0));
#6434=AXIS2_PLACEMENT_3D('',#6431,#6432,#6433);
#6435=PLANE('',#6434);
#6436=ORIENTED_EDGE('',*,*,#4709,.F.);
#6438=ORIENTED_EDGE('',*,*,#6437,.T.);
#6440=ORIENTED_EDGE('',*,*,#6439,.T.);
#6441=ORIENTED_EDGE('',*,*,#6423,.F.);
#6442=EDGE_LOOP('',(#6436,#6438,#6440,#6441));
#6443=FACE_OUTER_BOUND('',#6442,.F.);
#6444=ADVANCED_FACE('',(#6443),#6435,.T.);
#6445=CARTESIAN_POINT('',(1.310445070395E0,-5.075807103926E0,
-7.206375798770E-3));
#6446=DIRECTION('',(0.E0,-1.E0,0.E0));
#6447=DIRECTION('',(-1.E0,0.E0,0.E0));
#6448=AXIS2_PLACEMENT_3D('',#6445,#6446,#6447);
#6449=PLANE('',#6448);
#6450=ORIENTED_EDGE('',*,*,#4707,.F.);
#6452=ORIENTED_EDGE('',*,*,#6451,.T.);
#6454=ORIENTED_EDGE('',*,*,#6453,.T.);
#6455=ORIENTED_EDGE('',*,*,#6437,.F.);
#6456=EDGE_LOOP('',(#6450,#6452,#6454,#6455));
#6457=FACE_OUTER_BOUND('',#6456,.F.);
#6458=ADVANCED_FACE('',(#6457),#6449,.T.);
#6459=CARTESIAN_POINT('',(9.433482779744E-1,-4.627267739741E0,
-7.206375798770E-3));
#6460=DIRECTION('',(7.738642447309E-1,6.333515064537E-1,0.E0));
#6461=DIRECTION('',(6.333515064537E-1,-7.738642447309E-1,0.E0));
#6462=AXIS2_PLACEMENT_3D('',#6459,#6460,#6461);
#6463=PLANE('',#6462);
#6464=ORIENTED_EDGE('',*,*,#4705,.F.);
#6465=ORIENTED_EDGE('',*,*,#5782,.T.);
#6467=ORIENTED_EDGE('',*,*,#6466,.T.);
#6468=ORIENTED_EDGE('',*,*,#6451,.F.);
#6469=EDGE_LOOP('',(#6464,#6465,#6467,#6468));
#6470=FACE_OUTER_BOUND('',#6469,.F.);
#6471=ADVANCED_FACE('',(#6470),#6463,.T.);
#6472=CARTESIAN_POINT('',(0.E0,0.E0,-2.720637579877E-2));
#6473=DIRECTION('',(0.E0,0.E0,-1.E0));
#6474=DIRECTION('',(-1.E0,0.E0,0.E0));
#6475=AXIS2_PLACEMENT_3D('',#6472,#6473,#6474);
#6476=PLANE('',#6475);
#6477=ORIENTED_EDGE('',*,*,#5780,.F.);
#6478=ORIENTED_EDGE('',*,*,#5795,.F.);
#6479=ORIENTED_EDGE('',*,*,#5809,.F.);
#6480=ORIENTED_EDGE('',*,*,#5823,.F.);
#6481=ORIENTED_EDGE('',*,*,#5837,.F.);
#6482=ORIENTED_EDGE('',*,*,#5851,.F.);
#6483=ORIENTED_EDGE('',*,*,#5865,.F.);
#6484=ORIENTED_EDGE('',*,*,#5879,.F.);
#6485=ORIENTED_EDGE('',*,*,#5893,.F.);
#6486=ORIENTED_EDGE('',*,*,#5907,.F.);
#6487=ORIENTED_EDGE('',*,*,#5921,.F.);
#6488=ORIENTED_EDGE('',*,*,#5935,.F.);
#6489=ORIENTED_EDGE('',*,*,#5949,.F.);
#6490=ORIENTED_EDGE('',*,*,#5963,.F.);
#6491=ORIENTED_EDGE('',*,*,#5977,.F.);
#6492=ORIENTED_EDGE('',*,*,#5991,.F.);
#6493=ORIENTED_EDGE('',*,*,#6005,.F.);
#6494=ORIENTED_EDGE('',*,*,#6019,.F.);
#6495=ORIENTED_EDGE('',*,*,#6033,.F.);
#6496=ORIENTED_EDGE('',*,*,#6047,.F.);
#6497=ORIENTED_EDGE('',*,*,#6061,.F.);
#6498=ORIENTED_EDGE('',*,*,#6075,.F.);
#6499=ORIENTED_EDGE('',*,*,#6089,.F.);
#6500=ORIENTED_EDGE('',*,*,#6103,.F.);
#6501=ORIENTED_EDGE('',*,*,#6117,.F.);
#6502=ORIENTED_EDGE('',*,*,#6131,.F.);
#6503=ORIENTED_EDGE('',*,*,#6145,.F.);
#6504=ORIENTED_EDGE('',*,*,#6159,.F.);
#6505=ORIENTED_EDGE('',*,*,#6173,.F.);
#6506=ORIENTED_EDGE('',*,*,#6187,.F.);
#6507=ORIENTED_EDGE('',*,*,#6201,.F.);
#6508=ORIENTED_EDGE('',*,*,#6215,.F.);
#6509=ORIENTED_EDGE('',*,*,#6229,.F.);
#6510=ORIENTED_EDGE('',*,*,#6243,.F.);
#6511=ORIENTED_EDGE('',*,*,#6257,.F.);
#6512=ORIENTED_EDGE('',*,*,#6271,.F.);
#6513=ORIENTED_EDGE('',*,*,#6285,.F.);
#6514=ORIENTED_EDGE('',*,*,#6299,.F.);
#6515=ORIENTED_EDGE('',*,*,#6313,.F.);
#6516=ORIENTED_EDGE('',*,*,#6327,.F.);
#6517=ORIENTED_EDGE('',*,*,#6341,.F.);
#6518=ORIENTED_EDGE('',*,*,#6355,.F.);
#6519=ORIENTED_EDGE('',*,*,#6369,.F.);
#6520=ORIENTED_EDGE('',*,*,#6383,.F.);
#6521=ORIENTED_EDGE('',*,*,#6397,.F.);
#6522=ORIENTED_EDGE('',*,*,#6411,.F.);
#6523=ORIENTED_EDGE('',*,*,#6425,.F.);
#6524=ORIENTED_EDGE('',*,*,#6439,.F.);
#6525=ORIENTED_EDGE('',*,*,#6453,.F.);
#6526=ORIENTED_EDGE('',*,*,#6466,.F.);
#6527=EDGE_LOOP('',(#6477,#6478,#6479,#6480,#6481,#6482,#6483,#6484,#6485,#6486,
#6487,#6488,#6489,#6490,#6491,#6492,#6493,#6494,#6495,#6496,#6497,#6498,#6499,
#6500,#6501,#6502,#6503,#6504,#6505,#6506,#6507,#6508,#6509,#6510,#6511,#6512,
#6513,#6514,#6515,#6516,#6517,#6518,#6519,#6520,#6521,#6522,#6523,#6524,#6525,
#6526));
#6528=FACE_OUTER_BOUND('',#6527,.F.);
#6529=ADVANCED_FACE('',(#6528),#6476,.T.);
#6530=CLOSED_SHELL('',(#4805,#4820,#4834,#4876,#4889,#4902,#4923,#4942,#4957,
#4975,#4989,#5003,#5020,#5059,#5072,#5092,#5110,#5125,#5143,#5160,#5182,#5211,
#5233,#5248,#5260,#5273,#5314,#5329,#5343,#5383,#5396,#5408,#5420,#5432,#5446,
#5459,#5472,#5484,#5498,#5511,#5524,#5536,#5548,#5562,#5575,#5588,#5600,#5617,
#5631,#5643,#5655,#5667,#5681,#5694,#5707,#5719,#5733,#5746,#5759,#5771,#5786,
#5800,#5814,#5828,#5842,#5856,#5870,#5884,#5898,#5912,#5926,#5940,#5954,#5968,
#5982,#5996,#6010,#6024,#6038,#6052,#6066,#6080,#6094,#6108,#6122,#6136,#6150,
#6164,#6178,#6192,#6206,#6220,#6234,#6248,#6262,#6276,#6290,#6304,#6318,#6332,
#6346,#6360,#6374,#6388,#6402,#6416,#6430,#6444,#6458,#6471,#6529));
#6531=MANIFOLD_SOLID_BREP('',#6530);
#6533=DIMENSIONAL_EXPONENTS(0.E0,0.E0,0.E0,0.E0,0.E0,0.E0,0.E0);
#6535=PLANE_ANGLE_MEASURE_WITH_UNIT(PLANE_ANGLE_MEASURE(1.745329251994E-2),
#6534);
#6536=(CONVERSION_BASED_UNIT('DEGREE',#6535)NAMED_UNIT(*)PLANE_ANGLE_UNIT());
#6538=UNCERTAINTY_MEASURE_WITH_UNIT(LENGTH_MEASURE(1.728194699281E-3),#6532,
'closure',
'Maximum model space distance between geometric entities at asserted connectivities');
#6539=(GEOMETRIC_REPRESENTATION_CONTEXT(3)GLOBAL_UNCERTAINTY_ASSIGNED_CONTEXT((
#6538))GLOBAL_UNIT_ASSIGNED_CONTEXT((#6532,#6536,#6537))REPRESENTATION_CONTEXT(
'ID2','3'));
#6540=CARTESIAN_POINT('',(0.E0,0.E0,0.E0));
#6541=DIRECTION('',(0.E0,0.E0,1.E0));
#6542=DIRECTION('',(1.E0,0.E0,0.E0));
#6545=MECHANICAL_CONTEXT('',#2903,'mechanical');
#6546=PRODUCT('COMPOUND-517_2','COMPOUND-517_2','NOT SPECIFIED',(#6545));
#6547=PRODUCT_DEFINITION_FORMATION_WITH_SPECIFIED_SOURCE('1','LAST_VERSION',
#6546,.MADE.);
#6553=CARTESIAN_POINT('',(0.E0,0.E0,0.E0));
#6554=DIRECTION('',(0.E0,0.E0,1.E0));
#6555=DIRECTION('',(1.E0,0.E0,0.E0));
#6556=AXIS2_PLACEMENT_3D('',#6553,#6554,#6555);
#6557=ITEM_DEFINED_TRANSFORMATION('','',#6543,#6556);
#6558=CARTESIAN_POINT('',(0.E0,0.E0,0.E0));
#6559=DIRECTION('',(0.E0,0.E0,1.E0));
#6560=DIRECTION('',(1.E0,0.E0,0.E0));
#6562=(REPRESENTATION_RELATIONSHIP('','',#6544,#2914)REPRESENTATION_RELATIONSHIP_WITH_TRANSFORMATION(#6557)SHAPE_REPRESENTATION_RELATIONSHIP());
#6563=CONTEXT_DEPENDENT_SHAPE_REPRESENTATION(#6562,#6552);
#6565=DIMENSIONAL_EXPONENTS(0.E0,0.E0,0.E0,0.E0,0.E0,0.E0,0.E0);
#6567=PLANE_ANGLE_MEASURE_WITH_UNIT(PLANE_ANGLE_MEASURE(1.745329251994E-2),
#6566);
#6568=(CONVERSION_BASED_UNIT('DEGREE',#6567)NAMED_UNIT(*)PLANE_ANGLE_UNIT());
#6570=UNCERTAINTY_MEASURE_WITH_UNIT(LENGTH_MEASURE(2.342672506804E-3),#6564,
'closure',
'Maximum model space distance between geometric entities at asserted connectivities');
#6571=(GEOMETRIC_REPRESENTATION_CONTEXT(3)GLOBAL_UNCERTAINTY_ASSIGNED_CONTEXT((
#6570))GLOBAL_UNIT_ASSIGNED_CONTEXT((#6564,#6568,#6569))REPRESENTATION_CONTEXT(
'ID3','3'));
#6572=CARTESIAN_POINT('',(0.E0,0.E0,0.E0));
#6573=DIRECTION('',(0.E0,0.E0,1.E0));
#6574=DIRECTION('',(1.E0,0.E0,0.E0));
#6576=DESIGN_CONTEXT('',#2903,'design');
#6577=MECHANICAL_CONTEXT('',#2903,'mechanical');
#6578=PRODUCT('COMPOUND-517_ASM','COMPOUND-517_ASM','NOT SPECIFIED',(#6577));
#6579=PRODUCT_DEFINITION_FORMATION_WITH_SPECIFIED_SOURCE('1','LAST_VERSION',
#6578,.MADE.);
#6586=CARTESIAN_POINT('',(0.E0,0.E0,0.E0));
#6587=DIRECTION('',(0.E0,0.E0,1.E0));
#6588=DIRECTION('',(1.E0,0.E0,0.E0));
#6589=AXIS2_PLACEMENT_3D('',#6586,#6587,#6588);
#6590=ITEM_DEFINED_TRANSFORMATION('','',#2925,#6589);
#6591=CARTESIAN_POINT('',(0.E0,0.E0,0.E0));
#6592=DIRECTION('',(0.E0,0.E0,1.E0));
#6593=DIRECTION('',(1.E0,0.E0,0.E0));
#6595=(REPRESENTATION_RELATIONSHIP('','',#2914,#6583)REPRESENTATION_RELATIONSHIP_WITH_TRANSFORMATION(#6590)SHAPE_REPRESENTATION_RELATIONSHIP());
#6596=CONTEXT_DEPENDENT_SHAPE_REPRESENTATION(#6595,#6585);
#6598=DIMENSIONAL_EXPONENTS(0.E0,0.E0,0.E0,0.E0,0.E0,0.E0,0.E0);
#6600=PLANE_ANGLE_MEASURE_WITH_UNIT(PLANE_ANGLE_MEASURE(1.745329251994E-2),
#6599);
#6601=(CONVERSION_BASED_UNIT('DEGREE',#6600)NAMED_UNIT(*)PLANE_ANGLE_UNIT());
#6603=UNCERTAINTY_MEASURE_WITH_UNIT(LENGTH_MEASURE(2.342672506804E-3),#6597,
'closure',
'Maximum model space distance between geometric entities at asserted connectivities');
#6604=(GEOMETRIC_REPRESENTATION_CONTEXT(3)GLOBAL_UNCERTAINTY_ASSIGNED_CONTEXT((
#6603))GLOBAL_UNIT_ASSIGNED_CONTEXT((#6597,#6601,#6602))REPRESENTATION_CONTEXT(
'ID4','3'));
#6605=CARTESIAN_POINT('',(0.E0,0.E0,0.E0));
#6606=DIRECTION('',(0.E0,0.E0,1.E0));
#6607=DIRECTION('',(1.E0,0.E0,0.E0));
#6609=MECHANICAL_CONTEXT('',#2903,'mechanical');
#6610=PRODUCT('B5A273F33FA249AE91F48AE8B7AA079_ASM',
'B5A273F33FA249AE91F48AE8B7AA079_ASM','NOT SPECIFIED',(#6609));
#6611=PRODUCT_DEFINITION_FORMATION_WITH_SPECIFIED_SOURCE('1','LAST_VERSION',
#6610,.MADE.);
#6618=CARTESIAN_POINT('',(-6.451612903225E1,-2.527305054610E1,1.6E0));
#6619=DIRECTION('',(0.E0,0.E0,1.E0));
#6620=DIRECTION('',(1.E0,0.E0,0.E0));
#6621=AXIS2_PLACEMENT_3D('',#6618,#6619,#6620);
#6622=ITEM_DEFINED_TRANSFORMATION('','',#6594,#6621);
#6623=CARTESIAN_POINT('',(0.E0,0.E0,0.E0));
#6624=DIRECTION('',(0.E0,0.E0,1.E0));
#6625=DIRECTION('',(1.E0,0.E0,0.E0));
#6627=(REPRESENTATION_RELATIONSHIP('','',#6583,#6615)REPRESENTATION_RELATIONSHIP_WITH_TRANSFORMATION(#6622)SHAPE_REPRESENTATION_RELATIONSHIP());
#6628=CONTEXT_DEPENDENT_SHAPE_REPRESENTATION(#6627,#6617);
#6630=DIMENSIONAL_EXPONENTS(0.E0,0.E0,0.E0,0.E0,0.E0,0.E0,0.E0);
#6632=PLANE_ANGLE_MEASURE_WITH_UNIT(PLANE_ANGLE_MEASURE(1.745329251994E-2),
#6631);
#6633=(CONVERSION_BASED_UNIT('DEGREE',#6632)NAMED_UNIT(*)PLANE_ANGLE_UNIT());
#6635=UNCERTAINTY_MEASURE_WITH_UNIT(LENGTH_MEASURE(2.342672506804E-3),#6629,
'closure',
'Maximum model space distance between geometric entities at asserted connectivities');
#6636=(GEOMETRIC_REPRESENTATION_CONTEXT(3)GLOBAL_UNCERTAINTY_ASSIGNED_CONTEXT((
#6635))GLOBAL_UNIT_ASSIGNED_CONTEXT((#6629,#6633,#6634))REPRESENTATION_CONTEXT(
'ID5','3'));
#6637=CARTESIAN_POINT('',(0.E0,0.E0,0.E0));
#6638=DIRECTION('',(0.E0,0.E0,1.E0));
#6639=DIRECTION('',(1.E0,0.E0,0.E0));
#6641=DESIGN_CONTEXT('',#2903,'design');
#6642=MECHANICAL_CONTEXT('',#2903,'mechanical');
#6643=PRODUCT('PCBMODEL_1_2_3_4_5_6_7_8_9_1_26_ASM',
'PCBMODEL_1_2_3_4_5_6_7_8_9_1_26_ASM','NOT SPECIFIED',(#6642));
#6644=PRODUCT_DEFINITION_FORMATION_WITH_SPECIFIED_SOURCE('1','LAST_VERSION',
#6643,.MADE.);
#6651=CARTESIAN_POINT('',(0.E0,0.E0,0.E0));
#6652=DIRECTION('',(0.E0,0.E0,1.E0));
#6653=DIRECTION('',(1.E0,0.E0,0.E0));
#6654=AXIS2_PLACEMENT_3D('',#6651,#6652,#6653);
#6655=ITEM_DEFINED_TRANSFORMATION('','',#6626,#6654);
#6656=(REPRESENTATION_RELATIONSHIP('','',#6615,#6648)REPRESENTATION_RELATIONSHIP_WITH_TRANSFORMATION(#6655)SHAPE_REPRESENTATION_RELATIONSHIP());
#6657=CONTEXT_DEPENDENT_SHAPE_REPRESENTATION(#6656,#6650);
#6659=DIMENSIONAL_EXPONENTS(0.E0,0.E0,0.E0,0.E0,0.E0,0.E0,0.E0);
#6661=PLANE_ANGLE_MEASURE_WITH_UNIT(PLANE_ANGLE_MEASURE(1.745329251994E-2),
#6660);
#6662=(CONVERSION_BASED_UNIT('DEGREE',#6661)NAMED_UNIT(*)PLANE_ANGLE_UNIT());
#6664=UNCERTAINTY_MEASURE_WITH_UNIT(LENGTH_MEASURE(2.342672506804E-3),#6658,
'closure',
'Maximum model space distance between geometric entities at asserted connectivities');
#6665=(GEOMETRIC_REPRESENTATION_CONTEXT(3)GLOBAL_UNCERTAINTY_ASSIGNED_CONTEXT((
#6664))GLOBAL_UNIT_ASSIGNED_CONTEXT((#6658,#6662,#6663))REPRESENTATION_CONTEXT(
'ID6','3'));
#6666=CARTESIAN_POINT('',(0.E0,0.E0,0.E0));
#6667=DIRECTION('',(0.E0,0.E0,1.E0));
#6668=DIRECTION('',(1.E0,0.E0,0.E0));
#6670=MECHANICAL_CONTEXT('',#2903,'mechanical');
#6671=PRODUCT('C692484_ASM','C692484_ASM','NOT SPECIFIED',(#6670));
#6672=PRODUCT_DEFINITION_FORMATION_WITH_SPECIFIED_SOURCE('1','LAST_VERSION',
#6671,.MADE.);
#6674=PRODUCT_CATEGORY('part','');
#6675=PRODUCT_RELATED_PRODUCT_CATEGORY('assembly','',(#6578,#6610,#6643,#6671));
#6676=PRODUCT_CATEGORY_RELATIONSHIP('','',#6674,#6675);
#6677=PRODUCT_CATEGORY('part','');
#6678=PRODUCT_RELATED_PRODUCT_CATEGORY('detail','',(#2907,#6546));
#6679=PRODUCT_CATEGORY_RELATIONSHIP('','',#6677,#6678);
#6680=SECURITY_CLASSIFICATION_LEVEL('unclassified');
#6681=SECURITY_CLASSIFICATION('','',#6680);
#6682=CC_DESIGN_SECURITY_CLASSIFICATION(#6681,(#2908,#6547,#6579,#6611,#6644,
#6672,#2915,#6551,#6584,#6616,#6649));
#6683=APPROVAL_STATUS('approved');
#6684=APPROVAL(#6683,'');
#6685=CC_DESIGN_APPROVAL(#6684,(#6681,#2908,#6547,#6579,#6611,#6644,#6672,#2909,
#6548,#6580,#6612,#6645,#6673));
#6686=CALENDAR_DATE(121,15,12);
#6687=COORDINATED_UNIVERSAL_TIME_OFFSET(8,0,.AHEAD.);
#6688=LOCAL_TIME(21,20,5.1E1,#6687);
#6689=DATE_AND_TIME(#6686,#6688);
#6690=APPROVAL_DATE_TIME(#6689,#6684);
#6691=DATE_TIME_ROLE('creation_date');
#6692=CC_DESIGN_DATE_AND_TIME_ASSIGNMENT(#6689,#6691,(#2909,#6548,#6580,#6612,
#6645,#6673));
#6693=DATE_TIME_ROLE('classification_date');
#6694=CC_DESIGN_DATE_AND_TIME_ASSIGNMENT(#6689,#6693,(#6681));
#6695=PERSON('UNSPECIFIED','UNSPECIFIED',$,$,$,$);
#6696=ORGANIZATION('UNSPECIFIED','UNSPECIFIED','UNSPECIFIED');
#6697=PERSON_AND_ORGANIZATION(#6695,#6696);
#6698=APPROVAL_ROLE('approver');
#6699=APPROVAL_PERSON_ORGANIZATION(#6697,#6684,#6698);
#6700=PERSON_AND_ORGANIZATION_ROLE('creator');
#6701=CC_DESIGN_PERSON_AND_ORGANIZATION_ASSIGNMENT(#6697,#6700,(#2908,#6547,
#6579,#6611,#6644,#6672,#2909,#6548,#6580,#6612,#6645,#6673));
#6702=PERSON_AND_ORGANIZATION_ROLE('design_supplier');
#6703=CC_DESIGN_PERSON_AND_ORGANIZATION_ASSIGNMENT(#6697,#6702,(#2908,#6547,
#6579,#6611,#6644,#6672));
#6704=PERSON_AND_ORGANIZATION_ROLE('classification_officer');
#6705=CC_DESIGN_PERSON_AND_ORGANIZATION_ASSIGNMENT(#6697,#6704,(#6681));
#6706=PERSON_AND_ORGANIZATION_ROLE('design_owner');
#6707=CC_DESIGN_PERSON_AND_ORGANIZATION_ASSIGNMENT(#6697,#6706,(#6578,#6610,
#6643,#6671,#2907,#6546));
#21=CIRCLE('',#20,6.499633667960E-1);
#30=CIRCLE('',#29,1.802652344682E0);
#51=CIRCLE('',#50,5.027256110900E-1);
#68=CIRCLE('',#67,6.499633667960E-1);
#77=CIRCLE('',#76,5.027256110900E-1);
#98=CIRCLE('',#97,1.802652344682E0);
#147=CIRCLE('',#146,6.470635302360E-1);
#176=CIRCLE('',#175,6.470635302360E-1);
#469=CIRCLE('',#468,6.470635302360E-1);
#582=CIRCLE('',#581,6.470635302360E-1);
#739=CIRCLE('',#738,6.499633667960E-1);
#748=CIRCLE('',#747,1.802652344682E0);
#769=CIRCLE('',#768,5.027256110900E-1);
#814=CIRCLE('',#813,6.499633667960E-1);
#823=CIRCLE('',#822,5.027256110900E-1);
#844=CIRCLE('',#843,1.802652344682E0);
#881=CIRCLE('',#880,6.499633667960E-1);
#890=CIRCLE('',#889,1.802652344682E0);
#911=CIRCLE('',#910,5.027256110900E-1);
#956=CIRCLE('',#955,6.499633667960E-1);
#965=CIRCLE('',#964,5.027256110900E-1);
#986=CIRCLE('',#985,1.802652344682E0);
#1356=EDGE_CURVE('',#1021,#1022,#4,.T.);
#1358=EDGE_CURVE('',#1024,#1022,#77,.T.);
#1360=EDGE_CURVE('',#1024,#1026,#8,.T.);
#1362=EDGE_CURVE('',#1021,#1026,#51,.T.);
#1372=EDGE_CURVE('',#1029,#1030,#16,.T.);
#1374=EDGE_CURVE('',#1022,#1029,#81,.T.);
#1377=EDGE_CURVE('',#1021,#1030,#12,.T.);
#1388=EDGE_CURVE('',#1032,#1030,#46,.T.);
#1390=EDGE_CURVE('',#1034,#1032,#102,.T.);
#1392=EDGE_CURVE('',#1029,#1034,#85,.T.);
#1402=EDGE_CURVE('',#1037,#1038,#21,.T.);
#1404=EDGE_CURVE('',#1038,#1040,#25,.T.);
#1406=EDGE_CURVE('',#1040,#1042,#30,.T.);
#1408=EDGE_CURVE('',#1042,#1044,#34,.T.);
#1410=EDGE_CURVE('',#1044,#1046,#38,.T.);
#1412=EDGE_CURVE('',#1046,#1048,#42,.T.);
#1414=EDGE_CURVE('',#1050,#1048,#122,.T.);
#1416=EDGE_CURVE('',#1032,#1050,#106,.T.);
#1421=EDGE_CURVE('',#1037,#1026,#63,.T.);
#1431=EDGE_CURVE('',#1052,#1037,#55,.T.);
#1433=EDGE_CURVE('',#1054,#1052,#68,.T.);
#1435=EDGE_CURVE('',#1038,#1054,#59,.T.);
#1449=EDGE_CURVE('',#1052,#1024,#72,.T.);
#1464=EDGE_CURVE('',#1034,#1056,#89,.T.);
#1466=EDGE_CURVE('',#1058,#1056,#126,.T.);
#1468=EDGE_CURVE('',#1060,#1058,#710,.T.);
#1470=EDGE_CURVE('',#1060,#1062,#93,.T.);
#1472=EDGE_CURVE('',#1064,#1062,#722,.T.);
#1474=EDGE_CURVE('',#1064,#1066,#98,.T.);
#1476=EDGE_CURVE('',#1054,#1066,#734,.T.);
#1488=EDGE_CURVE('',#1050,#1056,#110,.T.);
#1499=EDGE_CURVE('',#1069,#1070,#114,.T.);
#1501=EDGE_CURVE('',#1072,#1070,#220,.T.);
#1503=EDGE_CURVE('',#1074,#1072,#163,.T.);
#1505=EDGE_CURVE('',#1074,#1069,#118,.T.);
#1510=EDGE_CURVE('',#1058,#1048,#714,.T.);
#1516=EDGE_CURVE('',#1077,#1078,#130,.T.);
#1518=EDGE_CURVE('',#1080,#1078,#856,.T.);
#1520=EDGE_CURVE('',#1080,#1082,#134,.T.);
#1522=EDGE_CURVE('',#1077,#1082,#809,.T.);
#1526=EDGE_CURVE('',#1085,#1086,#138,.T.);
#1528=EDGE_CURVE('',#1088,#1086,#998,.T.);
#1530=EDGE_CURVE('',#1088,#1090,#142,.T.);
#1532=EDGE_CURVE('',#1085,#1090,#951,.T.);
#1542=EDGE_CURVE('',#1092,#1069,#151,.T.);
#1544=EDGE_CURVE('',#1094,#1092,#224,.T.);
#1546=EDGE_CURVE('',#1070,#1094,#216,.T.);
#1551=EDGE_CURVE('',#1097,#1098,#147,.T.);
#1553=EDGE_CURVE('',#1100,#1098,#573,.T.);
#1555=EDGE_CURVE('',#1102,#1100,#602,.T.);
#1557=EDGE_CURVE('',#1097,#1102,#598,.T.);
#1561=EDGE_CURVE('',#1105,#1106,#610,.T.);
#1563=EDGE_CURVE('',#1108,#1105,#622,.T.);
#1565=EDGE_CURVE('',#1110,#1108,#650,.T.);
#1567=EDGE_CURVE('',#1106,#1110,#646,.T.);
#1571=EDGE_CURVE('',#1113,#1114,#658,.T.);
#1573=EDGE_CURVE('',#1116,#1113,#670,.T.);
#1575=EDGE_CURVE('',#1118,#1116,#698,.T.);
#1577=EDGE_CURVE('',#1114,#1118,#694,.T.);
#1589=EDGE_CURVE('',#1120,#1074,#159,.T.);
#1591=EDGE_CURVE('',#1120,#1092,#155,.T.);
#1603=EDGE_CURVE('',#1072,#1122,#167,.T.);
#1605=EDGE_CURVE('',#1122,#1120,#171,.T.);
#1609=EDGE_CURVE('',#1125,#1126,#176,.T.);
#1611=EDGE_CURVE('',#1126,#1128,#180,.T.);
#1613=EDGE_CURVE('',#1128,#1130,#184,.T.);
#1615=EDGE_CURVE('',#1130,#1125,#188,.T.);
#1619=EDGE_CURVE('',#1133,#1134,#493,.T.);
#1621=EDGE_CURVE('',#1133,#1136,#192,.T.);
#1623=EDGE_CURVE('',#1136,#1138,#196,.T.);
#1625=EDGE_CURVE('',#1138,#1134,#200,.T.);
#1629=EDGE_CURVE('',#1141,#1142,#529,.T.);
#1631=EDGE_CURVE('',#1141,#1144,#204,.T.);
#1633=EDGE_CURVE('',#1144,#1146,#208,.T.);
#1635=EDGE_CURVE('',#1146,#1142,#212,.T.);
#1646=EDGE_CURVE('',#1122,#1094,#228,.T.);
#1664=EDGE_CURVE('',#1149,#1150,#232,.T.);
#1666=EDGE_CURVE('',#1152,#1149,#256,.T.);
#1668=EDGE_CURVE('',#1154,#1152,#248,.T.);
#1670=EDGE_CURVE('',#1150,#1154,#240,.T.);
#1681=EDGE_CURVE('',#1156,#1150,#244,.T.);
#1683=EDGE_CURVE('',#1158,#1156,#264,.T.);
#1685=EDGE_CURVE('',#1158,#1149,#236,.T.);
#1696=EDGE_CURVE('',#1160,#1154,#252,.T.);
#1698=EDGE_CURVE('',#1156,#1160,#268,.T.);
#1710=EDGE_CURVE('',#1162,#1152,#260,.T.);
#1712=EDGE_CURVE('',#1160,#1162,#272,.T.);
#1725=EDGE_CURVE('',#1162,#1158,#276,.T.);
#1742=EDGE_CURVE('',#1165,#1166,#284,.T.);
#1744=EDGE_CURVE('',#1168,#1165,#416,.T.);
#1746=EDGE_CURVE('',#1170,#1168,#356,.T.);
#1748=EDGE_CURVE('',#1166,#1170,#304,.T.);
#1758=EDGE_CURVE('',#1173,#1174,#288,.T.);
#1760=EDGE_CURVE('',#1173,#1165,#280,.T.);
#1763=EDGE_CURVE('',#1174,#1166,#300,.T.);
#1774=EDGE_CURVE('',#1176,#1174,#296,.T.);
#1776=EDGE_CURVE('',#1176,#1178,#292,.T.);
#1778=EDGE_CURVE('',#1173,#1178,#364,.T.);
#1791=EDGE_CURVE('',#1180,#1170,#352,.T.);
#1793=EDGE_CURVE('',#1180,#1182,#308,.T.);
#1795=EDGE_CURVE('',#1182,#1184,#312,.T.);
#1797=EDGE_CURVE('',#1184,#1186,#316,.T.);
#1799=EDGE_CURVE('',#1186,#1188,#320,.T.);
#1801=EDGE_CURVE('',#1188,#1190,#324,.T.);
#1803=EDGE_CURVE('',#1190,#1192,#328,.T.);
#1805=EDGE_CURVE('',#1192,#1194,#332,.T.);
#1807=EDGE_CURVE('',#1194,#1196,#336,.T.);
#1809=EDGE_CURVE('',#1196,#1198,#340,.T.);
#1811=EDGE_CURVE('',#1198,#1200,#344,.T.);
#1813=EDGE_CURVE('',#1200,#1176,#348,.T.);
#1823=EDGE_CURVE('',#1180,#1202,#360,.T.);
#1827=EDGE_CURVE('',#1202,#1168,#412,.T.);
#1837=EDGE_CURVE('',#1204,#1202,#408,.T.);
#1839=EDGE_CURVE('',#1182,#1204,#456,.T.);
#1852=EDGE_CURVE('',#1178,#1206,#368,.T.);
#1854=EDGE_CURVE('',#1206,#1208,#372,.T.);
#1856=EDGE_CURVE('',#1208,#1210,#376,.T.);
#1858=EDGE_CURVE('',#1210,#1212,#380,.T.);
#1860=EDGE_CURVE('',#1212,#1214,#384,.T.);
#1862=EDGE_CURVE('',#1214,#1216,#388,.T.);
#1864=EDGE_CURVE('',#1216,#1218,#392,.T.);
#1866=EDGE_CURVE('',#1218,#1220,#396,.T.);
#1868=EDGE_CURVE('',#1220,#1222,#400,.T.);
#1870=EDGE_CURVE('',#1222,#1204,#404,.T.);
#1887=EDGE_CURVE('',#1200,#1206,#420,.T.);
#1900=EDGE_CURVE('',#1198,#1208,#424,.T.);
#1913=EDGE_CURVE('',#1196,#1210,#428,.T.);
#1926=EDGE_CURVE('',#1194,#1212,#432,.T.);
#1939=EDGE_CURVE('',#1192,#1214,#436,.T.);
#1952=EDGE_CURVE('',#1190,#1216,#440,.T.);
#1965=EDGE_CURVE('',#1188,#1218,#444,.T.);
#1978=EDGE_CURVE('',#1186,#1220,#448,.T.);
#1991=EDGE_CURVE('',#1184,#1222,#452,.T.);
#2013=EDGE_CURVE('',#1225,#1226,#469,.T.);
#2015=EDGE_CURVE('',#1126,#1225,#460,.T.);
#2018=EDGE_CURVE('',#1226,#1125,#464,.T.);
#2029=EDGE_CURVE('',#1230,#1226,#473,.T.);
#2031=EDGE_CURVE('',#1228,#1230,#481,.T.);
#2033=EDGE_CURVE('',#1225,#1228,#485,.T.);
#2045=EDGE_CURVE('',#1230,#1130,#477,.T.);
#2058=EDGE_CURVE('',#1228,#1128,#489,.T.);
#2081=EDGE_CURVE('',#1133,#1233,#497,.T.);
#2084=EDGE_CURVE('',#1234,#1134,#513,.T.);
#2086=EDGE_CURVE('',#1233,#1234,#509,.T.);
#2097=EDGE_CURVE('',#1233,#1238,#501,.T.);
#2099=EDGE_CURVE('',#1238,#1136,#505,.T.);
#2111=EDGE_CURVE('',#1236,#1234,#517,.T.);
#2113=EDGE_CURVE('',#1238,#1236,#525,.T.);
#2126=EDGE_CURVE('',#1236,#1138,#521,.T.);
#2149=EDGE_CURVE('',#1141,#1241,#533,.T.);
#2152=EDGE_CURVE('',#1242,#1142,#549,.T.);
#2154=EDGE_CURVE('',#1241,#1242,#545,.T.);
#2165=EDGE_CURVE('',#1241,#1246,#537,.T.);
#2167=EDGE_CURVE('',#1246,#1144,#541,.T.);
#2179=EDGE_CURVE('',#1244,#1242,#553,.T.);
#2181=EDGE_CURVE('',#1246,#1244,#557,.T.);
#2194=EDGE_CURVE('',#1244,#1146,#561,.T.);
#2217=EDGE_CURVE('',#1098,#1248,#565,.T.);
#2220=EDGE_CURVE('',#1250,#1097,#569,.T.);
#2222=EDGE_CURVE('',#1248,#1250,#582,.T.);
#2234=EDGE_CURVE('',#1254,#1248,#594,.T.);
#2236=EDGE_CURVE('',#1254,#1100,#577,.T.);
#2247=EDGE_CURVE('',#1250,#1252,#586,.T.);
#2249=EDGE_CURVE('',#1252,#1254,#590,.T.);
#2261=EDGE_CURVE('',#1252,#1102,#606,.T.);
#2285=EDGE_CURVE('',#1105,#1257,#614,.T.);
#2288=EDGE_CURVE('',#1258,#1106,#642,.T.);
#2290=EDGE_CURVE('',#1257,#1258,#626,.T.);
#2301=EDGE_CURVE('',#1262,#1257,#638,.T.);
#2303=EDGE_CURVE('',#1262,#1108,#618,.T.);
#2315=EDGE_CURVE('',#1258,#1260,#630,.T.);
#2317=EDGE_CURVE('',#1260,#1262,#634,.T.);
#2330=EDGE_CURVE('',#1260,#1110,#654,.T.);
#2353=EDGE_CURVE('',#1113,#1265,#662,.T.);
#2356=EDGE_CURVE('',#1266,#1114,#690,.T.);
#2358=EDGE_CURVE('',#1265,#1266,#674,.T.);
#2369=EDGE_CURVE('',#1270,#1265,#686,.T.);
#2371=EDGE_CURVE('',#1270,#1116,#666,.T.);
#2383=EDGE_CURVE('',#1266,#1268,#678,.T.);
#2385=EDGE_CURVE('',#1268,#1270,#682,.T.);
#2398=EDGE_CURVE('',#1268,#1118,#702,.T.);
#2421=EDGE_CURVE('',#1046,#1060,#706,.T.);
#2434=EDGE_CURVE('',#1044,#1062,#718,.T.);
#2449=EDGE_CURVE('',#1042,#1064,#726,.T.);
#2463=EDGE_CURVE('',#1066,#1040,#730,.T.);
#2485=EDGE_CURVE('',#1273,#1274,#739,.T.);
#2487=EDGE_CURVE('',#1274,#1276,#743,.T.);
#2489=EDGE_CURVE('',#1276,#1278,#748,.T.);
#2491=EDGE_CURVE('',#1278,#1280,#752,.T.);
#2493=EDGE_CURVE('',#1280,#1282,#756,.T.);
#2495=EDGE_CURVE('',#1282,#1078,#760,.T.);
#2498=EDGE_CURVE('',#1284,#1077,#805,.T.);
#2500=EDGE_CURVE('',#1284,#1286,#764,.T.);
#2502=EDGE_CURVE('',#1288,#1286,#793,.T.);
#2504=EDGE_CURVE('',#1288,#1290,#769,.T.);
#2506=EDGE_CURVE('',#1273,#1290,#781,.T.);
#2516=EDGE_CURVE('',#1292,#1273,#773,.T.);
#2518=EDGE_CURVE('',#1294,#1292,#814,.T.);
#2520=EDGE_CURVE('',#1274,#1294,#777,.T.);
#2533=EDGE_CURVE('',#1296,#1290,#789,.T.);
#2535=EDGE_CURVE('',#1292,#1296,#818,.T.);
#2545=EDGE_CURVE('',#1288,#1298,#785,.T.);
#2547=EDGE_CURVE('',#1296,#1298,#823,.T.);
#2559=EDGE_CURVE('',#1300,#1286,#797,.T.);
#2561=EDGE_CURVE('',#1298,#1300,#827,.T.);
#2575=EDGE_CURVE('',#1302,#1284,#801,.T.);
#2577=EDGE_CURVE('',#1300,#1302,#831,.T.);
#2590=EDGE_CURVE('',#1302,#1082,#835,.T.);
#2607=EDGE_CURVE('',#1304,#1080,#852,.T.);
#2609=EDGE_CURVE('',#1304,#1306,#839,.T.);
#2611=EDGE_CURVE('',#1308,#1306,#864,.T.);
#2613=EDGE_CURVE('',#1308,#1310,#844,.T.);
#2615=EDGE_CURVE('',#1294,#1310,#876,.T.);
#2625=EDGE_CURVE('',#1282,#1304,#848,.T.);
#2638=EDGE_CURVE('',#1280,#1306,#860,.T.);
#2653=EDGE_CURVE('',#1278,#1308,#868,.T.);
#2667=EDGE_CURVE('',#1310,#1276,#872,.T.);
#2689=EDGE_CURVE('',#1313,#1314,#881,.T.);
#2691=EDGE_CURVE('',#1314,#1316,#885,.T.);
#2693=EDGE_CURVE('',#1316,#1318,#890,.T.);
#2695=EDGE_CURVE('',#1318,#1320,#894,.T.);
#2697=EDGE_CURVE('',#1320,#1322,#898,.T.);
#2699=EDGE_CURVE('',#1322,#1086,#902,.T.);
#2702=EDGE_CURVE('',#1324,#1085,#947,.T.);
#2704=EDGE_CURVE('',#1324,#1326,#906,.T.);
#2706=EDGE_CURVE('',#1328,#1326,#935,.T.);
#2708=EDGE_CURVE('',#1328,#1330,#911,.T.);
#2710=EDGE_CURVE('',#1313,#1330,#923,.T.);
#2720=EDGE_CURVE('',#1332,#1313,#915,.T.);
#2722=EDGE_CURVE('',#1334,#1332,#956,.T.);
#2724=EDGE_CURVE('',#1314,#1334,#919,.T.);
#2737=EDGE_CURVE('',#1336,#1330,#931,.T.);
#2739=EDGE_CURVE('',#1332,#1336,#960,.T.);
#2749=EDGE_CURVE('',#1328,#1338,#927,.T.);
#2751=EDGE_CURVE('',#1336,#1338,#965,.T.);
#2763=EDGE_CURVE('',#1340,#1326,#939,.T.);
#2765=EDGE_CURVE('',#1338,#1340,#969,.T.);
#2779=EDGE_CURVE('',#1342,#1324,#943,.T.);
#2781=EDGE_CURVE('',#1340,#1342,#973,.T.);
#2794=EDGE_CURVE('',#1342,#1090,#977,.T.);
#2811=EDGE_CURVE('',#1344,#1088,#994,.T.);
#2813=EDGE_CURVE('',#1344,#1346,#981,.T.);
#2815=EDGE_CURVE('',#1348,#1346,#1006,.T.);
#2817=EDGE_CURVE('',#1348,#1350,#986,.T.);
#2819=EDGE_CURVE('',#1334,#1350,#1018,.T.);
#2829=EDGE_CURVE('',#1322,#1344,#990,.T.);
#2842=EDGE_CURVE('',#1320,#1346,#1002,.T.);
#2857=EDGE_CURVE('',#1318,#1348,#1010,.T.);
#2871=EDGE_CURVE('',#1350,#1316,#1014,.T.);
#2890=(LENGTH_UNIT()NAMED_UNIT(*)SI_UNIT(.MILLI.,.METRE.));
#2892=(NAMED_UNIT(*)PLANE_ANGLE_UNIT()SI_UNIT($,.RADIAN.));
#2895=(NAMED_UNIT(*)SI_UNIT($,.STERADIAN.)SOLID_ANGLE_UNIT());
#2901=AXIS2_PLACEMENT_3D('',#2898,#2899,#2900);
#2902=ADVANCED_BREP_SHAPE_REPRESENTATION('',(#2901,#2889),#2897);
#2909=PRODUCT_DEFINITION('design','',#2908,#2905);
#2910=PRODUCT_DEFINITION_SHAPE('','SHAPE FOR COMPOUND-517_1.',#2909);
#2911=SHAPE_DEFINITION_REPRESENTATION(#2910,#2902);
#2912=SHAPE_DEFINITION_REPRESENTATION(#2913,#2914);
#2913=PRODUCT_DEFINITION_SHAPE('','SHAPE FOR COMPOUND-517_ASM.',#6580);
#2914=SHAPE_REPRESENTATION('',(#2925,#2920,#6561,#6556,#6575),#6571);
#2915=NEXT_ASSEMBLY_USAGE_OCCURRENCE('280','Next assembly relationship',
'COMPOUND-517_1',#6580,#2909,$);
#2916=PRODUCT_DEFINITION_SHAPE('Placement #280',
'Placement of COMPOUND-517_1 with respect to COMPOUND-517_ASM',#2915);
#2925=AXIS2_PLACEMENT_3D('',#2922,#2923,#2924);
#2932=CIRCLE('',#2931,7.499577309190E-1);
#3005=CIRCLE('',#3004,5.143157485714E-2);
#3026=CIRCLE('',#3025,9.257683474286E-2);
#3067=CIRCLE('',#3066,4.114525988571E-2);
#3084=CIRCLE('',#3083,3.085894491429E-2);
#3161=CIRCLE('',#3160,7.499577309190E-1);
#3234=CIRCLE('',#3233,2.999830923670E-1);
#3239=CIRCLE('',#3238,9.999436412247E-2);
#3244=CIRCLE('',#3243,2.499859103060E-1);
#3265=CIRCLE('',#3264,6.249647757650E-1);
#3286=CIRCLE('',#3285,6.249647757650E-1);
#3355=CIRCLE('',#3354,9.999436412247E-2);
#3372=CIRCLE('',#3371,2.999830923670E-1);
#3381=CIRCLE('',#3380,2.499859103060E-1);
#3414=CIRCLE('',#3413,6.249647757650E-1);
#3427=CIRCLE('',#3426,2.499859103060E-1);
#3448=CIRCLE('',#3447,2.999830923670E-1);
#3465=CIRCLE('',#3464,9.999436412247E-2);
#3482=CIRCLE('',#3481,9.999436412247E-2);
#3487=CIRCLE('',#3486,2.999830923670E-1);
#3492=CIRCLE('',#3491,2.499859103060E-1);
#3521=CIRCLE('',#3520,7.499577309190E-1);
#3546=CIRCLE('',#3545,7.499577309190E-1);
#3735=CIRCLE('',#3734,6.249647757650E-1);
#4100=CIRCLE('',#4099,3.085894491429E-2);
#4117=CIRCLE('',#4116,4.114525988571E-2);
#4158=CIRCLE('',#4157,9.257683474286E-2);
#4179=CIRCLE('',#4178,5.143157485714E-2);
#4665=EDGE_CURVE('',#4238,#4239,#3148,.T.);
#4667=EDGE_CURVE('',#4238,#4241,#2932,.T.);
#4669=EDGE_CURVE('',#4241,#4243,#2936,.T.);
#4671=EDGE_CURVE('',#4245,#4243,#3225,.T.);
#4673=EDGE_CURVE('',#4245,#4247,#2940,.T.);
#4675=EDGE_CURVE('',#4247,#4249,#3698,.T.);
#4677=EDGE_CURVE('',#4251,#4249,#3367,.T.);
#4679=EDGE_CURVE('',#4239,#4251,#3767,.T.);
#4683=EDGE_CURVE('',#4254,#4255,#3803,.T.);
#4685=EDGE_CURVE('',#4257,#4254,#3827,.T.);
#4687=EDGE_CURVE('',#4259,#4257,#3819,.T.);
#4689=EDGE_CURVE('',#4255,#4259,#3811,.T.);
#4693=EDGE_CURVE('',#4262,#4263,#3771,.T.);
#4695=EDGE_CURVE('',#4265,#4262,#3795,.T.);
#4697=EDGE_CURVE('',#4267,#4265,#3787,.T.);
#4699=EDGE_CURVE('',#4263,#4267,#3779,.T.);
#4703=EDGE_CURVE('',#4562,#4563,#2944,.T.);
#4705=EDGE_CURVE('',#4563,#4565,#2948,.T.);
#4707=EDGE_CURVE('',#4565,#4567,#2952,.T.);
#4709=EDGE_CURVE('',#4567,#4569,#2956,.T.);
#4711=EDGE_CURVE('',#4569,#4571,#2960,.T.);
#4713=EDGE_CURVE('',#4571,#4573,#2964,.T.);
#4715=EDGE_CURVE('',#4573,#4575,#2968,.T.);
#4717=EDGE_CURVE('',#4575,#4577,#2972,.T.);
#4719=EDGE_CURVE('',#4577,#4579,#2976,.T.);
#4721=EDGE_CURVE('',#4579,#4581,#2980,.T.);
#4723=EDGE_CURVE('',#4581,#4583,#2984,.T.);
#4725=EDGE_CURVE('',#4583,#4585,#2988,.T.);
#4727=EDGE_CURVE('',#4585,#4587,#2992,.T.);
#4729=EDGE_CURVE('',#4587,#4589,#2996,.T.);
#4731=EDGE_CURVE('',#4589,#4591,#3000,.T.);
#4733=EDGE_CURVE('',#4591,#4593,#3005,.T.);
#4735=EDGE_CURVE('',#4593,#4595,#3009,.T.);
#4737=EDGE_CURVE('',#4595,#4597,#3013,.T.);
#4739=EDGE_CURVE('',#4597,#4599,#3017,.T.);
#4741=EDGE_CURVE('',#4599,#4601,#3021,.T.);
#4743=EDGE_CURVE('',#4601,#4603,#3026,.T.);
#4745=EDGE_CURVE('',#4603,#4605,#3030,.T.);
#4747=EDGE_CURVE('',#4605,#4607,#3034,.T.);
#4749=EDGE_CURVE('',#4607,#4609,#3038,.T.);
#4751=EDGE_CURVE('',#4609,#4611,#3042,.T.);
#4753=EDGE_CURVE('',#4611,#4613,#3046,.T.);
#4755=EDGE_CURVE('',#4613,#4615,#3050,.T.);
#4757=EDGE_CURVE('',#4615,#4617,#3054,.T.);
#4759=EDGE_CURVE('',#4617,#4619,#3058,.T.);
#4761=EDGE_CURVE('',#4619,#4621,#3062,.T.);
#4763=EDGE_CURVE('',#4623,#4621,#3067,.T.);
#4765=EDGE_CURVE('',#4623,#4625,#3071,.T.);
#4767=EDGE_CURVE('',#4625,#4627,#3075,.T.);
#4769=EDGE_CURVE('',#4627,#4629,#3079,.T.);
#4771=EDGE_CURVE('',#4631,#4629,#3084,.T.);
#4773=EDGE_CURVE('',#4631,#4633,#3088,.T.);
#4775=EDGE_CURVE('',#4633,#4635,#3092,.T.);
#4777=EDGE_CURVE('',#4635,#4637,#3096,.T.);
#4779=EDGE_CURVE('',#4637,#4639,#3100,.T.);
#4781=EDGE_CURVE('',#4639,#4641,#3104,.T.);
#4783=EDGE_CURVE('',#4641,#4643,#3108,.T.);
#4785=EDGE_CURVE('',#4643,#4645,#3112,.T.);
#4787=EDGE_CURVE('',#4645,#4647,#3116,.T.);
#4789=EDGE_CURVE('',#4647,#4649,#3120,.T.);
#4791=EDGE_CURVE('',#4649,#4651,#3124,.T.);
#4793=EDGE_CURVE('',#4651,#4653,#3128,.T.);
#4795=EDGE_CURVE('',#4653,#4655,#3132,.T.);
#4797=EDGE_CURVE('',#4655,#4657,#3136,.T.);
#4799=EDGE_CURVE('',#4657,#4659,#3140,.T.);
#4801=EDGE_CURVE('',#4659,#4562,#3144,.T.);
#4811=EDGE_CURVE('',#4238,#4281,#3152,.T.);
#4814=EDGE_CURVE('',#4283,#4239,#3763,.T.);
#4816=EDGE_CURVE('',#4281,#4283,#3165,.T.);
#4827=EDGE_CURVE('',#4278,#4281,#3161,.T.);
#4829=EDGE_CURVE('',#4278,#4241,#3156,.T.);
#4840=EDGE_CURVE('',#4278,#4279,#3213,.T.);
#4844=EDGE_CURVE('',#4283,#4285,#3169,.T.);
#4846=EDGE_CURVE('',#4287,#4285,#3359,.T.);
#4848=EDGE_CURVE('',#4289,#4287,#3346,.T.);
#4850=EDGE_CURVE('',#4289,#4291,#3173,.T.);
#4852=EDGE_CURVE('',#4291,#4279,#3177,.T.);
#4856=EDGE_CURVE('',#4294,#4295,#3181,.T.);
#4858=EDGE_CURVE('',#4295,#4297,#3185,.T.);
#4860=EDGE_CURVE('',#4297,#4299,#3189,.T.);
#4862=EDGE_CURVE('',#4299,#4294,#3193,.T.);
#4866=EDGE_CURVE('',#4271,#4269,#3197,.T.);
#4868=EDGE_CURVE('',#4269,#4273,#3201,.T.);
#4870=EDGE_CURVE('',#4273,#4275,#3205,.T.);
#4872=EDGE_CURVE('',#4275,#4271,#3209,.T.);
#4884=EDGE_CURVE('',#4279,#4243,#3217,.T.);
#4897=EDGE_CURVE('',#4291,#4245,#3221,.T.);
#4908=EDGE_CURVE('',#4353,#4374,#3229,.T.);
#4910=EDGE_CURVE('',#4379,#4374,#3477,.T.);
#4912=EDGE_CURVE('',#4379,#4247,#3234,.T.);
#4917=EDGE_CURVE('',#4289,#4355,#3239,.T.);
#4919=EDGE_CURVE('',#4353,#4355,#3314,.T.);
#4929=EDGE_CURVE('',#4387,#4374,#3244,.T.);
#4932=EDGE_CURVE('',#4351,#4353,#3310,.T.);
#4934=EDGE_CURVE('',#4399,#4351,#3294,.T.);
#4936=EDGE_CURVE('',#4399,#4393,#3248,.T.);
#4938=EDGE_CURVE('',#4387,#4393,#3260,.T.);
#4948=EDGE_CURVE('',#4386,#4387,#3252,.T.);
#4950=EDGE_CURVE('',#4375,#4386,#3492,.T.);
#4952=EDGE_CURVE('',#4374,#4375,#3256,.T.);
#4965=EDGE_CURVE('',#4395,#4393,#3273,.T.);
#4967=EDGE_CURVE('',#4395,#4397,#3265,.T.);
#4969=EDGE_CURVE('',#4389,#4397,#3508,.T.);
#4971=EDGE_CURVE('',#4389,#4386,#3269,.T.);
#4981=EDGE_CURVE('',#4459,#4395,#3277,.T.);
#4985=EDGE_CURVE('',#4459,#4399,#3290,.T.);
#4996=EDGE_CURVE('',#4458,#4459,#3286,.T.);
#4998=EDGE_CURVE('',#4397,#4458,#3281,.T.);
#5012=EDGE_CURVE('',#4350,#4351,#3306,.T.);
#5014=EDGE_CURVE('',#4350,#4391,#3298,.T.);
#5016=EDGE_CURVE('',#4391,#4458,#3302,.T.);
#5029=EDGE_CURVE('',#4321,#4355,#3342,.T.);
#5031=EDGE_CURVE('',#4318,#4321,#3350,.T.);
#5033=EDGE_CURVE('',#4339,#4318,#3389,.T.);
#5035=EDGE_CURVE('',#4327,#4339,#3739,.T.);
#5037=EDGE_CURVE('',#4327,#4302,#3318,.T.);
#5039=EDGE_CURVE('',#4315,#4302,#3469,.T.);
#5041=EDGE_CURVE('',#4357,#4315,#3516,.T.);
#5043=EDGE_CURVE('',#4357,#4359,#3322,.T.);
#5045=EDGE_CURVE('',#4350,#4359,#3496,.T.);
#5049=EDGE_CURVE('',#4362,#4363,#3326,.T.);
#5051=EDGE_CURVE('',#4363,#4365,#3330,.T.);
#5053=EDGE_CURVE('',#4365,#4367,#3334,.T.);
#5055=EDGE_CURVE('',#4367,#4362,#3338,.T.);
#5065=EDGE_CURVE('',#4321,#4287,#3355,.T.);
#5078=EDGE_CURVE('',#4318,#4319,#3393,.T.);
#5083=EDGE_CURVE('',#4285,#4251,#3363,.T.);
#5086=EDGE_CURVE('',#4249,#4323,#3372,.T.);
#5088=EDGE_CURVE('',#4323,#4319,#3376,.T.);
#5098=EDGE_CURVE('',#4319,#4333,#3381,.T.);
#5100=EDGE_CURVE('',#4335,#4333,#3422,.T.);
#5102=EDGE_CURVE('',#4337,#4335,#3755,.T.);
#5104=EDGE_CURVE('',#4337,#4339,#3385,.T.);
#5116=EDGE_CURVE('',#4333,#4325,#3397,.T.);
#5119=EDGE_CURVE('',#4303,#4319,#3401,.T.);
#5121=EDGE_CURVE('',#4325,#4303,#3427,.T.);
#5132=EDGE_CURVE('',#4325,#4331,#3405,.T.);
#5134=EDGE_CURVE('',#4331,#4341,#3409,.T.);
#5136=EDGE_CURVE('',#4341,#4343,#3414,.T.);
#5138=EDGE_CURVE('',#4343,#4335,#3418,.T.);
#5150=EDGE_CURVE('',#4302,#4303,#3439,.T.);
#5153=EDGE_CURVE('',#4327,#4329,#3431,.T.);
#5155=EDGE_CURVE('',#4329,#4331,#3435,.T.);
#5167=EDGE_CURVE('',#4303,#4305,#3443,.T.);
#5169=EDGE_CURVE('',#4305,#4307,#3448,.T.);
#5171=EDGE_CURVE('',#4307,#4309,#3452,.T.);
#5173=EDGE_CURVE('',#4309,#4311,#3456,.T.);
#5175=EDGE_CURVE('',#4311,#4313,#3460,.T.);
#5177=EDGE_CURVE('',#4313,#4315,#3465,.T.);
#5189=EDGE_CURVE('',#4375,#4377,#3473,.T.);
#5191=EDGE_CURVE('',#4377,#4305,#3626,.T.);
#5196=EDGE_CURVE('',#4323,#4379,#3694,.T.);
#5201=EDGE_CURVE('',#4370,#4371,#3702,.T.);
#5203=EDGE_CURVE('',#4381,#4370,#3726,.T.);
#5205=EDGE_CURVE('',#4383,#4381,#3718,.T.);
#5207=EDGE_CURVE('',#4371,#4383,#3710,.T.);
#5217=EDGE_CURVE('',#4359,#4375,#3500,.T.);
#5220=EDGE_CURVE('',#4357,#4401,#3482,.T.);
#5222=EDGE_CURVE('',#4403,#4401,#3529,.T.);
#5224=EDGE_CURVE('',#4405,#4403,#3606,.T.);
#5226=EDGE_CURVE('',#4407,#4405,#3558,.T.);
#5228=EDGE_CURVE('',#4407,#4377,#3487,.T.);
#5241=EDGE_CURVE('',#4391,#4389,#3504,.T.);
#5267=EDGE_CURVE('',#4313,#4401,#3512,.T.);
#5279=EDGE_CURVE('',#4410,#4411,#3533,.T.);
#5281=EDGE_CURVE('',#4410,#4413,#3521,.T.);
#5283=EDGE_CURVE('',#4413,#4415,#3525,.T.);
#5285=EDGE_CURVE('',#4403,#4415,#3610,.T.);
#5290=EDGE_CURVE('',#4411,#4311,#3618,.T.);
#5294=EDGE_CURVE('',#4418,#4419,#3634,.T.);
#5296=EDGE_CURVE('',#4421,#4418,#3658,.T.);
#5298=EDGE_CURVE('',#4423,#4421,#3650,.T.);
#5300=EDGE_CURVE('',#4419,#4423,#3638,.T.);
#5304=EDGE_CURVE('',#4426,#4427,#3666,.T.);
#5306=EDGE_CURVE('',#4429,#4426,#3690,.T.);
#5308=EDGE_CURVE('',#4431,#4429,#3682,.T.);
#5310=EDGE_CURVE('',#4427,#4431,#3670,.T.);
#5320=EDGE_CURVE('',#4410,#4445,#3537,.T.);
#5323=EDGE_CURVE('',#4447,#4411,#3614,.T.);
#5325=EDGE_CURVE('',#4445,#4447,#3550,.T.);
#5336=EDGE_CURVE('',#4442,#4445,#3546,.T.);
#5338=EDGE_CURVE('',#4442,#4413,#3541,.T.);
#5349=EDGE_CURVE('',#4442,#4443,#3598,.T.);
#5353=EDGE_CURVE('',#4447,#4309,#3554,.T.);
#5356=EDGE_CURVE('',#4307,#4407,#3622,.T.);
#5359=EDGE_CURVE('',#4405,#4443,#3562,.T.);
#5363=EDGE_CURVE('',#4450,#4451,#3566,.T.);
#5365=EDGE_CURVE('',#4451,#4453,#3570,.T.);
#5367=EDGE_CURVE('',#4453,#4455,#3574,.T.);
#5369=EDGE_CURVE('',#4455,#4450,#3578,.T.);
#5373=EDGE_CURVE('',#4435,#4433,#3582,.T.);
#5375=EDGE_CURVE('',#4433,#4437,#3586,.T.);
#5377=EDGE_CURVE('',#4437,#4439,#3590,.T.);
#5379=EDGE_CURVE('',#4439,#4435,#3594,.T.);
#5391=EDGE_CURVE('',#4443,#4415,#3602,.T.);
#5438=EDGE_CURVE('',#4419,#4451,#3630,.T.);
#5441=EDGE_CURVE('',#4418,#4450,#3654,.T.);
#5454=EDGE_CURVE('',#4423,#4453,#3642,.T.);
#5465=EDGE_CURVE('',#4421,#4455,#3646,.T.);
#5490=EDGE_CURVE('',#4427,#4433,#3662,.T.);
#5493=EDGE_CURVE('',#4426,#4435,#3686,.T.);
#5506=EDGE_CURVE('',#4431,#4437,#3674,.T.);
#5517=EDGE_CURVE('',#4429,#4439,#3678,.T.);
#5555=EDGE_CURVE('',#4363,#4371,#3714,.T.);
#5558=EDGE_CURVE('',#4362,#4370,#3706,.T.);
#5569=EDGE_CURVE('',#4365,#4383,#3722,.T.);
#5582=EDGE_CURVE('',#4367,#4381,#3730,.T.);
#5606=EDGE_CURVE('',#4347,#4345,#3735,.T.);
#5608=EDGE_CURVE('',#4329,#4345,#3759,.T.);
#5613=EDGE_CURVE('',#4347,#4337,#3751,.T.);
#5623=EDGE_CURVE('',#4343,#4347,#3743,.T.);
#5626=EDGE_CURVE('',#4345,#4341,#3747,.T.);
#5674=EDGE_CURVE('',#4295,#4263,#3783,.T.);
#5677=EDGE_CURVE('',#4294,#4262,#3775,.T.);
#5688=EDGE_CURVE('',#4297,#4267,#3791,.T.);
#5701=EDGE_CURVE('',#4299,#4265,#3799,.T.);
#5726=EDGE_CURVE('',#4269,#4255,#3815,.T.);
#5729=EDGE_CURVE('',#4271,#4254,#3807,.T.);
#5740=EDGE_CURVE('',#4273,#4259,#3823,.T.);
#5753=EDGE_CURVE('',#4275,#4257,#3831,.T.);
#5778=EDGE_CURVE('',#4562,#4462,#3835,.T.);
#5780=EDGE_CURVE('',#4462,#4463,#4035,.T.);
#5782=EDGE_CURVE('',#4563,#4463,#4031,.T.);
#5793=EDGE_CURVE('',#4659,#4559,#3839,.T.);
#5795=EDGE_CURVE('',#4559,#4462,#4039,.T.);
#5807=EDGE_CURVE('',#4657,#4557,#3843,.T.);
#5809=EDGE_CURVE('',#4557,#4559,#4043,.T.);
#5821=EDGE_CURVE('',#4655,#4555,#3847,.T.);
#5823=EDGE_CURVE('',#4555,#4557,#4047,.T.);
#5835=EDGE_CURVE('',#4653,#4553,#3851,.T.);
#5837=EDGE_CURVE('',#4553,#4555,#4051,.T.);
#5849=EDGE_CURVE('',#4651,#4551,#3855,.T.);
#5851=EDGE_CURVE('',#4551,#4553,#4055,.T.);
#5863=EDGE_CURVE('',#4649,#4549,#3859,.T.);
#5865=EDGE_CURVE('',#4549,#4551,#4059,.T.);
#5877=EDGE_CURVE('',#4647,#4547,#3863,.T.);
#5879=EDGE_CURVE('',#4547,#4549,#4063,.T.);
#5891=EDGE_CURVE('',#4645,#4545,#3867,.T.);
#5893=EDGE_CURVE('',#4545,#4547,#4067,.T.);
#5905=EDGE_CURVE('',#4643,#4543,#3871,.T.);
#5907=EDGE_CURVE('',#4543,#4545,#4071,.T.);
#5919=EDGE_CURVE('',#4641,#4541,#3875,.T.);
#5921=EDGE_CURVE('',#4541,#4543,#4075,.T.);
#5933=EDGE_CURVE('',#4639,#4539,#3879,.T.);
#5935=EDGE_CURVE('',#4539,#4541,#4079,.T.);
#5947=EDGE_CURVE('',#4637,#4537,#3883,.T.);
#5949=EDGE_CURVE('',#4537,#4539,#4083,.T.);
#5961=EDGE_CURVE('',#4635,#4535,#3887,.T.);
#5963=EDGE_CURVE('',#4535,#4537,#4087,.T.);
#5975=EDGE_CURVE('',#4633,#4533,#3891,.T.);
#5977=EDGE_CURVE('',#4533,#4535,#4091,.T.);
#5989=EDGE_CURVE('',#4631,#4531,#3895,.T.);
#5991=EDGE_CURVE('',#4531,#4533,#4095,.T.);
#6003=EDGE_CURVE('',#4629,#4529,#3899,.T.);
#6005=EDGE_CURVE('',#4529,#4531,#4100,.T.);
#6017=EDGE_CURVE('',#4627,#4527,#3903,.T.);
#6019=EDGE_CURVE('',#4527,#4529,#4104,.T.);
#6031=EDGE_CURVE('',#4625,#4525,#3907,.T.);
#6033=EDGE_CURVE('',#4525,#4527,#4108,.T.);
#6045=EDGE_CURVE('',#4623,#4523,#3911,.T.);
#6047=EDGE_CURVE('',#4523,#4525,#4112,.T.);
#6059=EDGE_CURVE('',#4621,#4521,#3915,.T.);
#6061=EDGE_CURVE('',#4521,#4523,#4117,.T.);
#6073=EDGE_CURVE('',#4619,#4519,#3919,.T.);
#6075=EDGE_CURVE('',#4519,#4521,#4121,.T.);
#6087=EDGE_CURVE('',#4617,#4517,#3923,.T.);
#6089=EDGE_CURVE('',#4517,#4519,#4125,.T.);
#6101=EDGE_CURVE('',#4615,#4515,#3927,.T.);
#6103=EDGE_CURVE('',#4515,#4517,#4129,.T.);
#6115=EDGE_CURVE('',#4613,#4513,#3931,.T.);
#6117=EDGE_CURVE('',#4513,#4515,#4133,.T.);
#6129=EDGE_CURVE('',#4611,#4511,#3935,.T.);
#6131=EDGE_CURVE('',#4511,#4513,#4137,.T.);
#6143=EDGE_CURVE('',#4609,#4509,#3939,.T.);
#6145=EDGE_CURVE('',#4509,#4511,#4141,.T.);
#6157=EDGE_CURVE('',#4607,#4507,#3943,.T.);
#6159=EDGE_CURVE('',#4507,#4509,#4145,.T.);
#6171=EDGE_CURVE('',#4605,#4505,#3947,.T.);
#6173=EDGE_CURVE('',#4505,#4507,#4149,.T.);
#6185=EDGE_CURVE('',#4603,#4503,#3951,.T.);
#6187=EDGE_CURVE('',#4503,#4505,#4153,.T.);
#6199=EDGE_CURVE('',#4601,#4501,#3955,.T.);
#6201=EDGE_CURVE('',#4501,#4503,#4158,.T.);
#6213=EDGE_CURVE('',#4599,#4499,#3959,.T.);
#6215=EDGE_CURVE('',#4499,#4501,#4162,.T.);
#6227=EDGE_CURVE('',#4597,#4497,#3963,.T.);
#6229=EDGE_CURVE('',#4497,#4499,#4166,.T.);
#6241=EDGE_CURVE('',#4595,#4495,#3967,.T.);
#6243=EDGE_CURVE('',#4495,#4497,#4170,.T.);
#6255=EDGE_CURVE('',#4593,#4493,#3971,.T.);
#6257=EDGE_CURVE('',#4493,#4495,#4174,.T.);
#6269=EDGE_CURVE('',#4591,#4491,#3975,.T.);
#6271=EDGE_CURVE('',#4491,#4493,#4179,.T.);
#6283=EDGE_CURVE('',#4589,#4489,#3979,.T.);
#6285=EDGE_CURVE('',#4489,#4491,#4183,.T.);
#6297=EDGE_CURVE('',#4587,#4487,#3983,.T.);
#6299=EDGE_CURVE('',#4487,#4489,#4187,.T.);
#6311=EDGE_CURVE('',#4585,#4485,#3987,.T.);
#6313=EDGE_CURVE('',#4485,#4487,#4191,.T.);
#6325=EDGE_CURVE('',#4583,#4483,#3991,.T.);
#6327=EDGE_CURVE('',#4483,#4485,#4195,.T.);
#6339=EDGE_CURVE('',#4581,#4481,#3995,.T.);
#6341=EDGE_CURVE('',#4481,#4483,#4199,.T.);
#6353=EDGE_CURVE('',#4579,#4479,#3999,.T.);
#6355=EDGE_CURVE('',#4479,#4481,#4203,.T.);
#6367=EDGE_CURVE('',#4577,#4477,#4003,.T.);
#6369=EDGE_CURVE('',#4477,#4479,#4207,.T.);
#6381=EDGE_CURVE('',#4575,#4475,#4007,.T.);
#6383=EDGE_CURVE('',#4475,#4477,#4211,.T.);
#6395=EDGE_CURVE('',#4573,#4473,#4011,.T.);
#6397=EDGE_CURVE('',#4473,#4475,#4215,.T.);
#6409=EDGE_CURVE('',#4571,#4471,#4015,.T.);
#6411=EDGE_CURVE('',#4471,#4473,#4219,.T.);
#6423=EDGE_CURVE('',#4569,#4469,#4019,.T.);
#6425=EDGE_CURVE('',#4469,#4471,#4223,.T.);
#6437=EDGE_CURVE('',#4567,#4467,#4023,.T.);
#6439=EDGE_CURVE('',#4467,#4469,#4227,.T.);
#6451=EDGE_CURVE('',#4565,#4465,#4027,.T.);
#6453=EDGE_CURVE('',#4465,#4467,#4231,.T.);
#6466=EDGE_CURVE('',#4463,#4465,#4235,.T.);
#6532=(LENGTH_UNIT()NAMED_UNIT(*)SI_UNIT(.MILLI.,.METRE.));
#6534=(NAMED_UNIT(*)PLANE_ANGLE_UNIT()SI_UNIT($,.RADIAN.));
#6537=(NAMED_UNIT(*)SI_UNIT($,.STERADIAN.)SOLID_ANGLE_UNIT());
#6543=AXIS2_PLACEMENT_3D('',#6540,#6541,#6542);
#6544=ADVANCED_BREP_SHAPE_REPRESENTATION('',(#6543,#6531),#6539);
#6548=PRODUCT_DEFINITION('design','',#6547,#2905);
#6549=PRODUCT_DEFINITION_SHAPE('','SHAPE FOR COMPOUND-517_2.',#6548);
#6550=SHAPE_DEFINITION_REPRESENTATION(#6549,#6544);
#6551=NEXT_ASSEMBLY_USAGE_OCCURRENCE('281','Next assembly relationship',
'COMPOUND-517_2',#6580,#6548,$);
#6552=PRODUCT_DEFINITION_SHAPE('Placement #281',
'Placement of COMPOUND-517_2 with respect to COMPOUND-517_ASM',#6551);
#6561=AXIS2_PLACEMENT_3D('',#6558,#6559,#6560);
#6564=(LENGTH_UNIT()NAMED_UNIT(*)SI_UNIT(.MILLI.,.METRE.));
#6566=(NAMED_UNIT(*)PLANE_ANGLE_UNIT()SI_UNIT($,.RADIAN.));
#6569=(NAMED_UNIT(*)SI_UNIT($,.STERADIAN.)SOLID_ANGLE_UNIT());
#6575=AXIS2_PLACEMENT_3D('',#6572,#6573,#6574);
#6580=PRODUCT_DEFINITION('design','',#6579,#6576);
#6581=SHAPE_DEFINITION_REPRESENTATION(#6582,#6583);
#6582=PRODUCT_DEFINITION_SHAPE('',
'SHAPE FOR B5A273F33FA249AE91F48AE8B7AA079_ASM.',#6612);
#6583=SHAPE_REPRESENTATION('',(#6594,#6589,#6608),#6604);
#6584=NEXT_ASSEMBLY_USAGE_OCCURRENCE('282','Next assembly relationship',
'COMPOUND-517',#6612,#6580,$);
#6585=PRODUCT_DEFINITION_SHAPE('Placement #282',
'Placement of COMPOUND-517_ASM with respect to B5A273F33FA249AE91F48AE8B7AA079_ASM',#6584);
#6594=AXIS2_PLACEMENT_3D('',#6591,#6592,#6593);
#6597=(LENGTH_UNIT()NAMED_UNIT(*)SI_UNIT(.MILLI.,.METRE.));
#6599=(NAMED_UNIT(*)PLANE_ANGLE_UNIT()SI_UNIT($,.RADIAN.));
#6602=(NAMED_UNIT(*)SI_UNIT($,.STERADIAN.)SOLID_ANGLE_UNIT());
#6608=AXIS2_PLACEMENT_3D('',#6605,#6606,#6607);
#6612=PRODUCT_DEFINITION('design','',#6611,#6576);
#6613=SHAPE_DEFINITION_REPRESENTATION(#6614,#6615);
#6614=PRODUCT_DEFINITION_SHAPE('',
'SHAPE FOR PCBMODEL_1_2_3_4_5_6_7_8_9_1_26_ASM.',#6645);
#6615=SHAPE_REPRESENTATION('',(#6626,#6621,#6640),#6636);
#6616=NEXT_ASSEMBLY_USAGE_OCCURRENCE('283','Next assembly relationship',
'B5A273F33FA249AE91F48AE8B7AA079',#6645,#6612,$);
#6617=PRODUCT_DEFINITION_SHAPE('Placement #283',
'Placement of B5A273F33FA249AE91F48AE8B7AA079_ASM with respect to PCBMODEL_1_2_3_4_5_6_7_8_9_1_26_ASM',#6616);
#6626=AXIS2_PLACEMENT_3D('',#6623,#6624,#6625);
#6629=(LENGTH_UNIT()NAMED_UNIT(*)SI_UNIT(.MILLI.,.METRE.));
#6631=(NAMED_UNIT(*)PLANE_ANGLE_UNIT()SI_UNIT($,.RADIAN.));
#6634=(NAMED_UNIT(*)SI_UNIT($,.STERADIAN.)SOLID_ANGLE_UNIT());
#6640=AXIS2_PLACEMENT_3D('',#6637,#6638,#6639);
#6645=PRODUCT_DEFINITION('design','',#6644,#6641);
#6646=SHAPE_DEFINITION_REPRESENTATION(#6647,#6648);
#6647=PRODUCT_DEFINITION_SHAPE('','SHAPE FOR C692484_ASM.',#6673);
#6648=SHAPE_REPRESENTATION('',(#6654,#6669),#6665);
#6649=NEXT_ASSEMBLY_USAGE_OCCURRENCE('284','Next assembly relationship',
'PCBMODEL_1_2_3_4_5_6_7_8_9_1_26',#6673,#6645,$);
#6650=PRODUCT_DEFINITION_SHAPE('Placement #284',
'Placement of PCBMODEL_1_2_3_4_5_6_7_8_9_1_26_ASM with respect to C692484_ASM',
#6649);
#6658=(LENGTH_UNIT()NAMED_UNIT(*)SI_UNIT(.MILLI.,.METRE.));
#6660=(NAMED_UNIT(*)PLANE_ANGLE_UNIT()SI_UNIT($,.RADIAN.));
#6663=(NAMED_UNIT(*)SI_UNIT($,.STERADIAN.)SOLID_ANGLE_UNIT());
#6669=AXIS2_PLACEMENT_3D('',#6666,#6667,#6668);
#6673=PRODUCT_DEFINITION('design','',#6672,#6641);
ENDSEC;
END-ISO-10303-21;
